House,Date,Electricity_Consumption_kWh,Average_Load_kW,Peak_Load_kW,City,Owner/Rented,No. of people (Temp+Perm),No. of Permanent residents,No. of Children (0-13),No. of Adults (14-60),No. of Seniors (above 60),No. of temporary residents,Property Area (Marla),Covered Area,No of Floors,Floor of Residency,Build year of house,Wapda Connection type,Average Ceiling Height ft,Ceiling Type,Roof Type,Flooring Type,Interior Wall,Exterior Wall,No. of rooms,Room Dimensions,Kitchen,Number of Washrooms,Number of Stores,Doors Type,Air Conditioners,Air Coolers,Refrigerators,Washing Machines,LED Bulbs,Tube Lights,Celling Fans,Wall Fans,Stand Fans,Water Dispensers,Water Pumps,Electric Cooker,Electric heaters,Electric Irons,Sewing Machine,Microwave Ovens,Geysers,UPS,Other Electronic Devices,Temperature_Avg_C,Temperature_Min_C,Temperature_Max_C,Humidity_Avg_pct,Dew_Avg,Precipitation_mm,WindSpeed_Avg,Pressure_Avg,SolarRadiation_Avg,SolarEnergy_Sum,UVIndex_Avg,Year,Month,Day,Day_of_Week,Day_of_Year,Is_Weekend,Month_Sin,Month_Cos,lag_1_kWh,lag_7_kWh,rolling_7_kWh
House#41,2023-11-08,0.008333333333333333,0.5,0.5,Islamabad,Owner,6.0,6.0,2.0,4.0,0.0,0.0,4.5,4.5,2,Whole,2014.0,1 phase,12.0,Cemented,Cemented,Marble,Painted,Painted,5.0,12*13,1.0,4.0,0.0,Wooden,2.0,0,1.0,1,20.0,0,5.0,2.0,0,1.0,1.0,0.0,0.0,1.0,0.0,1.0,0.0,0.0,0,18.6375,12.7,25.2,60.81666666666666,10.416666666666666,0.0,3.8958333333333335,1015.3041666666667,149.06666666666666,12.8,1.5,2023,11,8,2,312,0,-0.5000000000000004,0.8660254037844384,0.0095,0.0105,0.009428571428571429
House#41,2023-11-09,0.008833333333333334,0.53,0.53,Islamabad,Owner,6.0,6.0,2.0,4.0,0.0,0.0,4.5,4.5,2,Whole,2014.0,1 phase,12.0,Cemented,Cemented,Marble,Painted,Painted,5.0,12*13,1.0,4.0,0.0,Wooden,2.0,0,1.0,1,20.0,0,5.0,2.0,0,1.0,1.0,0.0,0.0,1.0,0.0,1.0,0.0,0.0,0,18.254166666666666,12.6,24.7,67.54625,11.7125,58.06,6.4875,1015.1708333333332,129.75416666666666,11.1,1.2916666666666667,2023,11,9,3,313,0,-0.5000000000000004,0.8660254037844384,0.008333333333333333,0.0085,0.009119047619047619
House#41,2023-11-10,0.018666666666666668,1.12,1.12,Islamabad,Owner,6.0,6.0,2.0,4.0,0.0,0.0,4.5,4.5,2,Whole,2014.0,1 phase,12.0,Cemented,Cemented,Marble,Painted,Painted,5.0,12*13,1.0,4.0,0.0,Wooden,2.0,0,1.0,1,20.0,0,5.0,2.0,0,1.0,1.0,0.0,0.0,1.0,0.0,1.0,0.0,0.0,0,15.058333333333332,10.3,18.4,80.6675,11.608333333333334,21.811,8.233333333333333,1018.7958333333332,61.862500000000004,5.2,0.625,2023,11,10,4,314,0,-0.5000000000000004,0.8660254037844384,0.008833333333333334,0.0105,0.009166666666666667
House#41,2023-11-11,0.013166666666666667,0.79,0.79,Islamabad,Owner,6.0,6.0,2.0,4.0,0.0,0.0,4.5,4.5,2,Whole,2014.0,1 phase,12.0,Cemented,Cemented,Marble,Painted,Painted,5.0,12*13,1.0,4.0,0.0,Wooden,2.0,0,1.0,1,20.0,0,5.0,2.0,0,1.0,1.0,0.0,0.0,1.0,0.0,1.0,0.0,0.0,0,15.387500000000001,10.8,20.6,77.3525,11.145833333333334,0.0,6.179166666666667,1020.1541666666667,171.26250000000002,14.9,1.7083333333333333,2023,11,11,5,315,1,-0.5000000000000004,0.8660254037844384,0.018666666666666668,0.010166666666666666,0.010333333333333333
House#41,2023-11-12,0.013333333333333334,0.8,0.8,Islamabad,Owner,6.0,6.0,2.0,4.0,0.0,0.0,4.5,4.5,2,Whole,2014.0,1 phase,12.0,Cemented,Cemented,Marble,Painted,Painted,5.0,12*13,1.0,4.0,0.0,Wooden,2.0,0,1.0,1,20.0,0,5.0,2.0,0,1.0,1.0,0.0,0.0,1.0,0.0,1.0,0.0,0.0,0,16.045833333333334,11.8,22.4,73.41250000000001,10.858333333333334,0.0,4.654166666666667,1019.5541666666667,164.86666666666665,14.1,1.625,2023,11,12,6,316,1,-0.5000000000000004,0.8660254037844384,0.013166666666666667,0.008333333333333333,0.010761904761904762
House#41,2023-11-13,0.011166666666666667,0.67,0.67,Islamabad,Owner,6.0,6.0,2.0,4.0,0.0,0.0,4.5,4.5,2,Whole,2014.0,1 phase,12.0,Cemented,Cemented,Marble,Painted,Painted,5.0,12*13,1.0,4.0,0.0,Wooden,2.0,0,1.0,1,20.0,0,5.0,2.0,0,1.0,1.0,0.0,0.0,1.0,0.0,1.0,0.0,0.0,0,16.0625,9.8,22.7,69.49416666666666,10.045833333333333,0.0,3.654166666666667,1019.1333333333333,163.975,14.3,1.5833333333333333,2023,11,13,0,317,0,-0.5000000000000004,0.8660254037844384,0.013333333333333334,0.0085,0.011476190476190477
House#41,2023-11-14,0.012166666666666666,0.73,0.73,Islamabad,Owner,6.0,6.0,2.0,4.0,0.0,0.0,4.5,4.5,2,Whole,2014.0,1 phase,12.0,Cemented,Cemented,Marble,Painted,Painted,5.0,12*13,1.0,4.0,0.0,Wooden,2.0,0,1.0,1,20.0,0,5.0,2.0,0,1.0,1.0,0.0,0.0,1.0,0.0,1.0,0.0,0.0,0,16.716666666666665,12.3,23.6,71.39999999999999,11.041666666666666,0.0,4.6125,1019.2416666666667,163.24166666666667,14.2,1.5833333333333333,2023,11,14,1,318,0,-0.5000000000000004,0.8660254037844384,0.011166666666666667,0.0095,0.011857142857142856
House#41,2023-11-15,0.010333333333333333,0.62,0.62,Islamabad,Owner,6.0,6.0,2.0,4.0,0.0,0.0,4.5,4.5,2,Whole,2014.0,1 phase,12.0,Cemented,Cemented,Marble,Painted,Painted,5.0,12*13,1.0,4.0,0.0,Wooden,2.0,0,1.0,1,20.0,0,5.0,2.0,0,1.0,1.0,0.0,0.0,1.0,0.0,1.0,0.0,0.0,0,16.95,11.9,25.0,66.33333333333333,9.770833333333334,0.0,5.208333333333333,1018.5749999999999,165.24583333333334,14.4,1.625,2023,11,15,2,319,0,-0.5000000000000004,0.8660254037844384,0.012166666666666666,0.008333333333333333,0.012238095238095239
House#41,2023-11-16,0.010833333333333334,0.65,0.65,Islamabad,Owner,6.0,6.0,2.0,4.0,0.0,0.0,4.5,4.5,2,Whole,2014.0,1 phase,12.0,Cemented,Cemented,Marble,Painted,Painted,5.0,12*13,1.0,4.0,0.0,Wooden,2.0,0,1.0,1,20.0,0,5.0,2.0,0,1.0,1.0,0.0,0.0,1.0,0.0,1.0,0.0,0.0,0,16.566666666666666,11.5,24.0,63.30583333333333,8.9375,0.0,3.5583333333333336,1019.6916666666666,162.4,14.100000000000001,1.625,2023,11,16,3,320,0,-0.5000000000000004,0.8660254037844384,0.010333333333333333,0.008833333333333334,0.012523809523809524
House#41,2023-11-17,0.0,0.0,0.0,Islamabad,Owner,6.0,6.0,2.0,4.0,0.0,0.0,4.5,4.5,2,Whole,2014.0,1 phase,12.0,Cemented,Cemented,Marble,Painted,Painted,5.0,12*13,1.0,4.0,0.0,Wooden,2.0,0,1.0,1,20.0,0,5.0,2.0,0,1.0,1.0,0.0,0.0,1.0,0.0,1.0,0.0,0.0,0,16.358333333333334,11.5,24.3,62.760416666666664,8.483333333333333,0.0,4.708333333333333,1020.0583333333334,159.90833333333333,13.8,1.5833333333333333,2023,11,17,4,321,0,-0.5000000000000004,0.8660254037844384,0.010833333333333334,0.018666666666666668,0.01280952380952381
House#41,2023-11-18,0.01,0.6,0.6,Islamabad,Owner,6.0,6.0,2.0,4.0,0.0,0.0,4.5,4.5,2,Whole,2014.0,1 phase,12.0,Cemented,Cemented,Marble,Painted,Painted,5.0,12*13,1.0,4.0,0.0,Wooden,2.0,0,1.0,1,20.0,0,5.0,2.0,0,1.0,1.0,0.0,0.0,1.0,0.0,1.0,0.0,0.0,0,15.454166666666666,9.7,21.4,63.16166666666667,7.925,0.0,3.3000000000000003,1017.4833333333332,114.97500000000001,10.0,1.1666666666666667,2023,11,18,5,322,1,-0.5000000000000004,0.8660254037844384,0.0,0.013166666666666667,0.010142857142857144
House#41,2023-11-19,0.0,0.0,0.0,Islamabad,Owner,6.0,6.0,2.0,4.0,0.0,0.0,4.5,4.5,2,Whole,2014.0,1 phase,12.0,Cemented,Cemented,Marble,Painted,Painted,5.0,12*13,1.0,4.0,0.0,Wooden,2.0,0,1.0,1,20.0,0,5.0,2.0,0,1.0,1.0,0.0,0.0,1.0,0.0,1.0,0.0,0.0,0,15.891666666666666,11.1,23.3,63.33208333333334,8.325000000000001,0.0,3.7541666666666664,1018.6041666666666,135.27083333333334,11.7,1.3333333333333333,2023,11,19,6,323,1,-0.5000000000000004,0.8660254037844384,0.01,0.013333333333333334,0.00969047619047619
House#41,2023-11-20,0.0,0.0,0.0,Islamabad,Owner,6.0,6.0,2.0,4.0,0.0,0.0,4.5,4.5,2,Whole,2014.0,1 phase,12.0,Cemented,Cemented,Marble,Painted,Painted,5.0,12*13,1.0,4.0,0.0,Wooden,2.0,0,1.0,1,20.0,0,5.0,2.0,0,1.0,1.0,0.0,0.0,1.0,0.0,1.0,0.0,0.0,0,15.083333333333334,11.0,22.3,68.49041666666666,8.9375,0.0,5.041666666666667,1019.1291666666666,147.11666666666667,12.6,1.4583333333333333,2023,11,20,0,324,0,-0.5000000000000004,0.8660254037844384,0.0,0.011166666666666667,0.007785714285714286
House#41,2023-11-21,0.0115,0.69,0.69,Islamabad,Owner,6.0,6.0,2.0,4.0,0.0,0.0,4.5,4.5,2,Whole,2014.0,1 phase,12.0,Cemented,Cemented,Marble,Painted,Painted,5.0,12*13,1.0,4.0,0.0,Wooden,2.0,0,1.0,1,20.0,0,5.0,2.0,0,1.0,1.0,0.0,0.0,1.0,0.0,1.0,0.0,0.0,0,14.975,6.6,22.9,66.57916666666667,8.129166666666666,0.0,5.558333333333334,1017.9,151.85416666666666,13.200000000000001,1.5,2023,11,21,1,325,0,-0.5000000000000004,0.8660254037844384,0.0,0.012166666666666666,0.006190476190476191
House#41,2023-11-22,0.0,0.0,0.0,Islamabad,Owner,6.0,6.0,2.0,4.0,0.0,0.0,4.5,4.5,2,Whole,2014.0,1 phase,12.0,Cemented,Cemented,Marble,Painted,Painted,5.0,12*13,1.0,4.0,0.0,Wooden,2.0,0,1.0,1,20.0,0,5.0,2.0,0,1.0,1.0,0.0,0.0,1.0,0.0,1.0,0.0,0.0,0,15.308333333333332,9.6,22.6,64.60166666666667,7.9750000000000005,0.0,5.129166666666667,1014.3000000000001,148.65833333333333,13.0,1.4583333333333333,2023,11,22,2,326,0,-0.5000000000000004,0.8660254037844384,0.0115,0.010333333333333333,0.006095238095238095
House#41,2023-11-23,0.012333333333333333,0.74,0.74,Islamabad,Owner,6.0,6.0,2.0,4.0,0.0,0.0,4.5,4.5,2,Whole,2014.0,1 phase,12.0,Cemented,Cemented,Marble,Painted,Painted,5.0,12*13,1.0,4.0,0.0,Wooden,2.0,0,1.0,1,20.0,0,5.0,2.0,0,1.0,1.0,0.0,0.0,1.0,0.0,1.0,0.0,0.0,0,14.641666666666666,10.4,20.2,71.35333333333334,9.25,0.0,4.3875,1015.0291666666667,135.85416666666666,11.7,1.375,2023,11,23,3,327,0,-0.5000000000000004,0.8660254037844384,0.0,0.010833333333333334,0.004619047619047619
House#41,2023-11-24,0.025,1.5,1.5,Islamabad,Owner,6.0,6.0,2.0,4.0,0.0,0.0,4.5,4.5,2,Whole,2014.0,1 phase,12.0,Cemented,Cemented,Marble,Painted,Painted,5.0,12*13,1.0,4.0,0.0,Wooden,2.0,0,1.0,1,20.0,0,5.0,2.0,0,1.0,1.0,0.0,0.0,1.0,0.0,1.0,0.0,0.0,0,15.195833333333333,10.4,23.0,69.36916666666666,9.0625,0.0,5.379166666666666,1018.3458333333333,140.75833333333333,12.0,1.375,2023,11,24,4,328,0,-0.5000000000000004,0.8660254037844384,0.012333333333333333,0.0,0.004833333333333334
House#41,2023-11-25,0.02,1.2,1.2,Islamabad,Owner,6.0,6.0,2.0,4.0,0.0,0.0,4.5,4.5,2,Whole,2014.0,1 phase,12.0,Cemented,Cemented,Marble,Painted,Painted,5.0,12*13,1.0,4.0,0.0,Wooden,2.0,0,1.0,1,20.0,0,5.0,2.0,0,1.0,1.0,0.0,0.0,1.0,0.0,1.0,0.0,0.0,0,14.620833333333332,5.4,22.8,63.56041666666667,7.191666666666666,0.0,3.8375,1018.1125000000001,124.05,10.6,1.2916666666666667,2023,11,25,5,329,1,-0.5000000000000004,0.8660254037844384,0.025,0.01,0.008404761904761904
House#41,2023-11-26,0.015166666666666667,0.91,0.91,Islamabad,Owner,6.0,6.0,2.0,4.0,0.0,0.0,4.5,4.5,2,Whole,2014.0,1 phase,12.0,Cemented,Cemented,Marble,Painted,Painted,5.0,12*13,1.0,4.0,0.0,Wooden,2.0,0,1.0,1,20.0,0,5.0,2.0,0,1.0,1.0,0.0,0.0,1.0,0.0,1.0,0.0,0.0,0,15.116666666666667,11.3,21.3,64.24708333333334,8.045833333333333,0.0,2.8791666666666664,1019.6,105.80416666666667,9.1,1.0833333333333333,2023,11,26,6,330,1,-0.5000000000000004,0.8660254037844384,0.02,0.0,0.009833333333333333
House#41,2023-11-27,0.014833333333333334,0.89,0.89,Islamabad,Owner,6.0,6.0,2.0,4.0,0.0,0.0,4.5,4.5,2,Whole,2014.0,1 phase,12.0,Cemented,Cemented,Marble,Painted,Painted,5.0,12*13,1.0,4.0,0.0,Wooden,2.0,0,1.0,1,20.0,0,5.0,2.0,0,1.0,1.0,0.0,0.0,1.0,0.0,1.0,0.0,0.0,0,15.370833333333332,9.7,21.4,64.75708333333334,8.445833333333335,0.0,4.720833333333333,1017.7833333333333,96.74166666666667,8.4,0.9583333333333334,2023,11,27,0,331,0,-0.5000000000000004,0.8660254037844384,0.015166666666666667,0.0,0.012
House#41,2023-11-28,0.015500000000000002,0.93,0.93,Islamabad,Owner,6.0,6.0,2.0,4.0,0.0,0.0,4.5,4.5,2,Whole,2014.0,1 phase,12.0,Cemented,Cemented,Marble,Painted,Painted,5.0,12*13,1.0,4.0,0.0,Wooden,2.0,0,1.0,1,20.0,0,5.0,2.0,0,1.0,1.0,0.0,0.0,1.0,0.0,1.0,0.0,0.0,0,16.416666666666668,11.5,24.3,63.82541666666666,9.020833333333334,0.0,5.570833333333334,1017.1708333333332,140.73749999999998,12.2,1.4166666666666667,2023,11,28,1,332,0,-0.5000000000000004,0.8660254037844384,0.014833333333333334,0.0115,0.014119047619047618
House#41,2023-11-29,0.016,0.96,0.96,Islamabad,Owner,6.0,6.0,2.0,4.0,0.0,0.0,4.5,4.5,2,Whole,2014.0,1 phase,12.0,Cemented,Cemented,Marble,Painted,Painted,5.0,12*13,1.0,4.0,0.0,Wooden,2.0,0,1.0,1,20.0,0,5.0,2.0,0,1.0,1.0,0.0,0.0,1.0,0.0,1.0,0.0,0.0,0,15.791666666666666,11.0,22.1,64.8575,8.866666666666665,0.7,3.983333333333333,1016.7041666666668,118.14999999999999,10.3,1.1666666666666667,2023,11,29,2,333,0,-0.5000000000000004,0.8660254037844384,0.015500000000000002,0.0,0.01469047619047619
House#41,2023-11-30,0.015666666666666666,0.94,0.94,Islamabad,Owner,6.0,6.0,2.0,4.0,0.0,0.0,4.5,4.5,2,Whole,2014.0,1 phase,12.0,Cemented,Cemented,Marble,Painted,Painted,5.0,12*13,1.0,4.0,0.0,Wooden,2.0,0,1.0,1,20.0,0,5.0,2.0,0,1.0,1.0,0.0,0.0,1.0,0.0,1.0,0.0,0.0,0,15.066666666666668,12.7,18.3,75.46666666666667,10.620833333333334,2.854,8.025,1018.5833333333334,76.4375,6.6000000000000005,0.8333333333333334,2023,11,30,3,334,0,-0.5000000000000004,0.8660254037844384,0.016,0.012333333333333333,0.016976190476190478
House#41,2023-12-01,0.020666666666666667,1.24,1.24,Islamabad,Owner,6.0,6.0,2.0,4.0,0.0,0.0,4.5,4.5,2,Whole,2014.0,1 phase,12.0,Cemented,Cemented,Marble,Painted,Painted,5.0,12*13,1.0,4.0,0.0,Wooden,2.0,0,1.0,1,20.0,0,5.0,2.0,0,1.0,1.0,0.0,0.0,1.0,0.0,1.0,0.0,0.0,0,14.65,9.2,21.1,71.05708333333332,9.145833333333334,0.046,8.308333333333334,1020.1125000000001,136.86666666666667,11.7,1.3333333333333333,2023,12,1,4,335,0,-2.4492935982947064e-16,1.0,0.015666666666666666,0.025,0.017452380952380952
House#41,2023-12-02,0.02,1.2,1.2,Islamabad,Owner,6.0,6.0,2.0,4.0,0.0,0.0,4.5,4.5,2,Whole,2014.0,1 phase,12.0,Cemented,Cemented,Marble,Painted,Painted,5.0,12*13,1.0,4.0,0.0,Wooden,2.0,0,1.0,1,20.0,0,5.0,2.0,0,1.0,1.0,0.0,0.0,1.0,0.0,1.0,0.0,0.0,0,14.929166666666667,5.0,22.2,67.76916666666666,8.520833333333334,0.0,6.379166666666666,1019.2624999999999,139.12083333333334,11.9,1.4166666666666667,2023,12,2,5,336,1,-2.4492935982947064e-16,1.0,0.020666666666666667,0.02,0.016833333333333336
House#41,2023-12-03,0.0,0.0,0.0,Islamabad,Owner,6.0,6.0,2.0,4.0,0.0,0.0,4.5,4.5,2,Whole,2014.0,1 phase,12.0,Cemented,Cemented,Marble,Painted,Painted,5.0,12*13,1.0,4.0,0.0,Wooden,2.0,0,1.0,1,20.0,0,5.0,2.0,0,1.0,1.0,0.0,0.0,1.0,0.0,1.0,0.0,0.0,0,14.375,10.0,20.9,66.56375,7.820833333333333,0.0,4.575,1018.8916666666668,119.1125,10.5,1.2083333333333333,2023,12,3,6,337,1,-2.4492935982947064e-16,1.0,0.02,0.015166666666666667,0.016833333333333336
House#41,2023-12-04,0.0,0.0,0.0,Islamabad,Owner,6.0,6.0,2.0,4.0,0.0,0.0,4.5,4.5,2,Whole,2014.0,1 phase,12.0,Cemented,Cemented,Marble,Painted,Painted,5.0,12*13,1.0,4.0,0.0,Wooden,2.0,0,1.0,1,20.0,0,5.0,2.0,0,1.0,1.0,0.0,0.0,1.0,0.0,1.0,0.0,0.0,0,13.904166666666667,8.9,21.0,66.43041666666666,7.108333333333333,0.0,5.075,1018.2458333333334,139.56666666666666,12.1,1.4166666666666667,2023,12,4,0,338,0,-2.4492935982947064e-16,1.0,0.0,0.014833333333333334,0.014666666666666665
House#41,2023-12-05,0.01883333333333333,1.13,1.13,Islamabad,Owner,6.0,6.0,2.0,4.0,0.0,0.0,4.5,4.5,2,Whole,2014.0,1 phase,12.0,Cemented,Cemented,Marble,Painted,Painted,5.0,12*13,1.0,4.0,0.0,Wooden,2.0,0,1.0,1,20.0,0,5.0,2.0,0,1.0,1.0,0.0,0.0,1.0,0.0,1.0,0.0,0.0,0,12.9375,4.6,20.3,67.145,6.420833333333333,0.0,4.125,1017.9291666666667,140.525,12.1,1.4166666666666667,2023,12,5,1,339,0,-2.4492935982947064e-16,1.0,0.0,0.015500000000000002,0.012547619047619049
House#41,2023-12-06,0.0,0.0,0.0,Islamabad,Owner,6.0,6.0,2.0,4.0,0.0,0.0,4.5,4.5,2,Whole,2014.0,1 phase,12.0,Cemented,Cemented,Marble,Painted,Painted,5.0,12*13,1.0,4.0,0.0,Wooden,2.0,0,1.0,1,20.0,0,5.0,2.0,0,1.0,1.0,0.0,0.0,1.0,0.0,1.0,0.0,0.0,0,12.641666666666666,5.1,20.6,67.99916666666667,6.25,0.0,4.420833333333333,1018.3041666666667,139.475,12.0,1.4166666666666667,2023,12,6,2,340,0,-2.4492935982947064e-16,1.0,0.01883333333333333,0.016,0.013023809523809523
House#41,2023-12-07,0.018500000000000003,1.11,1.11,Islamabad,Owner,6.0,6.0,2.0,4.0,0.0,0.0,4.5,4.5,2,Whole,2014.0,1 phase,12.0,Cemented,Cemented,Marble,Painted,Painted,5.0,12*13,1.0,4.0,0.0,Wooden,2.0,0,1.0,1,20.0,0,5.0,2.0,0,1.0,1.0,0.0,0.0,1.0,0.0,1.0,0.0,0.0,0,13.375,8.0,21.6,62.38833333333333,5.479166666666667,0.0,4.9125,1017.3583333333332,138.26250000000002,11.8,1.4166666666666667,2023,12,7,3,341,0,-2.4492935982947064e-16,1.0,0.0,0.015666666666666666,0.010738095238095238
House#41,2023-12-08,0.019666666666666666,1.18,1.18,Islamabad,Owner,6.0,6.0,2.0,4.0,0.0,0.0,4.5,4.5,2,Whole,2014.0,1 phase,12.0,Cemented,Cemented,Marble,Painted,Painted,5.0,12*13,1.0,4.0,0.0,Wooden,2.0,0,1.0,1,20.0,0,5.0,2.0,0,1.0,1.0,0.0,0.0,1.0,0.0,1.0,0.0,0.0,0,12.487499999999999,5.2,20.3,60.88291666666667,4.5375000000000005,0.0,3.5583333333333336,1016.3000000000001,131.90833333333333,11.6,1.3333333333333333,2023,12,8,4,342,0,-2.4492935982947064e-16,1.0,0.018500000000000003,0.020666666666666667,0.011142857142857144
House#41,2023-12-09,0.0,0.0,0.0,Islamabad,Owner,6.0,6.0,2.0,4.0,0.0,0.0,4.5,4.5,2,Whole,2014.0,1 phase,12.0,Cemented,Cemented,Marble,Painted,Painted,5.0,12*13,1.0,4.0,0.0,Wooden,2.0,0,1.0,1,20.0,0,5.0,2.0,0,1.0,1.0,0.0,0.0,1.0,0.0,1.0,0.0,0.0,0,12.454166666666666,7.6,19.8,64.35583333333334,5.358333333333333,0.0,4.75,1017.725,134.87916666666666,11.6,1.375,2023,12,9,5,343,1,-2.4492935982947064e-16,1.0,0.019666666666666666,0.02,0.011
House#41,2023-12-10,0.0,0.0,0.0,Islamabad,Owner,6.0,6.0,2.0,4.0,0.0,0.0,4.5,4.5,2,Whole,2014.0,1 phase,12.0,Cemented,Cemented,Marble,Painted,Painted,5.0,12*13,1.0,4.0,0.0,Wooden,2.0,0,1.0,1,20.0,0,5.0,2.0,0,1.0,1.0,0.0,0.0,1.0,0.0,1.0,0.0,0.0,0,12.033333333333333,6.6,19.0,62.03666666666667,4.320833333333334,0.0,6.391666666666667,1015.4041666666667,135.94166666666666,11.9,1.375,2023,12,10,6,344,1,-2.4492935982947064e-16,1.0,0.0,0.0,0.008142857142857143
House#41,2023-12-11,0.0011666666666666668,0.07,0.07,Islamabad,Owner,6.0,6.0,2.0,4.0,0.0,0.0,4.5,4.5,2,Whole,2014.0,1 phase,12.0,Cemented,Cemented,Marble,Painted,Painted,5.0,12*13,1.0,4.0,0.0,Wooden,2.0,0,1.0,1,20.0,0,5.0,2.0,0,1.0,1.0,0.0,0.0,1.0,0.0,1.0,0.0,0.0,0,11.612499999999999,6.9,18.7,63.64625,4.391666666666667,0.0,4.8125,1015.625,132.14583333333334,11.5,1.3333333333333333,2023,12,11,0,345,0,-2.4492935982947064e-16,1.0,0.0,0.0,0.008142857142857143
House#41,2023-12-12,0.006666666666666667,0.4,0.4,Islamabad,Owner,6.0,6.0,2.0,4.0,0.0,0.0,4.5,4.5,2,Whole,2014.0,1 phase,12.0,Cemented,Cemented,Marble,Painted,Painted,5.0,12*13,1.0,4.0,0.0,Wooden,2.0,0,1.0,1,20.0,0,5.0,2.0,0,1.0,1.0,0.0,0.0,1.0,0.0,1.0,0.0,0.0,0,11.779166666666667,7.1,18.2,69.12833333333333,5.866666666666667,0.0,2.9916666666666667,1015.9291666666667,128.65,11.1,1.3333333333333333,2023,12,12,1,346,0,-2.4492935982947064e-16,1.0,0.0011666666666666668,0.01883333333333333,0.00830952380952381
House#41,2023-12-13,0.0008333333333333334,0.05,0.05,Islamabad,Owner,6.0,6.0,2.0,4.0,0.0,0.0,4.5,4.5,2,Whole,2014.0,1 phase,12.0,Cemented,Cemented,Marble,Painted,Painted,5.0,12*13,1.0,4.0,0.0,Wooden,2.0,0,1.0,1,20.0,0,5.0,2.0,0,1.0,1.0,0.0,0.0,1.0,0.0,1.0,0.0,0.0,0,11.404166666666667,6.6,18.4,69.105,5.358333333333333,0.0,4.766666666666667,1018.2458333333334,129.22083333333333,11.1,1.2916666666666667,2023,12,13,2,347,0,-2.4492935982947064e-16,1.0,0.006666666666666667,0.0,0.006571428571428571
House#41,2023-12-14,0.0,0.0,0.0,Islamabad,Owner,6.0,6.0,2.0,4.0,0.0,0.0,4.5,4.5,2,Whole,2014.0,1 phase,12.0,Cemented,Cemented,Marble,Painted,Painted,5.0,12*13,1.0,4.0,0.0,Wooden,2.0,0,1.0,1,20.0,0,5.0,2.0,0,1.0,1.0,0.0,0.0,1.0,0.0,1.0,0.0,0.0,0,10.820833333333333,5.9,18.5,66.46208333333333,4.166666666666667,0.0,5.079166666666667,1018.4416666666666,123.425,10.6,1.2083333333333333,2023,12,14,3,348,0,-2.4492935982947064e-16,1.0,0.0008333333333333334,0.018500000000000003,0.00669047619047619
House#41,2023-12-15,0.0055000000000000005,0.33,0.33,Islamabad,Owner,6.0,6.0,2.0,4.0,0.0,0.0,4.5,4.5,2,Whole,2014.0,1 phase,12.0,Cemented,Cemented,Marble,Painted,Painted,5.0,12*13,1.0,4.0,0.0,Wooden,2.0,0,1.0,1,20.0,0,5.0,2.0,0,1.0,1.0,0.0,0.0,1.0,0.0,1.0,0.0,0.0,0,10.779166666666667,5.6,18.8,65.84916666666668,4.008333333333334,0.0,4.179166666666666,1019.3958333333334,129.0,11.1,1.3333333333333333,2023,12,15,4,349,0,-2.4492935982947064e-16,1.0,0.0,0.019666666666666666,0.004047619047619047
House#41,2023-12-16,0.001,0.06,0.06,Islamabad,Owner,6.0,6.0,2.0,4.0,0.0,0.0,4.5,4.5,2,Whole,2014.0,1 phase,12.0,Cemented,Cemented,Marble,Painted,Painted,5.0,12*13,1.0,4.0,0.0,Wooden,2.0,0,1.0,1,20.0,0,5.0,2.0,0,1.0,1.0,0.0,0.0,1.0,0.0,1.0,0.0,0.0,0,10.654166666666667,6.7,15.6,69.50333333333333,4.9750000000000005,0.056,3.2916666666666665,1018.4125,94.73333333333333,8.1,0.9583333333333334,2023,12,16,5,350,1,-2.4492935982947064e-16,1.0,0.0055000000000000005,0.0,0.002023809523809524
House#41,2023-12-17,0.0,0.0,0.0,Islamabad,Owner,6.0,6.0,2.0,4.0,0.0,0.0,4.5,4.5,2,Whole,2014.0,1 phase,12.0,Cemented,Cemented,Marble,Painted,Painted,5.0,12*13,1.0,4.0,0.0,Wooden,2.0,0,1.0,1,20.0,0,5.0,2.0,0,1.0,1.0,0.0,0.0,1.0,0.0,1.0,0.0,0.0,0,11.004166666666668,6.9,18.0,71.11,5.574999999999999,0.0,6.966666666666666,1020.2333333333332,126.50833333333333,11.0,1.25,2023,12,17,6,351,1,-2.4492935982947064e-16,1.0,0.001,0.0,0.002166666666666667
House#41,2023-12-18,0.005166666666666667,0.31,0.31,Islamabad,Owner,6.0,6.0,2.0,4.0,0.0,0.0,4.5,4.5,2,Whole,2014.0,1 phase,12.0,Cemented,Cemented,Marble,Painted,Painted,5.0,12*13,1.0,4.0,0.0,Wooden,2.0,0,1.0,1,20.0,0,5.0,2.0,0,1.0,1.0,0.0,0.0,1.0,0.0,1.0,0.0,0.0,0,11.229166666666666,2.4,19.7,66.57708333333333,4.458333333333333,0.0,7.316666666666666,1021.3708333333334,133.23333333333332,11.4,1.3333333333333333,2023,12,18,0,352,0,-2.4492935982947064e-16,1.0,0.0,0.0011666666666666668,0.002166666666666667
House#41,2023-12-19,0.0,0.0,0.0,Islamabad,Owner,6.0,6.0,2.0,4.0,0.0,0.0,4.5,4.5,2,Whole,2014.0,1 phase,12.0,Cemented,Cemented,Marble,Painted,Painted,5.0,12*13,1.0,4.0,0.0,Wooden,2.0,0,1.0,1,20.0,0,5.0,2.0,0,1.0,1.0,0.0,0.0,1.0,0.0,1.0,0.0,0.0,0,11.258333333333333,5.0,20.5,61.213750000000005,3.091666666666667,0.0,6.154166666666668,1020.7916666666666,136.25833333333333,11.6,1.4166666666666667,2023,12,19,1,353,0,-2.4492935982947064e-16,1.0,0.005166666666666667,0.006666666666666667,0.0027380952380952383
House#41,2023-12-20,0.0,0.0,0.0,Islamabad,Owner,6.0,6.0,2.0,4.0,0.0,0.0,4.5,4.5,2,Whole,2014.0,1 phase,12.0,Cemented,Cemented,Marble,Painted,Painted,5.0,12*13,1.0,4.0,0.0,Wooden,2.0,0,1.0,1,20.0,0,5.0,2.0,0,1.0,1.0,0.0,0.0,1.0,0.0,1.0,0.0,0.0,0,11.6875,3.6,20.3,58.68666666666667,3.225,0.0,5.4375,1019.3125,123.41250000000001,10.6,1.2083333333333333,2023,12,20,2,354,0,-2.4492935982947064e-16,1.0,0.0,0.0008333333333333334,0.0017857142857142859
House#41,2023-12-21,0.009666666666666665,0.58,0.58,Islamabad,Owner,6.0,6.0,2.0,4.0,0.0,0.0,4.5,4.5,2,Whole,2014.0,1 phase,12.0,Cemented,Cemented,Marble,Painted,Painted,5.0,12*13,1.0,4.0,0.0,Wooden,2.0,0,1.0,1,20.0,0,5.0,2.0,0,1.0,1.0,0.0,0.0,1.0,0.0,1.0,0.0,0.0,0,11.737499999999999,6.1,19.9,60.69416666666667,3.6208333333333336,0.0,4.8,1018.3208333333333,132.86249999999998,11.3,1.375,2023,12,21,3,355,0,-2.4492935982947064e-16,1.0,0.0,0.0,0.001666666666666667
House#41,2023-12-22,0.0,0.0,0.0,Islamabad,Owner,6.0,6.0,2.0,4.0,0.0,0.0,4.5,4.5,2,Whole,2014.0,1 phase,12.0,Cemented,Cemented,Marble,Painted,Painted,5.0,12*13,1.0,4.0,0.0,Wooden,2.0,0,1.0,1,20.0,0,5.0,2.0,0,1.0,1.0,0.0,0.0,1.0,0.0,1.0,0.0,0.0,0,11.4625,6.5,17.6,66.05416666666666,4.883333333333334,0.0,4.891666666666667,1018.0666666666666,97.25,8.3,0.9583333333333334,2023,12,22,4,356,0,-2.4492935982947064e-16,1.0,0.009666666666666665,0.0055000000000000005,0.0030476190476190477
House#41,2023-12-23,0.0,0.0,0.0,Islamabad,Owner,6.0,6.0,2.0,4.0,0.0,0.0,4.5,4.5,2,Whole,2014.0,1 phase,12.0,Cemented,Cemented,Marble,Painted,Painted,5.0,12*13,1.0,4.0,0.0,Wooden,2.0,0,1.0,1,20.0,0,5.0,2.0,0,1.0,1.0,0.0,0.0,1.0,0.0,1.0,0.0,0.0,0,14.895833333333334,5.6,22.6,59.105,6.6125,0.883,7.179166666666667,1021.1,127.58749999999999,11.1,1.25,2023,12,23,5,357,1,-2.4492935982947064e-16,1.0,0.0,0.001,0.0022619047619047614
House#41,2023-12-24,0.0,0.0,0.0,Islamabad,Owner,6.0,6.0,2.0,4.0,0.0,0.0,4.5,4.5,2,Whole,2014.0,1 phase,12.0,Cemented,Cemented,Marble,Painted,Painted,5.0,12*13,1.0,4.0,0.0,Wooden,2.0,0,1.0,1,20.0,0,5.0,2.0,0,1.0,1.0,0.0,0.0,1.0,0.0,1.0,0.0,0.0,0,12.5375,8.3,18.8,71.00541666666666,7.1499999999999995,0.0,5.454166666666667,1022.6291666666666,74.5375,6.4,0.7916666666666666,2023,12,24,6,358,1,-2.4492935982947064e-16,1.0,0.0,0.0,0.0021190476190476185
House#41,2023-12-25,0.0,0.0,0.0,Islamabad,Owner,6.0,6.0,2.0,4.0,0.0,0.0,4.5,4.5,2,Whole,2014.0,1 phase,12.0,Cemented,Cemented,Marble,Painted,Painted,5.0,12*13,1.0,4.0,0.0,Wooden,2.0,0,1.0,1,20.0,0,5.0,2.0,0,1.0,1.0,0.0,0.0,1.0,0.0,1.0,0.0,0.0,0,12.758333333333333,7.1,20.3,64.86625,5.866666666666667,0.0,5.566666666666666,1019.375,140.7875,12.0,1.4583333333333333,2023,12,25,0,359,0,-2.4492935982947064e-16,1.0,0.0,0.005166666666666667,0.0021190476190476185
House#41,2023-12-26,0.0,0.0,0.0,Islamabad,Owner,6.0,6.0,2.0,4.0,0.0,0.0,4.5,4.5,2,Whole,2014.0,1 phase,12.0,Cemented,Cemented,Marble,Painted,Painted,5.0,12*13,1.0,4.0,0.0,Wooden,2.0,0,1.0,1,20.0,0,5.0,2.0,0,1.0,1.0,0.0,0.0,1.0,0.0,1.0,0.0,0.0,0,12.733333333333334,6.7,19.6,66.98333333333333,6.3374999999999995,0.0,4.275,1019.3125,139.075,12.0,1.4166666666666667,2023,12,26,1,360,0,-2.4492935982947064e-16,1.0,0.0,0.0,0.0013809523809523805
House#41,2023-12-27,0.010166666666666666,0.61,0.61,Islamabad,Owner,6.0,6.0,2.0,4.0,0.0,0.0,4.5,4.5,2,Whole,2014.0,1 phase,12.0,Cemented,Cemented,Marble,Painted,Painted,5.0,12*13,1.0,4.0,0.0,Wooden,2.0,0,1.0,1,20.0,0,5.0,2.0,0,1.0,1.0,0.0,0.0,1.0,0.0,1.0,0.0,0.0,0,12.658333333333333,7.8,21.5,66.93708333333333,6.033333333333334,0.0,5.704166666666667,1021.6083333333332,129.3375,11.2,1.25,2023,12,27,2,361,0,-2.4492935982947064e-16,1.0,0.0,0.0,0.0013809523809523805
House#41,2023-12-28,0.0,0.0,0.0,Islamabad,Owner,6.0,6.0,2.0,4.0,0.0,0.0,4.5,4.5,2,Whole,2014.0,1 phase,12.0,Cemented,Cemented,Marble,Painted,Painted,5.0,12*13,1.0,4.0,0.0,Wooden,2.0,0,1.0,1,20.0,0,5.0,2.0,0,1.0,1.0,0.0,0.0,1.0,0.0,1.0,0.0,0.0,0,12.341666666666667,7.6,20.3,64.56750000000001,5.304166666666666,0.0,5.983333333333333,1018.6125000000001,138.0,12.0,1.4166666666666667,2023,12,28,3,362,0,-2.4492935982947064e-16,1.0,0.010166666666666666,0.009666666666666665,0.0028333333333333327
House#41,2023-12-29,0.0,0.0,0.0,Islamabad,Owner,6.0,6.0,2.0,4.0,0.0,0.0,4.5,4.5,2,Whole,2014.0,1 phase,12.0,Cemented,Cemented,Marble,Painted,Painted,5.0,12*13,1.0,4.0,0.0,Wooden,2.0,0,1.0,1,20.0,0,5.0,2.0,0,1.0,1.0,0.0,0.0,1.0,0.0,1.0,0.0,0.0,0,11.625,6.8,19.3,69.82958333333333,5.966666666666666,0.0,3.5041666666666664,1020.4250000000001,130.49166666666667,11.4,1.3333333333333333,2023,12,29,4,363,0,-2.4492935982947064e-16,1.0,0.0,0.0,0.0014523809523809522
House#41,2023-12-30,0.0,0.0,0.0,Islamabad,Owner,6.0,6.0,2.0,4.0,0.0,0.0,4.5,4.5,2,Whole,2014.0,1 phase,12.0,Cemented,Cemented,Marble,Painted,Painted,5.0,12*13,1.0,4.0,0.0,Wooden,2.0,0,1.0,1,20.0,0,5.0,2.0,0,1.0,1.0,0.0,0.0,1.0,0.0,1.0,0.0,0.0,0,11.791666666666666,8.6,18.9,72.22041666666667,6.5625,0.0,3.704166666666667,1019.3291666666668,96.77083333333333,8.4,0.9583333333333334,2023,12,30,5,364,1,-2.4492935982947064e-16,1.0,0.0,0.0,0.0014523809523809522
House#41,2023-12-31,0.009166666666666667,0.55,0.55,Islamabad,Owner,6.0,6.0,2.0,4.0,0.0,0.0,4.5,4.5,2,Whole,2014.0,1 phase,12.0,Cemented,Cemented,Marble,Painted,Painted,5.0,12*13,1.0,4.0,0.0,Wooden,2.0,0,1.0,1,20.0,0,5.0,2.0,0,1.0,1.0,0.0,0.0,1.0,0.0,1.0,0.0,0.0,0,11.266666666666666,6.6,18.2,73.35333333333334,6.283333333333334,0.0,3.033333333333333,1018.9583333333334,125.22500000000001,10.8,1.2916666666666667,2023,12,31,6,365,1,-2.4492935982947064e-16,1.0,0.0,0.0,0.0014523809523809522
House#41,2024-01-01,0.01,0.6,0.6,Islamabad,Owner,6.0,6.0,2.0,4.0,0.0,0.0,4.5,4.5,2,Whole,2014.0,1 phase,12.0,Cemented,Cemented,Marble,Painted,Painted,5.0,12*13,1.0,4.0,0.0,Wooden,2.0,0,1.0,1,20.0,0,5.0,2.0,0,1.0,1.0,0.0,0.0,1.0,0.0,1.0,0.0,0.0,0,10.604166666666666,6.5,17.6,73.19625,5.629166666666666,0.0,4.379166666666666,1018.8291666666668,143.63750000000002,12.5,1.5,2024,1,1,0,1,0,0.49999999999999994,0.8660254037844387,0.009166666666666667,0.0,0.002761904761904762
House#41,2024-01-02,0.005166666666666667,0.31,0.31,Islamabad,Owner,6.0,6.0,2.0,4.0,0.0,0.0,4.5,4.5,2,Whole,2014.0,1 phase,12.0,Cemented,Cemented,Marble,Painted,Painted,5.0,12*13,1.0,4.0,0.0,Wooden,2.0,0,1.0,1,20.0,0,5.0,2.0,0,1.0,1.0,0.0,0.0,1.0,0.0,1.0,0.0,0.0,0,9.316666666666666,5.2,15.2,77.34208333333333,5.2875000000000005,0.0,4.55,1018.2791666666667,145.60416666666666,12.6,1.5,2024,1,2,1,2,0,0.49999999999999994,0.8660254037844387,0.01,0.0,0.004190476190476191
House#41,2024-01-03,0.008333333333333333,0.5,0.5,Islamabad,Owner,6.0,6.0,2.0,4.0,0.0,0.0,4.5,4.5,2,Whole,2014.0,1 phase,12.0,Cemented,Cemented,Marble,Painted,Painted,5.0,12*13,1.0,4.0,0.0,Wooden,2.0,0,1.0,1,20.0,0,5.0,2.0,0,1.0,1.0,0.0,0.0,1.0,0.0,1.0,0.0,0.0,0,8.9,5.1,15.2,80.07333333333334,5.4375,0.0,4.058333333333334,1018.9333333333334,134.6625,11.7,1.375,2024,1,3,2,3,0,0.49999999999999994,0.8660254037844387,0.005166666666666667,0.010166666666666666,0.004928571428571429
House#41,2024-01-04,0.0038333333333333336,0.23,0.23,Islamabad,Owner,6.0,6.0,2.0,4.0,0.0,0.0,4.5,4.5,2,Whole,2014.0,1 phase,12.0,Cemented,Cemented,Marble,Painted,Painted,5.0,12*13,1.0,4.0,0.0,Wooden,2.0,0,1.0,1,20.0,0,5.0,2.0,0,1.0,1.0,0.0,0.0,1.0,0.0,1.0,0.0,0.0,0,9.275,3.0,14.6,76.93166666666666,5.183333333333334,0.0,3.4416666666666664,1018.775,133.9375,11.5,1.3333333333333333,2024,1,4,3,4,0,0.49999999999999994,0.8660254037844387,0.008333333333333333,0.0,0.004666666666666667
House#41,2024-01-05,0.009833333333333333,0.59,0.59,Islamabad,Owner,6.0,6.0,2.0,4.0,0.0,0.0,4.5,4.5,2,Whole,2014.0,1 phase,12.0,Cemented,Cemented,Marble,Painted,Painted,5.0,12*13,1.0,4.0,0.0,Wooden,2.0,0,1.0,1,20.0,0,5.0,2.0,0,1.0,1.0,0.0,0.0,1.0,0.0,1.0,0.0,0.0,0,9.583333333333334,5.6,16.0,74.58916666666667,4.8875,0.0,2.6333333333333333,1018.6166666666667,129.41666666666666,11.2,1.3333333333333333,2024,1,5,4,5,0,0.49999999999999994,0.8660254037844387,0.0038333333333333336,0.0,0.005214285714285715
House#41,2024-01-06,0.0,0.0,0.0,Islamabad,Owner,6.0,6.0,2.0,4.0,0.0,0.0,4.5,4.5,2,Whole,2014.0,1 phase,12.0,Cemented,Cemented,Marble,Painted,Painted,5.0,12*13,1.0,4.0,0.0,Wooden,2.0,0,1.0,1,20.0,0,5.0,2.0,0,1.0,1.0,0.0,0.0,1.0,0.0,1.0,0.0,0.0,0,9.054166666666667,3.6,16.2,73.9775,4.241666666666666,0.0,3.454166666666667,1020.2416666666667,130.69166666666666,11.299999999999999,1.3333333333333333,2024,1,6,5,6,1,0.49999999999999994,0.8660254037844387,0.009833333333333333,0.0,0.00661904761904762
House#41,2024-01-07,0.0,0.0,0.0,Islamabad,Owner,6.0,6.0,2.0,4.0,0.0,0.0,4.5,4.5,2,Whole,2014.0,1 phase,12.0,Cemented,Cemented,Marble,Painted,Painted,5.0,12*13,1.0,4.0,0.0,Wooden,2.0,0,1.0,1,20.0,0,5.0,2.0,0,1.0,1.0,0.0,0.0,1.0,0.0,1.0,0.0,0.0,0,8.9375,4.7,16.2,69.67208333333333,3.1791666666666667,0.0,3.0500000000000003,1020.8166666666666,125.25416666666666,10.9,1.25,2024,1,7,6,7,1,0.49999999999999994,0.8660254037844387,0.0,0.009166666666666667,0.00661904761904762
House#41,2024-01-08,0.0,0.0,0.0,Islamabad,Owner,6.0,6.0,2.0,4.0,0.0,0.0,4.5,4.5,2,Whole,2014.0,1 phase,12.0,Cemented,Cemented,Marble,Painted,Painted,5.0,12*13,1.0,4.0,0.0,Wooden,2.0,0,1.0,1,20.0,0,5.0,2.0,0,1.0,1.0,0.0,0.0,1.0,0.0,1.0,0.0,0.0,0,9.125,4.3,17.1,70.01291666666667,3.3625000000000003,0.1,3.6750000000000003,1020.475,131.225,11.299999999999999,1.2916666666666667,2024,1,8,0,8,0,0.49999999999999994,0.8660254037844387,0.0,0.01,0.00530952380952381
House#41,2024-01-09,0.0,0.0,0.0,Islamabad,Owner,6.0,6.0,2.0,4.0,0.0,0.0,4.5,4.5,2,Whole,2014.0,1 phase,12.0,Cemented,Cemented,Marble,Painted,Painted,5.0,12*13,1.0,4.0,0.0,Wooden,2.0,0,1.0,1,20.0,0,5.0,2.0,0,1.0,1.0,0.0,0.0,1.0,0.0,1.0,0.0,0.0,0,9.141666666666667,1.8,17.4,72.16791666666667,3.954166666666667,0.0,4.2375,1020.8249999999999,134.26250000000002,11.6,1.375,2024,1,9,1,9,0,0.49999999999999994,0.8660254037844387,0.0,0.005166666666666667,0.0038809523809523808
House#41,2024-01-10,0.0,0.0,0.0,Islamabad,Owner,6.0,6.0,2.0,4.0,0.0,0.0,4.5,4.5,2,Whole,2014.0,1 phase,12.0,Cemented,Cemented,Marble,Painted,Painted,5.0,12*13,1.0,4.0,0.0,Wooden,2.0,0,1.0,1,20.0,0,5.0,2.0,0,1.0,1.0,0.0,0.0,1.0,0.0,1.0,0.0,0.0,0,9.458333333333334,4.2,16.7,68.72666666666667,3.158333333333333,0.0,5.3625,1019.4291666666667,151.1125,13.1,1.5,2024,1,10,2,10,0,0.49999999999999994,0.8660254037844387,0.0,0.008333333333333333,0.0031428571428571426
House#41,2024-01-11,0.0,0.0,0.0,Islamabad,Owner,6.0,6.0,2.0,4.0,0.0,0.0,4.5,4.5,2,Whole,2014.0,1 phase,12.0,Cemented,Cemented,Marble,Painted,Painted,5.0,12*13,1.0,4.0,0.0,Wooden,2.0,0,1.0,1,20.0,0,5.0,2.0,0,1.0,1.0,0.0,0.0,1.0,0.0,1.0,0.0,0.0,0,9.341666666666667,4.4,17.1,66.145,2.7708333333333335,0.0,3.9791666666666665,1018.9583333333334,152.86666666666665,13.200000000000001,1.5416666666666667,2024,1,11,3,11,0,0.49999999999999994,0.8660254037844387,0.0,0.0038333333333333336,0.0019523809523809522
House#41,2024-01-12,0.0,0.0,0.0,Islamabad,Owner,6.0,6.0,2.0,4.0,0.0,0.0,4.5,4.5,2,Whole,2014.0,1 phase,12.0,Cemented,Cemented,Marble,Painted,Painted,5.0,12*13,1.0,4.0,0.0,Wooden,2.0,0,1.0,1,20.0,0,5.0,2.0,0,1.0,1.0,0.0,0.0,1.0,0.0,1.0,0.0,0.0,0,9.9,4.2,17.1,68.72291666666666,3.9250000000000003,0.0,4.6625000000000005,1017.725,101.32083333333333,8.7,0.9583333333333334,2024,1,12,4,12,0,0.49999999999999994,0.8660254037844387,0.0,0.009833333333333333,0.0014047619047619047
House#41,2024-01-13,0.0,0.0,0.0,Islamabad,Owner,6.0,6.0,2.0,4.0,0.0,0.0,4.5,4.5,2,Whole,2014.0,1 phase,12.0,Cemented,Cemented,Marble,Painted,Painted,5.0,12*13,1.0,4.0,0.0,Wooden,2.0,0,1.0,1,20.0,0,5.0,2.0,0,1.0,1.0,0.0,0.0,1.0,0.0,1.0,0.0,0.0,0,10.695833333333333,6.3,18.3,68.36208333333333,4.708333333333333,0.0,4.179166666666666,1017.3000000000001,135.58333333333334,11.7,1.375,2024,1,13,5,13,1,0.49999999999999994,0.8660254037844387,0.0,0.0,0.0
House#41,2024-01-14,0.009833333333333333,0.59,0.59,Islamabad,Owner,6.0,6.0,2.0,4.0,0.0,0.0,4.5,4.5,2,Whole,2014.0,1 phase,12.0,Cemented,Cemented,Marble,Painted,Painted,5.0,12*13,1.0,4.0,0.0,Wooden,2.0,0,1.0,1,20.0,0,5.0,2.0,0,1.0,1.0,0.0,0.0,1.0,0.0,1.0,0.0,0.0,0,10.004166666666666,4.3,17.6,74.10041666666667,5.208333333333333,0.0,4.891666666666667,1017.9583333333334,136.35833333333332,11.9,1.375,2024,1,14,6,14,1,0.49999999999999994,0.8660254037844387,0.0,0.0,0.0
House#41,2024-01-15,0.011666666666666665,0.7,0.7,Islamabad,Owner,6.0,6.0,2.0,4.0,0.0,0.0,4.5,4.5,2,Whole,2014.0,1 phase,12.0,Cemented,Cemented,Marble,Painted,Painted,5.0,12*13,1.0,4.0,0.0,Wooden,2.0,0,1.0,1,20.0,0,5.0,2.0,0,1.0,1.0,0.0,0.0,1.0,0.0,1.0,0.0,0.0,0,10.354166666666666,4.3,18.0,68.53708333333333,3.9583333333333335,0.0,5.1000000000000005,1016.2125,136.94166666666666,11.8,1.4166666666666667,2024,1,15,0,15,0,0.49999999999999994,0.8660254037844387,0.009833333333333333,0.0,0.0014047619047619047
House#41,2024-01-16,0.01,0.6,0.6,Islamabad,Owner,6.0,6.0,2.0,4.0,0.0,0.0,4.5,4.5,2,Whole,2014.0,1 phase,12.0,Cemented,Cemented,Marble,Painted,Painted,5.0,12*13,1.0,4.0,0.0,Wooden,2.0,0,1.0,1,20.0,0,5.0,2.0,0,1.0,1.0,0.0,0.0,1.0,0.0,1.0,0.0,0.0,0,9.554166666666667,2.5,15.3,68.76875,3.454166666666667,0.0,4.4875,1015.0791666666668,133.59166666666667,11.5,1.3333333333333333,2024,1,16,1,16,0,0.49999999999999994,0.8660254037844387,0.011666666666666665,0.0,0.0030714285714285713
House#41,2024-01-17,0.01,0.6,0.6,Islamabad,Owner,6.0,6.0,2.0,4.0,0.0,0.0,4.5,4.5,2,Whole,2014.0,1 phase,12.0,Cemented,Cemented,Marble,Painted,Painted,5.0,12*13,1.0,4.0,0.0,Wooden,2.0,0,1.0,1,20.0,0,5.0,2.0,0,1.0,1.0,0.0,0.0,1.0,0.0,1.0,0.0,0.0,0,10.691666666666668,4.6,18.3,65.56791666666668,3.8833333333333333,0.0,4.783333333333333,1015.9,142.65416666666667,12.200000000000001,1.4166666666666667,2024,1,17,2,17,0,0.49999999999999994,0.8660254037844387,0.01,0.0,0.0045
House#41,2024-01-18,0.0,0.0,0.0,Islamabad,Owner,6.0,6.0,2.0,4.0,0.0,0.0,4.5,4.5,2,Whole,2014.0,1 phase,12.0,Cemented,Cemented,Marble,Painted,Painted,5.0,12*13,1.0,4.0,0.0,Wooden,2.0,0,1.0,1,20.0,0,5.0,2.0,0,1.0,1.0,0.0,0.0,1.0,0.0,1.0,0.0,0.0,0,10.6875,5.8,17.6,65.24458333333332,3.891666666666667,0.0,4.145833333333333,1017.4541666666668,136.40833333333333,11.8,1.375,2024,1,18,3,18,0,0.49999999999999994,0.8660254037844387,0.01,0.0,0.005928571428571428
House#41,2024-01-19,0.009666666666666665,0.58,0.58,Islamabad,Owner,6.0,6.0,2.0,4.0,0.0,0.0,4.5,4.5,2,Whole,2014.0,1 phase,12.0,Cemented,Cemented,Marble,Painted,Painted,5.0,12*13,1.0,4.0,0.0,Wooden,2.0,0,1.0,1,20.0,0,5.0,2.0,0,1.0,1.0,0.0,0.0,1.0,0.0,1.0,0.0,0.0,0,10.216666666666667,5.1,18.0,65.49916666666667,3.4166666666666665,0.0,4.670833333333333,1017.9916666666667,139.92083333333335,12.2,1.4166666666666667,2024,1,19,4,19,0,0.49999999999999994,0.8660254037844387,0.0,0.0,0.005928571428571428
House#41,2024-01-20,0.0115,0.69,0.69,Islamabad,Owner,6.0,6.0,2.0,4.0,0.0,0.0,4.5,4.5,2,Whole,2014.0,1 phase,12.0,Cemented,Cemented,Marble,Painted,Painted,5.0,12*13,1.0,4.0,0.0,Wooden,2.0,0,1.0,1,20.0,0,5.0,2.0,0,1.0,1.0,0.0,0.0,1.0,0.0,1.0,0.0,0.0,0,8.658333333333333,1.5,13.8,79.02499999999999,4.983333333333333,0.0,4.933333333333334,1019.6125000000001,127.24583333333334,11.100000000000001,1.2916666666666667,2024,1,20,5,20,1,0.49999999999999994,0.8660254037844387,0.009666666666666665,0.0,0.007309523809523809
House#41,2024-01-21,0.05316666666666667,3.19,3.19,Islamabad,Owner,6.0,6.0,2.0,4.0,0.0,0.0,4.5,4.5,2,Whole,2014.0,1 phase,12.0,Cemented,Cemented,Marble,Painted,Painted,5.0,12*13,1.0,4.0,0.0,Wooden,2.0,0,1.0,1,20.0,0,5.0,2.0,0,1.0,1.0,0.0,0.0,1.0,0.0,1.0,0.0,0.0,0,8.304166666666667,4.6,13.7,82.8925,5.354166666666667,0.0,4.8,1019.4291666666667,133.08333333333334,11.6,1.3333333333333333,2024,1,21,6,21,1,0.49999999999999994,0.8660254037844387,0.0115,0.009833333333333333,0.008952380952380951
House#41,2024-01-22,0.02333333333333333,1.4,1.4,Islamabad,Owner,6.0,6.0,2.0,4.0,0.0,0.0,4.5,4.5,2,Whole,2014.0,1 phase,12.0,Cemented,Cemented,Marble,Painted,Painted,5.0,12*13,1.0,4.0,0.0,Wooden,2.0,0,1.0,1,20.0,0,5.0,2.0,0,1.0,1.0,0.0,0.0,1.0,0.0,1.0,0.0,0.0,0,8.2875,4.2,12.9,77.87875,4.325,0.0,4.441666666666666,1019.1958333333333,128.18333333333334,11.1,1.2916666666666667,2024,1,22,0,22,0,0.49999999999999994,0.8660254037844387,0.05316666666666667,0.011666666666666665,0.015142857142857142
House#41,2024-01-23,0.029166666666666667,1.75,1.75,Islamabad,Owner,6.0,6.0,2.0,4.0,0.0,0.0,4.5,4.5,2,Whole,2014.0,1 phase,12.0,Cemented,Cemented,Marble,Painted,Painted,5.0,12*13,1.0,4.0,0.0,Wooden,2.0,0,1.0,1,20.0,0,5.0,2.0,0,1.0,1.0,0.0,0.0,1.0,0.0,1.0,0.0,0.0,0,7.866666666666667,4.1,13.4,81.69083333333333,4.7124999999999995,0.0,5.5125,1019.9125,125.14999999999999,10.9,1.2083333333333333,2024,1,23,1,23,0,0.49999999999999994,0.8660254037844387,0.02333333333333333,0.01,0.01680952380952381
House#41,2024-01-24,0.03983333333333334,2.39,2.39,Islamabad,Owner,6.0,6.0,2.0,4.0,0.0,0.0,4.5,4.5,2,Whole,2014.0,1 phase,12.0,Cemented,Cemented,Marble,Painted,Painted,5.0,12*13,1.0,4.0,0.0,Wooden,2.0,0,1.0,1,20.0,0,5.0,2.0,0,1.0,1.0,0.0,0.0,1.0,0.0,1.0,0.0,0.0,0,7.833333333333333,2.8,14.0,79.02499999999999,4.116666666666666,0.0,4.1625000000000005,1019.5041666666666,139.82500000000002,12.1,1.375,2024,1,24,2,24,0,0.49999999999999994,0.8660254037844387,0.029166666666666667,0.01,0.019547619047619046
House#41,2024-01-25,0.026333333333333334,1.58,1.58,Islamabad,Owner,6.0,6.0,2.0,4.0,0.0,0.0,4.5,4.5,2,Whole,2014.0,1 phase,12.0,Cemented,Cemented,Marble,Painted,Painted,5.0,12*13,1.0,4.0,0.0,Wooden,2.0,0,1.0,1,20.0,0,5.0,2.0,0,1.0,1.0,0.0,0.0,1.0,0.0,1.0,0.0,0.0,0,8.8125,2.3,15.0,74.38708333333334,4.183333333333334,0.0,3.6208333333333336,1021.0333333333333,91.20416666666667,7.8,0.875,2024,1,25,3,25,0,0.49999999999999994,0.8660254037844387,0.03983333333333334,0.0,0.023809523809523808
House#41,2024-01-26,0.04,2.4,2.4,Islamabad,Owner,6.0,6.0,2.0,4.0,0.0,0.0,4.5,4.5,2,Whole,2014.0,1 phase,12.0,Cemented,Cemented,Marble,Painted,Painted,5.0,12*13,1.0,4.0,0.0,Wooden,2.0,0,1.0,1,20.0,0,5.0,2.0,0,1.0,1.0,0.0,0.0,1.0,0.0,1.0,0.0,0.0,0,11.429166666666667,5.9,17.7,63.12708333333333,4.1499999999999995,1.2,5.7875000000000005,1022.7541666666666,115.95,10.1,1.1666666666666667,2024,1,26,4,26,0,0.49999999999999994,0.8660254037844387,0.026333333333333334,0.009666666666666665,0.027571428571428573
House#41,2024-01-27,0.02666666666666667,1.6,1.6,Islamabad,Owner,6.0,6.0,2.0,4.0,0.0,0.0,4.5,4.5,2,Whole,2014.0,1 phase,12.0,Cemented,Cemented,Marble,Painted,Painted,5.0,12*13,1.0,4.0,0.0,Wooden,2.0,0,1.0,1,20.0,0,5.0,2.0,0,1.0,1.0,0.0,0.0,1.0,0.0,1.0,0.0,0.0,0,11.920833333333334,6.4,18.5,64.10125000000001,4.770833333333333,0.3,7.795833333333333,1020.5958333333333,125.87916666666666,10.9,1.25,2024,1,27,5,27,1,0.49999999999999994,0.8660254037844387,0.04,0.0115,0.0319047619047619
House#41,2024-01-28,0.028166666666666666,1.69,1.69,Islamabad,Owner,6.0,6.0,2.0,4.0,0.0,0.0,4.5,4.5,2,Whole,2014.0,1 phase,12.0,Cemented,Cemented,Marble,Painted,Painted,5.0,12*13,1.0,4.0,0.0,Wooden,2.0,0,1.0,1,20.0,0,5.0,2.0,0,1.0,1.0,0.0,0.0,1.0,0.0,1.0,0.0,0.0,0,13.358333333333334,5.2,18.8,60.18833333333333,5.529166666666666,0.015,7.1499999999999995,1017.6374999999999,96.04583333333333,8.3,0.875,2024,1,28,6,28,1,0.49999999999999994,0.8660254037844387,0.02666666666666667,0.05316666666666667,0.03407142857142857
House#41,2024-01-29,0.024,1.44,1.44,Islamabad,Owner,6.0,6.0,2.0,4.0,0.0,0.0,4.5,4.5,2,Whole,2014.0,1 phase,12.0,Cemented,Cemented,Marble,Painted,Painted,5.0,12*13,1.0,4.0,0.0,Wooden,2.0,0,1.0,1,20.0,0,5.0,2.0,0,1.0,1.0,0.0,0.0,1.0,0.0,1.0,0.0,0.0,0,12.887500000000001,3.0,17.7,70.40625,7.341666666666666,0.625,6.754166666666666,1019.9125,125.99583333333332,10.9,1.2916666666666667,2024,1,29,0,29,0,0.49999999999999994,0.8660254037844387,0.028166666666666666,0.02333333333333333,0.030500000000000003
House#41,2024-01-30,0.0,0.0,0.0,Islamabad,Owner,6.0,6.0,2.0,4.0,0.0,0.0,4.5,4.5,2,Whole,2014.0,1 phase,12.0,Cemented,Cemented,Marble,Painted,Painted,5.0,12*13,1.0,4.0,0.0,Wooden,2.0,0,1.0,1,20.0,0,5.0,2.0,0,1.0,1.0,0.0,0.0,1.0,0.0,1.0,0.0,0.0,0,11.9375,8.7,16.5,76.53750000000001,7.741666666666667,1.153,5.045833333333333,1018.0833333333334,95.44583333333334,8.2,0.9583333333333334,2024,1,30,1,30,0,0.49999999999999994,0.8660254037844387,0.024,0.029166666666666667,0.030595238095238095
House#41,2024-01-31,0.0,0.0,0.0,Islamabad,Owner,6.0,6.0,2.0,4.0,0.0,0.0,4.5,4.5,2,Whole,2014.0,1 phase,12.0,Cemented,Cemented,Marble,Painted,Painted,5.0,12*13,1.0,4.0,0.0,Wooden,2.0,0,1.0,1,20.0,0,5.0,2.0,0,1.0,1.0,0.0,0.0,1.0,0.0,1.0,0.0,0.0,0,10.908333333333333,2.5,13.8,85.60458333333334,8.5625,20.374,7.154166666666666,1015.8208333333333,29.766666666666666,2.6,0.25,2024,1,31,2,31,0,0.49999999999999994,0.8660254037844387,0.0,0.03983333333333334,0.02642857142857143
House#41,2024-02-01,0.0,0.0,0.0,Islamabad,Owner,6.0,6.0,2.0,4.0,0.0,0.0,4.5,4.5,2,Whole,2014.0,1 phase,12.0,Cemented,Cemented,Marble,Painted,Painted,5.0,12*13,1.0,4.0,0.0,Wooden,2.0,0,1.0,1,20.0,0,5.0,2.0,0,1.0,1.0,0.0,0.0,1.0,0.0,1.0,0.0,0.0,0,9.991666666666667,2.1,15.2,71.53416666666666,4.6000000000000005,21.427999999999997,7.091666666666666,1016.6,142.4,12.4,1.4166666666666667,2024,2,1,3,32,0,0.8660254037844386,0.5000000000000001,0.0,0.026333333333333334,0.02073809523809524
House#41,2024-02-02,0.0,0.0,0.0,Islamabad,Owner,6.0,6.0,2.0,4.0,0.0,0.0,4.5,4.5,2,Whole,2014.0,1 phase,12.0,Cemented,Cemented,Marble,Painted,Painted,5.0,12*13,1.0,4.0,0.0,Wooden,2.0,0,1.0,1,20.0,0,5.0,2.0,0,1.0,1.0,0.0,0.0,1.0,0.0,1.0,0.0,0.0,0,10.270833333333334,4.4,15.5,62.52708333333334,2.65,0.0,9.054166666666667,1022.4708333333333,177.96666666666667,15.4,1.75,2024,2,2,4,33,0,0.8660254037844386,0.5000000000000001,0.0,0.04,0.016976190476190475
House#41,2024-02-03,0.0,0.0,0.0,Islamabad,Owner,6.0,6.0,2.0,4.0,0.0,0.0,4.5,4.5,2,Whole,2014.0,1 phase,12.0,Cemented,Cemented,Marble,Painted,Painted,5.0,12*13,1.0,4.0,0.0,Wooden,2.0,0,1.0,1,20.0,0,5.0,2.0,0,1.0,1.0,0.0,0.0,1.0,0.0,1.0,0.0,0.0,0,9.670833333333333,2.4,11.6,65.41833333333334,3.454166666666667,0.433,8.125,1020.4916666666667,38.75416666666667,3.4,0.3333333333333333,2024,2,3,5,34,1,0.8660254037844386,0.5000000000000001,0.0,0.02666666666666667,0.011261904761904763
House#41,2024-02-04,0.0,0.0,0.0,Islamabad,Owner,6.0,6.0,2.0,4.0,0.0,0.0,4.5,4.5,2,Whole,2014.0,1 phase,12.0,Cemented,Cemented,Marble,Painted,Painted,5.0,12*13,1.0,4.0,0.0,Wooden,2.0,0,1.0,1,20.0,0,5.0,2.0,0,1.0,1.0,0.0,0.0,1.0,0.0,1.0,0.0,0.0,0,9.554166666666667,4.2,12.9,75.5175,5.345833333333334,1.891,5.083333333333333,1018.3874999999999,106.60833333333333,9.200000000000001,0.9583333333333334,2024,2,4,6,35,1,0.8660254037844386,0.5000000000000001,0.0,0.028166666666666666,0.0074523809523809525
House#41,2024-02-05,0.015000000000000001,0.9,0.9,Islamabad,Owner,6.0,6.0,2.0,4.0,0.0,0.0,4.5,4.5,2,Whole,2014.0,1 phase,12.0,Cemented,Cemented,Marble,Painted,Painted,5.0,12*13,1.0,4.0,0.0,Wooden,2.0,0,1.0,1,20.0,0,5.0,2.0,0,1.0,1.0,0.0,0.0,1.0,0.0,1.0,0.0,0.0,0,9.733333333333333,2.6,16.1,69.70083333333334,3.9458333333333333,0.07,4.995833333333334,1019.6750000000001,169.41666666666666,14.7,1.5833333333333333,2024,2,5,0,36,0,0.8660254037844386,0.5000000000000001,0.0,0.024,0.003428571428571429
House#41,2024-02-06,0.0,0.0,0.0,Islamabad,Owner,6.0,6.0,2.0,4.0,0.0,0.0,4.5,4.5,2,Whole,2014.0,1 phase,12.0,Cemented,Cemented,Marble,Painted,Painted,5.0,12*13,1.0,4.0,0.0,Wooden,2.0,0,1.0,1,20.0,0,5.0,2.0,0,1.0,1.0,0.0,0.0,1.0,0.0,1.0,0.0,0.0,0,10.216666666666667,4.0,16.6,67.38,3.8041666666666667,0.0,6.616666666666667,1020.8791666666666,177.8708333333333,15.299999999999999,1.75,2024,2,6,1,37,0,0.8660254037844386,0.5000000000000001,0.015000000000000001,0.0,0.002142857142857143
House#41,2024-02-07,0.0,0.0,0.0,Islamabad,Owner,6.0,6.0,2.0,4.0,0.0,0.0,4.5,4.5,2,Whole,2014.0,1 phase,12.0,Cemented,Cemented,Marble,Painted,Painted,5.0,12*13,1.0,4.0,0.0,Wooden,2.0,0,1.0,1,20.0,0,5.0,2.0,0,1.0,1.0,0.0,0.0,1.0,0.0,1.0,0.0,0.0,0,10.183333333333334,2.6,17.3,61.82416666666666,2.3666666666666667,0.0,8.674999999999999,1022.1208333333334,182.17083333333335,15.8,1.8333333333333333,2024,2,7,2,38,0,0.8660254037844386,0.5000000000000001,0.0,0.0,0.002142857142857143
House#41,2024-02-08,0.028666666666666667,1.72,1.72,Islamabad,Owner,6.0,6.0,2.0,4.0,0.0,0.0,4.5,4.5,2,Whole,2014.0,1 phase,12.0,Cemented,Cemented,Marble,Painted,Painted,5.0,12*13,1.0,4.0,0.0,Wooden,2.0,0,1.0,1,20.0,0,5.0,2.0,0,1.0,1.0,0.0,0.0,1.0,0.0,1.0,0.0,0.0,0,12.216666666666667,4.2,21.0,52.500416666666666,1.2375,0.0,13.008333333333333,1019.8541666666666,194.5041666666667,16.8,2.0,2024,2,8,3,39,0,0.8660254037844386,0.5000000000000001,0.0,0.0,0.002142857142857143
House#41,2024-02-09,0.0,0.0,0.0,Islamabad,Owner,6.0,6.0,2.0,4.0,0.0,0.0,4.5,4.5,2,Whole,2014.0,1 phase,12.0,Cemented,Cemented,Marble,Painted,Painted,5.0,12*13,1.0,4.0,0.0,Wooden,2.0,0,1.0,1,20.0,0,5.0,2.0,0,1.0,1.0,0.0,0.0,1.0,0.0,1.0,0.0,0.0,0,12.512500000000001,5.1,20.6,52.05083333333334,1.6583333333333332,0.0,5.458333333333333,1018.4458333333333,191.65,16.7,1.9166666666666667,2024,2,9,4,40,0,0.8660254037844386,0.5000000000000001,0.028666666666666667,0.0,0.006238095238095238
House#41,2024-02-10,0.015000000000000001,0.9,0.9,Islamabad,Owner,6.0,6.0,2.0,4.0,0.0,0.0,4.5,4.5,2,Whole,2014.0,1 phase,12.0,Cemented,Cemented,Marble,Painted,Painted,5.0,12*13,1.0,4.0,0.0,Wooden,2.0,0,1.0,1,20.0,0,5.0,2.0,0,1.0,1.0,0.0,0.0,1.0,0.0,1.0,0.0,0.0,0,13.204166666666666,6.6,21.0,53.39166666666667,2.8833333333333333,0.0,6.191666666666666,1022.2833333333333,190.11666666666667,16.3,1.9166666666666667,2024,2,10,5,41,1,0.8660254037844386,0.5000000000000001,0.0,0.0,0.006238095238095238
House#41,2024-02-11,0.018666666666666668,1.12,1.12,Islamabad,Owner,6.0,6.0,2.0,4.0,0.0,0.0,4.5,4.5,2,Whole,2014.0,1 phase,12.0,Cemented,Cemented,Marble,Painted,Painted,5.0,12*13,1.0,4.0,0.0,Wooden,2.0,0,1.0,1,20.0,0,5.0,2.0,0,1.0,1.0,0.0,0.0,1.0,0.0,1.0,0.0,0.0,0,13.420833333333334,6.6,21.5,56.638749999999995,3.7875,0.0,4.625,1021.8333333333334,193.17916666666667,16.7,1.9583333333333333,2024,2,11,6,42,1,0.8660254037844386,0.5000000000000001,0.015000000000000001,0.0,0.008380952380952381
House#41,2024-02-12,0.017666666666666667,1.06,1.06,Islamabad,Owner,6.0,6.0,2.0,4.0,0.0,0.0,4.5,4.5,2,Whole,2014.0,1 phase,12.0,Cemented,Cemented,Marble,Painted,Painted,5.0,12*13,1.0,4.0,0.0,Wooden,2.0,0,1.0,1,20.0,0,5.0,2.0,0,1.0,1.0,0.0,0.0,1.0,0.0,1.0,0.0,0.0,0,13.466666666666667,1.6,21.1,53.96208333333333,3.4916666666666667,0.0,3.7583333333333333,1020.5958333333333,150.25,13.1,1.5,2024,2,12,0,43,0,0.8660254037844386,0.5000000000000001,0.018666666666666668,0.015000000000000001,0.011047619047619047
House#41,2024-02-13,0.029666666666666668,1.78,1.78,Islamabad,Owner,6.0,6.0,2.0,4.0,0.0,0.0,4.5,4.5,2,Whole,2014.0,1 phase,12.0,Cemented,Cemented,Marble,Painted,Painted,5.0,12*13,1.0,4.0,0.0,Wooden,2.0,0,1.0,1,20.0,0,5.0,2.0,0,1.0,1.0,0.0,0.0,1.0,0.0,1.0,0.0,0.0,0,14.362499999999999,7.8,23.0,53.44291666666666,3.891666666666667,0.0,5.916666666666667,1020.2083333333334,192.92916666666667,16.6,1.9166666666666667,2024,2,13,1,44,0,0.8660254037844386,0.5000000000000001,0.017666666666666667,0.0,0.011428571428571429
House#41,2024-02-14,0.026000000000000002,1.56,1.56,Islamabad,Owner,6.0,6.0,2.0,4.0,0.0,0.0,4.5,4.5,2,Whole,2014.0,1 phase,12.0,Cemented,Cemented,Marble,Painted,Painted,5.0,12*13,1.0,4.0,0.0,Wooden,2.0,0,1.0,1,20.0,0,5.0,2.0,0,1.0,1.0,0.0,0.0,1.0,0.0,1.0,0.0,0.0,0,14.262500000000001,6.4,23.6,48.876666666666665,2.5500000000000003,0.0,7.429166666666667,1019.6916666666666,198.45000000000002,17.2,2.0,2024,2,14,2,45,0,0.8660254037844386,0.5000000000000001,0.029666666666666668,0.0,0.01566666666666667
House#41,2024-02-15,0.0,0.0,0.0,Islamabad,Owner,6.0,6.0,2.0,4.0,0.0,0.0,4.5,4.5,2,Whole,2014.0,1 phase,12.0,Cemented,Cemented,Marble,Painted,Painted,5.0,12*13,1.0,4.0,0.0,Wooden,2.0,0,1.0,1,20.0,0,5.0,2.0,0,1.0,1.0,0.0,0.0,1.0,0.0,1.0,0.0,0.0,0,14.916666666666666,7.8,22.9,50.16041666666666,3.4166666666666665,0.0,4.341666666666667,1019.6458333333334,196.45000000000002,17.0,1.9583333333333333,2024,2,15,3,46,0,0.8660254037844386,0.5000000000000001,0.026000000000000002,0.028666666666666667,0.019380952380952384
House#41,2024-02-16,0.017833333333333333,1.07,1.07,Islamabad,Owner,6.0,6.0,2.0,4.0,0.0,0.0,4.5,4.5,2,Whole,2014.0,1 phase,12.0,Cemented,Cemented,Marble,Painted,Painted,5.0,12*13,1.0,4.0,0.0,Wooden,2.0,0,1.0,1,20.0,0,5.0,2.0,0,1.0,1.0,0.0,0.0,1.0,0.0,1.0,0.0,0.0,0,15.020833333333334,8.5,23.1,53.60833333333334,4.766666666666667,0.0,5.033333333333333,1019.9875000000001,191.85,16.6,1.9166666666666667,2024,2,16,4,47,0,0.8660254037844386,0.5000000000000001,0.0,0.0,0.015285714285714286
House#41,2024-02-17,0.013500000000000002,0.81,0.81,Islamabad,Owner,6.0,6.0,2.0,4.0,0.0,0.0,4.5,4.5,2,Whole,2014.0,1 phase,12.0,Cemented,Cemented,Marble,Painted,Painted,5.0,12*13,1.0,4.0,0.0,Wooden,2.0,0,1.0,1,20.0,0,5.0,2.0,0,1.0,1.0,0.0,0.0,1.0,0.0,1.0,0.0,0.0,0,16.083333333333332,9.4,22.9,55.3525,6.391666666666667,0.0,4.045833333333333,1015.2833333333333,177.32083333333333,15.4,1.7916666666666667,2024,2,17,5,48,1,0.8660254037844386,0.5000000000000001,0.017833333333333333,0.015000000000000001,0.017833333333333336
House#41,2024-02-18,0.0,0.0,0.0,Islamabad,Owner,6.0,6.0,2.0,4.0,0.0,0.0,4.5,4.5,2,Whole,2014.0,1 phase,12.0,Cemented,Cemented,Marble,Painted,Painted,5.0,12*13,1.0,4.0,0.0,Wooden,2.0,0,1.0,1,20.0,0,5.0,2.0,0,1.0,1.0,0.0,0.0,1.0,0.0,1.0,0.0,0.0,0,13.9,11.4,17.1,73.01625,9.091666666666667,3.625,12.2875,1012.6791666666667,50.837500000000006,4.3,0.4583333333333333,2024,2,18,6,49,1,0.8660254037844386,0.5000000000000001,0.013500000000000002,0.018666666666666668,0.01761904761904762
House#41,2024-02-19,0.029,1.74,1.74,Islamabad,Owner,6.0,6.0,2.0,4.0,0.0,0.0,4.5,4.5,2,Whole,2014.0,1 phase,12.0,Cemented,Cemented,Marble,Painted,Painted,5.0,12*13,1.0,4.0,0.0,Wooden,2.0,0,1.0,1,20.0,0,5.0,2.0,0,1.0,1.0,0.0,0.0,1.0,0.0,1.0,0.0,0.0,0,12.054166666666667,2.4,14.7,80.49291666666666,8.733333333333333,19.687,19.329166666666666,1008.025,37.475,3.3,0.4166666666666667,2024,2,19,0,50,0,0.8660254037844386,0.5000000000000001,0.0,0.017666666666666667,0.014952380952380953
House#41,2024-02-20,0.03766666666666666,2.26,2.26,Islamabad,Owner,6.0,6.0,2.0,4.0,0.0,0.0,4.5,4.5,2,Whole,2014.0,1 phase,12.0,Cemented,Cemented,Marble,Painted,Painted,5.0,12*13,1.0,4.0,0.0,Wooden,2.0,0,1.0,1,20.0,0,5.0,2.0,0,1.0,1.0,0.0,0.0,1.0,0.0,1.0,0.0,0.0,0,11.075000000000001,5.0,16.3,77.88083333333334,7.116666666666667,11.62,7.533333333333334,1011.1916666666666,153.13750000000002,13.3,1.5,2024,2,20,1,51,0,0.8660254037844386,0.5000000000000001,0.029,0.029666666666666668,0.016571428571428574
House#41,2024-02-21,0.0,0.0,0.0,Islamabad,Owner,6.0,6.0,2.0,4.0,0.0,0.0,4.5,4.5,2,Whole,2014.0,1 phase,12.0,Cemented,Cemented,Marble,Painted,Painted,5.0,12*13,1.0,4.0,0.0,Wooden,2.0,0,1.0,1,20.0,0,5.0,2.0,0,1.0,1.0,0.0,0.0,1.0,0.0,1.0,0.0,0.0,0,12.216666666666667,6.8,18.1,63.365,4.608333333333333,0.6739999999999999,7.466666666666666,1013.3666666666667,200.54166666666666,17.1,2.0,2024,2,21,2,52,0,0.8660254037844386,0.5000000000000001,0.03766666666666666,0.026000000000000002,0.017714285714285714
House#41,2024-02-22,0.01933333333333333,1.16,1.16,Islamabad,Owner,6.0,6.0,2.0,4.0,0.0,0.0,4.5,4.5,2,Whole,2014.0,1 phase,12.0,Cemented,Cemented,Marble,Painted,Painted,5.0,12*13,1.0,4.0,0.0,Wooden,2.0,0,1.0,1,20.0,0,5.0,2.0,0,1.0,1.0,0.0,0.0,1.0,0.0,1.0,0.0,0.0,0,11.674999999999999,1.5,18.4,60.62833333333333,3.5833333333333335,0.1,8.841666666666667,1015.7583333333333,208.7875,18.2,2.0833333333333335,2024,2,22,3,53,0,0.8660254037844386,0.5000000000000001,0.0,0.0,0.014
House#41,2024-02-23,0.018166666666666668,1.09,1.09,Islamabad,Owner,6.0,6.0,2.0,4.0,0.0,0.0,4.5,4.5,2,Whole,2014.0,1 phase,12.0,Cemented,Cemented,Marble,Painted,Painted,5.0,12*13,1.0,4.0,0.0,Wooden,2.0,0,1.0,1,20.0,0,5.0,2.0,0,1.0,1.0,0.0,0.0,1.0,0.0,1.0,0.0,0.0,0,11.954166666666666,2.7,18.2,55.92208333333334,2.5541666666666667,0.0,7.45,1017.0333333333333,207.1833333333333,17.900000000000002,2.0,2024,2,23,4,54,0,0.8660254037844386,0.5000000000000001,0.01933333333333333,0.017833333333333333,0.016761904761904763
House#41,2024-02-24,0.0,0.0,0.0,Islamabad,Owner,6.0,6.0,2.0,4.0,0.0,0.0,4.5,4.5,2,Whole,2014.0,1 phase,12.0,Cemented,Cemented,Marble,Painted,Painted,5.0,12*13,1.0,4.0,0.0,Wooden,2.0,0,1.0,1,20.0,0,5.0,2.0,0,1.0,1.0,0.0,0.0,1.0,0.0,1.0,0.0,0.0,0,12.137500000000001,5.9,18.5,57.75375,3.0749999999999997,0.0,5.154166666666667,1017.3458333333333,207.97916666666666,17.9,2.0416666666666665,2024,2,24,5,55,1,0.8660254037844386,0.5000000000000001,0.018166666666666668,0.013500000000000002,0.01680952380952381
House#41,2024-02-25,0.029500000000000002,1.77,1.77,Islamabad,Owner,6.0,6.0,2.0,4.0,0.0,0.0,4.5,4.5,2,Whole,2014.0,1 phase,12.0,Cemented,Cemented,Marble,Painted,Painted,5.0,12*13,1.0,4.0,0.0,Wooden,2.0,0,1.0,1,20.0,0,5.0,2.0,0,1.0,1.0,0.0,0.0,1.0,0.0,1.0,0.0,0.0,0,12.583333333333334,7.0,18.3,57.32791666666666,3.35,0.07,6.391666666666667,1020.7624999999999,196.38750000000002,17.0,1.9583333333333333,2024,2,25,6,56,1,0.8660254037844386,0.5000000000000001,0.0,0.0,0.01488095238095238
House#41,2024-02-26,0.0,0.0,0.0,Islamabad,Owner,6.0,6.0,2.0,4.0,0.0,0.0,4.5,4.5,2,Whole,2014.0,1 phase,12.0,Cemented,Cemented,Marble,Painted,Painted,5.0,12*13,1.0,4.0,0.0,Wooden,2.0,0,1.0,1,20.0,0,5.0,2.0,0,1.0,1.0,0.0,0.0,1.0,0.0,1.0,0.0,0.0,0,11.924999999999999,6.8,16.0,58.69875,3.704166666666667,0.0,9.129166666666666,1021.4958333333334,95.58333333333333,8.3,0.9166666666666666,2024,2,26,0,57,0,0.8660254037844386,0.5000000000000001,0.029500000000000002,0.029,0.019095238095238092
House#41,2024-02-27,0.0,0.0,0.0,Islamabad,Owner,6.0,6.0,2.0,4.0,0.0,0.0,4.5,4.5,2,Whole,2014.0,1 phase,12.0,Cemented,Cemented,Marble,Painted,Painted,5.0,12*13,1.0,4.0,0.0,Wooden,2.0,0,1.0,1,20.0,0,5.0,2.0,0,1.0,1.0,0.0,0.0,1.0,0.0,1.0,0.0,0.0,0,13.620833333333332,6.7,19.3,59.062916666666666,5.2749999999999995,0.0,7.533333333333334,1020.3416666666667,211.26666666666665,18.1,2.125,2024,2,27,1,58,0,0.8660254037844386,0.5000000000000001,0.0,0.03766666666666666,0.014952380952380953
House#41,2024-02-28,0.0,0.0,0.0,Islamabad,Owner,6.0,6.0,2.0,4.0,0.0,0.0,4.5,4.5,2,Whole,2014.0,1 phase,12.0,Cemented,Cemented,Marble,Painted,Painted,5.0,12*13,1.0,4.0,0.0,Wooden,2.0,0,1.0,1,20.0,0,5.0,2.0,0,1.0,1.0,0.0,0.0,1.0,0.0,1.0,0.0,0.0,0,15.104166666666666,8.2,21.1,59.8375,6.704166666666667,0.0,9.0375,1017.6166666666667,212.09583333333333,18.2,2.1666666666666665,2024,2,28,2,59,0,0.8660254037844386,0.5000000000000001,0.0,0.0,0.009571428571428573
House#41,2024-02-29,0.030166666666666668,1.81,1.81,Islamabad,Owner,6.0,6.0,2.0,4.0,0.0,0.0,4.5,4.5,2,Whole,2014.0,1 phase,12.0,Cemented,Cemented,Marble,Painted,Painted,5.0,12*13,1.0,4.0,0.0,Wooden,2.0,0,1.0,1,20.0,0,5.0,2.0,0,1.0,1.0,0.0,0.0,1.0,0.0,1.0,0.0,0.0,0,13.979166666666666,9.3,19.1,65.46541666666667,7.25,0.0,5.204166666666667,1016.1166666666667,107.25,9.3,1.0416666666666667,2024,2,29,3,60,0,0.8660254037844386,0.5000000000000001,0.0,0.01933333333333333,0.009571428571428573
House#41,2024-03-01,0.018666666666666668,1.12,1.12,Islamabad,Owner,6.0,6.0,2.0,4.0,0.0,0.0,4.5,4.5,2,Whole,2014.0,1 phase,12.0,Cemented,Cemented,Marble,Painted,Painted,5.0,12*13,1.0,4.0,0.0,Wooden,2.0,0,1.0,1,20.0,0,5.0,2.0,0,1.0,1.0,0.0,0.0,1.0,0.0,1.0,0.0,0.0,0,12.916666666666666,10.9,14.9,82.10333333333334,9.879166666666666,20.924,11.066666666666668,1015.3208333333333,30.325,2.5,0.3333333333333333,2024,3,1,4,61,0,1.0,6.123233995736766e-17,0.030166666666666668,0.018166666666666668,0.01111904761904762
House#41,2024-03-02,0.018500000000000003,1.11,1.11,Islamabad,Owner,6.0,6.0,2.0,4.0,0.0,0.0,4.5,4.5,2,Whole,2014.0,1 phase,12.0,Cemented,Cemented,Marble,Painted,Painted,5.0,12*13,1.0,4.0,0.0,Wooden,2.0,0,1.0,1,20.0,0,5.0,2.0,0,1.0,1.0,0.0,0.0,1.0,0.0,1.0,0.0,0.0,0,13.133333333333333,9.7,15.5,89.48416666666667,11.429166666666667,35.743,18.704166666666666,1005.7916666666666,58.44166666666666,5.0,0.625,2024,3,2,5,62,1,1.0,6.123233995736766e-17,0.018666666666666668,0.0,0.011190476190476192
House#41,2024-03-03,0.03166666666666666,1.9,1.9,Islamabad,Owner,6.0,6.0,2.0,4.0,0.0,0.0,4.5,4.5,2,Whole,2014.0,1 phase,12.0,Cemented,Cemented,Marble,Painted,Painted,5.0,12*13,1.0,4.0,0.0,Wooden,2.0,0,1.0,1,20.0,0,5.0,2.0,0,1.0,1.0,0.0,0.0,1.0,0.0,1.0,0.0,0.0,0,10.629166666666666,1.9,15.4,79.13875,6.829166666666667,4.713,13.366666666666667,1011.6458333333334,179.19583333333333,15.6,1.7916666666666667,2024,3,3,6,63,1,1.0,6.123233995736766e-17,0.018500000000000003,0.029500000000000002,0.013833333333333335
House#41,2024-03-04,0.013166666666666667,0.79,0.79,Islamabad,Owner,6.0,6.0,2.0,4.0,0.0,0.0,4.5,4.5,2,Whole,2014.0,1 phase,12.0,Cemented,Cemented,Marble,Painted,Painted,5.0,12*13,1.0,4.0,0.0,Wooden,2.0,0,1.0,1,20.0,0,5.0,2.0,0,1.0,1.0,0.0,0.0,1.0,0.0,1.0,0.0,0.0,0,11.016666666666666,5.1,16.8,65.35041666666667,4.095833333333333,0.1,8.3375,1018.975,223.36249999999998,19.3,2.25,2024,3,4,0,64,0,1.0,6.123233995736766e-17,0.03166666666666666,0.0,0.014142857142857143
House#41,2024-03-05,0.0,0.0,0.0,Islamabad,Owner,6.0,6.0,2.0,4.0,0.0,0.0,4.5,4.5,2,Whole,2014.0,1 phase,12.0,Cemented,Cemented,Marble,Painted,Painted,5.0,12*13,1.0,4.0,0.0,Wooden,2.0,0,1.0,1,20.0,0,5.0,2.0,0,1.0,1.0,0.0,0.0,1.0,0.0,1.0,0.0,0.0,0,12.466666666666667,6.3,19.4,62.415416666666665,4.758333333333334,0.0,7.2250000000000005,1018.65,231.5625,20.099999999999998,2.375,2024,3,5,1,65,0,1.0,6.123233995736766e-17,0.013166666666666667,0.0,0.016023809523809524
House#41,2024-03-06,0.03116666666666667,1.87,1.87,Islamabad,Owner,6.0,6.0,2.0,4.0,0.0,0.0,4.5,4.5,2,Whole,2014.0,1 phase,12.0,Cemented,Cemented,Marble,Painted,Painted,5.0,12*13,1.0,4.0,0.0,Wooden,2.0,0,1.0,1,20.0,0,5.0,2.0,0,1.0,1.0,0.0,0.0,1.0,0.0,1.0,0.0,0.0,0,13.35,6.0,19.9,63.55041666666667,5.875,0.0,4.395833333333333,1015.4499999999999,222.5041666666667,19.4,2.2083333333333335,2024,3,6,2,66,0,1.0,6.123233995736766e-17,0.0,0.0,0.016023809523809524
House#41,2024-03-07,0.021,1.26,1.26,Islamabad,Owner,6.0,6.0,2.0,4.0,0.0,0.0,4.5,4.5,2,Whole,2014.0,1 phase,12.0,Cemented,Cemented,Marble,Painted,Painted,5.0,12*13,1.0,4.0,0.0,Wooden,2.0,0,1.0,1,20.0,0,5.0,2.0,0,1.0,1.0,0.0,0.0,1.0,0.0,1.0,0.0,0.0,0,14.529166666666667,6.7,19.8,61.90833333333333,6.695833333333333,0.045,5.991666666666667,1016.5916666666667,164.62916666666666,14.3,1.6666666666666667,2024,3,7,3,67,0,1.0,6.123233995736766e-17,0.03116666666666667,0.030166666666666668,0.020476190476190478
House#41,2024-03-08,0.017166666666666667,1.03,1.03,Islamabad,Owner,6.0,6.0,2.0,4.0,0.0,0.0,4.5,4.5,2,Whole,2014.0,1 phase,12.0,Cemented,Cemented,Marble,Painted,Painted,5.0,12*13,1.0,4.0,0.0,Wooden,2.0,0,1.0,1,20.0,0,5.0,2.0,0,1.0,1.0,0.0,0.0,1.0,0.0,1.0,0.0,0.0,0,14.958333333333334,8.3,21.8,59.78041666666667,6.445833333333334,0.0,7.520833333333333,1017.3041666666667,233.5583333333333,20.0,2.375,2024,3,8,4,68,0,1.0,6.123233995736766e-17,0.021,0.018666666666666668,0.019166666666666665
House#41,2024-03-09,0.024333333333333332,1.46,1.46,Islamabad,Owner,6.0,6.0,2.0,4.0,0.0,0.0,4.5,4.5,2,Whole,2014.0,1 phase,12.0,Cemented,Cemented,Marble,Painted,Painted,5.0,12*13,1.0,4.0,0.0,Wooden,2.0,0,1.0,1,20.0,0,5.0,2.0,0,1.0,1.0,0.0,0.0,1.0,0.0,1.0,0.0,0.0,0,16.579166666666666,9.2,23.3,55.754999999999995,6.845833333333334,0.0,10.029166666666667,1016.7166666666667,246.21666666666667,21.3,2.4583333333333335,2024,3,9,5,69,1,1.0,6.123233995736766e-17,0.017166666666666667,0.018500000000000003,0.01895238095238095
House#41,2024-03-10,0.0,0.0,0.0,Islamabad,Owner,6.0,6.0,2.0,4.0,0.0,0.0,4.5,4.5,2,Whole,2014.0,1 phase,12.0,Cemented,Cemented,Marble,Painted,Painted,5.0,12*13,1.0,4.0,0.0,Wooden,2.0,0,1.0,1,20.0,0,5.0,2.0,0,1.0,1.0,0.0,0.0,1.0,0.0,1.0,0.0,0.0,0,15.9,10.8,21.9,60.52291666666667,7.741666666666667,0.0,5.795833333333333,1015.7833333333333,147.10416666666666,12.7,1.4166666666666667,2024,3,10,6,70,1,1.0,6.123233995736766e-17,0.024333333333333332,0.03166666666666666,0.01978571428571429
House#41,2024-03-11,0.0,0.0,0.0,Islamabad,Owner,6.0,6.0,2.0,4.0,0.0,0.0,4.5,4.5,2,Whole,2014.0,1 phase,12.0,Cemented,Cemented,Marble,Painted,Painted,5.0,12*13,1.0,4.0,0.0,Wooden,2.0,0,1.0,1,20.0,0,5.0,2.0,0,1.0,1.0,0.0,0.0,1.0,0.0,1.0,0.0,0.0,0,17.133333333333333,10.3,22.4,58.364583333333336,8.470833333333333,0.2,6.816666666666666,1017.725,161.60833333333332,13.9,1.625,2024,3,11,0,71,0,1.0,6.123233995736766e-17,0.0,0.013166666666666667,0.015261904761904763
House#41,2024-03-12,0.0,0.0,0.0,Islamabad,Owner,6.0,6.0,2.0,4.0,0.0,0.0,4.5,4.5,2,Whole,2014.0,1 phase,12.0,Cemented,Cemented,Marble,Painted,Painted,5.0,12*13,1.0,4.0,0.0,Wooden,2.0,0,1.0,1,20.0,0,5.0,2.0,0,1.0,1.0,0.0,0.0,1.0,0.0,1.0,0.0,0.0,0,18.804166666666667,12.6,25.0,54.49208333333333,8.6625,0.0,6.645833333333333,1016.1125000000001,234.775,20.3,2.375,2024,3,12,1,72,0,1.0,6.123233995736766e-17,0.0,0.0,0.013380952380952382
House#41,2024-03-13,0.0,0.0,0.0,Islamabad,Owner,6.0,6.0,2.0,4.0,0.0,0.0,4.5,4.5,2,Whole,2014.0,1 phase,12.0,Cemented,Cemented,Marble,Painted,Painted,5.0,12*13,1.0,4.0,0.0,Wooden,2.0,0,1.0,1,20.0,0,5.0,2.0,0,1.0,1.0,0.0,0.0,1.0,0.0,1.0,0.0,0.0,0,14.691666666666668,4.5,18.8,76.89958333333333,10.512500000000001,80.057,8.512500000000001,1012.6750000000001,85.07916666666667,7.2,0.8333333333333334,2024,3,13,2,73,0,1.0,6.123233995736766e-17,0.0,0.03116666666666667,0.013380952380952382
House#41,2024-03-14,0.017833333333333333,1.07,1.07,Islamabad,Owner,6.0,6.0,2.0,4.0,0.0,0.0,4.5,4.5,2,Whole,2014.0,1 phase,12.0,Cemented,Cemented,Marble,Painted,Painted,5.0,12*13,1.0,4.0,0.0,Wooden,2.0,0,1.0,1,20.0,0,5.0,2.0,0,1.0,1.0,0.0,0.0,1.0,0.0,1.0,0.0,0.0,0,15.625,9.5,21.3,68.87208333333334,9.416666666666666,12.511,6.679166666666667,1019.1374999999999,235.51666666666665,20.400000000000002,2.3333333333333335,2024,3,14,3,74,0,1.0,6.123233995736766e-17,0.0,0.021,0.008928571428571428
House#41,2024-03-15,0.021666666666666667,1.3,1.3,Islamabad,Owner,6.0,6.0,2.0,4.0,0.0,0.0,4.5,4.5,2,Whole,2014.0,1 phase,12.0,Cemented,Cemented,Marble,Painted,Painted,5.0,12*13,1.0,4.0,0.0,Wooden,2.0,0,1.0,1,20.0,0,5.0,2.0,0,1.0,1.0,0.0,0.0,1.0,0.0,1.0,0.0,0.0,0,16.099999999999998,5.5,22.8,61.99875,8.016666666666667,0.0,9.2125,1015.9333333333334,262.17083333333335,22.6,2.625,2024,3,15,4,75,0,1.0,6.123233995736766e-17,0.017833333333333333,0.017166666666666667,0.008476190476190476
House#41,2024-03-16,0.0,0.0,0.0,Islamabad,Owner,6.0,6.0,2.0,4.0,0.0,0.0,4.5,4.5,2,Whole,2014.0,1 phase,12.0,Cemented,Cemented,Marble,Painted,Painted,5.0,12*13,1.0,4.0,0.0,Wooden,2.0,0,1.0,1,20.0,0,5.0,2.0,0,1.0,1.0,0.0,0.0,1.0,0.0,1.0,0.0,0.0,0,17.9375,10.6,25.0,57.600833333333334,8.387500000000001,0.0,5.670833333333333,1017.0083333333333,251.3708333333333,21.7,2.5,2024,3,16,5,76,1,1.0,6.123233995736766e-17,0.021666666666666667,0.024333333333333332,0.009119047619047619
House#41,2024-03-17,0.0,0.0,0.0,Islamabad,Owner,6.0,6.0,2.0,4.0,0.0,0.0,4.5,4.5,2,Whole,2014.0,1 phase,12.0,Cemented,Cemented,Marble,Painted,Painted,5.0,12*13,1.0,4.0,0.0,Wooden,2.0,0,1.0,1,20.0,0,5.0,2.0,0,1.0,1.0,0.0,0.0,1.0,0.0,1.0,0.0,0.0,0,18.533333333333335,11.4,25.7,55.9625,8.670833333333333,0.0,7.5,1016.8083333333334,225.08333333333334,19.4,2.2916666666666665,2024,3,17,6,77,1,1.0,6.123233995736766e-17,0.0,0.0,0.005642857142857143
House#41,2024-03-18,0.0,0.0,0.0,Islamabad,Owner,6.0,6.0,2.0,4.0,0.0,0.0,4.5,4.5,2,Whole,2014.0,1 phase,12.0,Cemented,Cemented,Marble,Painted,Painted,5.0,12*13,1.0,4.0,0.0,Wooden,2.0,0,1.0,1,20.0,0,5.0,2.0,0,1.0,1.0,0.0,0.0,1.0,0.0,1.0,0.0,0.0,0,19.087500000000002,6.8,26.3,51.564166666666665,7.7625,0.0,6.220833333333334,1013.8583333333332,260.92083333333335,22.5,2.5833333333333335,2024,3,18,0,78,0,1.0,6.123233995736766e-17,0.0,0.0,0.005642857142857143
House#41,2024-03-19,0.0,0.0,0.0,Islamabad,Owner,6.0,6.0,2.0,4.0,0.0,0.0,4.5,4.5,2,Whole,2014.0,1 phase,12.0,Cemented,Cemented,Marble,Painted,Painted,5.0,12*13,1.0,4.0,0.0,Wooden,2.0,0,1.0,1,20.0,0,5.0,2.0,0,1.0,1.0,0.0,0.0,1.0,0.0,1.0,0.0,0.0,0,19.7,7.1,27.4,50.569583333333334,8.141666666666667,0.0,7.229166666666667,1014.0375,261.29583333333335,22.6,2.5416666666666665,2024,3,19,1,79,0,1.0,6.123233995736766e-17,0.0,0.0,0.005642857142857143
House#41,2024-03-20,0.029166666666666667,1.75,1.75,Islamabad,Owner,6.0,6.0,2.0,4.0,0.0,0.0,4.5,4.5,2,Whole,2014.0,1 phase,12.0,Cemented,Cemented,Marble,Painted,Painted,5.0,12*13,1.0,4.0,0.0,Wooden,2.0,0,1.0,1,20.0,0,5.0,2.0,0,1.0,1.0,0.0,0.0,1.0,0.0,1.0,0.0,0.0,0,20.933333333333334,13.3,28.1,50.56125,9.137500000000001,0.0,6.520833333333333,1014.1791666666667,256.96250000000003,22.2,2.5,2024,3,20,2,80,0,1.0,6.123233995736766e-17,0.0,0.0,0.005642857142857143
House#41,2024-03-21,0.018000000000000002,1.08,1.08,Islamabad,Owner,6.0,6.0,2.0,4.0,0.0,0.0,4.5,4.5,2,Whole,2014.0,1 phase,12.0,Cemented,Cemented,Marble,Painted,Painted,5.0,12*13,1.0,4.0,0.0,Wooden,2.0,0,1.0,1,20.0,0,5.0,2.0,0,1.0,1.0,0.0,0.0,1.0,0.0,1.0,0.0,0.0,0,20.383333333333333,17.3,24.2,56.444583333333334,11.183333333333332,0.0,7.791666666666667,1012.8375,98.44166666666666,8.4,0.9583333333333334,2024,3,21,3,81,0,1.0,6.123233995736766e-17,0.029166666666666667,0.017833333333333333,0.00980952380952381
House#41,2024-03-22,0.0,0.0,0.0,Islamabad,Owner,6.0,6.0,2.0,4.0,0.0,0.0,4.5,4.5,2,Whole,2014.0,1 phase,12.0,Cemented,Cemented,Marble,Painted,Painted,5.0,12*13,1.0,4.0,0.0,Wooden,2.0,0,1.0,1,20.0,0,5.0,2.0,0,1.0,1.0,0.0,0.0,1.0,0.0,1.0,0.0,0.0,0,19.204166666666666,15.1,24.4,68.21958333333333,12.875,6.453,9.7125,1012.7791666666667,176.09166666666667,15.1,1.7916666666666667,2024,3,22,4,82,0,1.0,6.123233995736766e-17,0.018000000000000002,0.021666666666666667,0.009833333333333333
House#41,2024-03-23,0.01933333333333333,1.16,1.16,Islamabad,Owner,6.0,6.0,2.0,4.0,0.0,0.0,4.5,4.5,2,Whole,2014.0,1 phase,12.0,Cemented,Cemented,Marble,Painted,Painted,5.0,12*13,1.0,4.0,0.0,Wooden,2.0,0,1.0,1,20.0,0,5.0,2.0,0,1.0,1.0,0.0,0.0,1.0,0.0,1.0,0.0,0.0,0,19.849999999999998,14.1,25.7,61.153333333333336,11.395833333333334,0.211,8.245833333333334,1010.7458333333334,209.47916666666666,18.1,2.0833333333333335,2024,3,23,5,83,1,1.0,6.123233995736766e-17,0.0,0.0,0.006738095238095238
House#41,2024-03-24,0.0,0.0,0.0,Islamabad,Owner,6.0,6.0,2.0,4.0,0.0,0.0,4.5,4.5,2,Whole,2014.0,1 phase,12.0,Cemented,Cemented,Marble,Painted,Painted,5.0,12*13,1.0,4.0,0.0,Wooden,2.0,0,1.0,1,20.0,0,5.0,2.0,0,1.0,1.0,0.0,0.0,1.0,0.0,1.0,0.0,0.0,0,21.47083333333333,15.6,26.8,56.69875,11.991666666666667,0.2,7.6499999999999995,1012.4791666666666,260.0208333333333,22.4,2.5416666666666665,2024,3,24,6,84,1,1.0,6.123233995736766e-17,0.01933333333333333,0.0,0.0095
House#41,2024-03-25,0.0,0.0,0.0,Islamabad,Owner,6.0,6.0,2.0,4.0,0.0,0.0,4.5,4.5,2,Whole,2014.0,1 phase,12.0,Cemented,Cemented,Marble,Painted,Painted,5.0,12*13,1.0,4.0,0.0,Wooden,2.0,0,1.0,1,20.0,0,5.0,2.0,0,1.0,1.0,0.0,0.0,1.0,0.0,1.0,0.0,0.0,0,22.025000000000002,15.7,28.7,55.95875,12.020833333333334,0.0,8.704166666666667,1014.0124999999999,270.05,23.4,2.7083333333333335,2024,3,25,0,85,0,1.0,6.123233995736766e-17,0.0,0.0,0.0095
House#41,2024-03-26,0.016666666666666666,1.0,1.0,Islamabad,Owner,6.0,6.0,2.0,4.0,0.0,0.0,4.5,4.5,2,Whole,2014.0,1 phase,12.0,Cemented,Cemented,Marble,Painted,Painted,5.0,12*13,1.0,4.0,0.0,Wooden,2.0,0,1.0,1,20.0,0,5.0,2.0,0,1.0,1.0,0.0,0.0,1.0,0.0,1.0,0.0,0.0,0,20.991666666666667,16.7,26.6,60.455000000000005,12.495833333333332,0.30000000000000004,6.945833333333333,1012.4708333333333,146.89166666666668,12.7,1.5,2024,3,26,1,86,0,1.0,6.123233995736766e-17,0.0,0.0,0.0095
House#41,2024-03-27,0.0,0.0,0.0,Islamabad,Owner,6.0,6.0,2.0,4.0,0.0,0.0,4.5,4.5,2,Whole,2014.0,1 phase,12.0,Cemented,Cemented,Marble,Painted,Painted,5.0,12*13,1.0,4.0,0.0,Wooden,2.0,0,1.0,1,20.0,0,5.0,2.0,0,1.0,1.0,0.0,0.0,1.0,0.0,1.0,0.0,0.0,0,20.412499999999998,16.9,25.0,69.35333333333334,14.304166666666667,2.712,8.9375,1016.8041666666667,124.70833333333333,10.8,1.1666666666666667,2024,3,27,2,87,0,1.0,6.123233995736766e-17,0.016666666666666666,0.029166666666666667,0.011880952380952381
House#41,2024-03-28,0.0275,1.65,1.65,Islamabad,Owner,6.0,6.0,2.0,4.0,0.0,0.0,4.5,4.5,2,Whole,2014.0,1 phase,12.0,Cemented,Cemented,Marble,Painted,Painted,5.0,12*13,1.0,4.0,0.0,Wooden,2.0,0,1.0,1,20.0,0,5.0,2.0,0,1.0,1.0,0.0,0.0,1.0,0.0,1.0,0.0,0.0,0,21.066666666666666,17.0,25.9,70.92708333333333,15.35,2.5,5.558333333333334,1014.5,200.50833333333333,17.4,2.0,2024,3,28,3,88,0,1.0,6.123233995736766e-17,0.0,0.018000000000000002,0.007714285714285714
House#41,2024-03-29,0.015166666666666667,0.91,0.91,Islamabad,Owner,6.0,6.0,2.0,4.0,0.0,0.0,4.5,4.5,2,Whole,2014.0,1 phase,12.0,Cemented,Cemented,Marble,Painted,Painted,5.0,12*13,1.0,4.0,0.0,Wooden,2.0,0,1.0,1,20.0,0,5.0,2.0,0,1.0,1.0,0.0,0.0,1.0,0.0,1.0,0.0,0.0,0,20.916666666666668,17.3,25.8,68.60916666666667,14.7125,4.7,9.7125,1012.375,239.0666666666667,20.7,2.3333333333333335,2024,3,29,4,89,0,1.0,6.123233995736766e-17,0.0275,0.0,0.009071428571428572
House#41,2024-03-30,0.018500000000000003,1.11,1.11,Islamabad,Owner,6.0,6.0,2.0,4.0,0.0,0.0,4.5,4.5,2,Whole,2014.0,1 phase,12.0,Cemented,Cemented,Marble,Painted,Painted,5.0,12*13,1.0,4.0,0.0,Wooden,2.0,0,1.0,1,20.0,0,5.0,2.0,0,1.0,1.0,0.0,0.0,1.0,0.0,1.0,0.0,0.0,0,18.1,15.0,24.0,75.66125,13.583333333333334,33.9,10.004166666666666,1013.7916666666666,169.84166666666667,14.5,1.7083333333333333,2024,3,30,5,90,1,1.0,6.123233995736766e-17,0.015166666666666667,0.01933333333333333,0.011238095238095238
House#41,2024-03-31,0.0,0.0,0.0,Islamabad,Owner,6.0,6.0,2.0,4.0,0.0,0.0,4.5,4.5,2,Whole,2014.0,1 phase,12.0,Cemented,Cemented,Marble,Painted,Painted,5.0,12*13,1.0,4.0,0.0,Wooden,2.0,0,1.0,1,20.0,0,5.0,2.0,0,1.0,1.0,0.0,0.0,1.0,0.0,1.0,0.0,0.0,0,17.783333333333335,12.7,23.4,70.73708333333333,12.0,2.1,7.716666666666666,1016.4166666666666,271.77500000000003,23.3,2.7916666666666665,2024,3,31,6,91,1,1.0,6.123233995736766e-17,0.018500000000000003,0.0,0.01111904761904762
House#41,2024-04-01,0.0125,0.75,0.75,Islamabad,Owner,6.0,6.0,2.0,4.0,0.0,0.0,4.5,4.5,2,Whole,2014.0,1 phase,12.0,Cemented,Cemented,Marble,Painted,Painted,5.0,12*13,1.0,4.0,0.0,Wooden,2.0,0,1.0,1,20.0,0,5.0,2.0,0,1.0,1.0,0.0,0.0,1.0,0.0,1.0,0.0,0.0,0,19.920833333333334,14.0,26.0,60.62833333333333,11.554166666666667,0.0,8.4625,1010.6791666666667,290.65416666666664,25.0,2.9166666666666665,2024,4,1,0,92,0,0.8660254037844387,-0.4999999999999998,0.0,0.0,0.01111904761904762
House#41,2024-04-02,0.017333333333333333,1.04,1.04,Islamabad,Owner,6.0,6.0,2.0,4.0,0.0,0.0,4.5,4.5,2,Whole,2014.0,1 phase,12.0,Cemented,Cemented,Marble,Painted,Painted,5.0,12*13,1.0,4.0,0.0,Wooden,2.0,0,1.0,1,20.0,0,5.0,2.0,0,1.0,1.0,0.0,0.0,1.0,0.0,1.0,0.0,0.0,0,20.779166666666665,14.4,27.8,57.925000000000004,11.620833333333332,0.0,5.533333333333334,1008.6916666666666,286.39166666666665,24.8,2.875,2024,4,2,1,93,0,0.8660254037844387,-0.4999999999999998,0.0125,0.016666666666666666,0.012904761904761905
House#41,2024-04-03,0.0,0.0,0.0,Islamabad,Owner,6.0,6.0,2.0,4.0,0.0,0.0,4.5,4.5,2,Whole,2014.0,1 phase,12.0,Cemented,Cemented,Marble,Painted,Painted,5.0,12*13,1.0,4.0,0.0,Wooden,2.0,0,1.0,1,20.0,0,5.0,2.0,0,1.0,1.0,0.0,0.0,1.0,0.0,1.0,0.0,0.0,0,20.087500000000002,10.2,28.4,57.15208333333334,11.1,1.482,10.991666666666667,1010.8333333333334,249.66666666666666,21.5,2.5416666666666665,2024,4,3,2,94,0,0.8660254037844387,-0.4999999999999998,0.017333333333333333,0.0,0.013
House#41,2024-04-04,0.028166666666666666,1.69,1.69,Islamabad,Owner,6.0,6.0,2.0,4.0,0.0,0.0,4.5,4.5,2,Whole,2014.0,1 phase,12.0,Cemented,Cemented,Marble,Painted,Painted,5.0,12*13,1.0,4.0,0.0,Wooden,2.0,0,1.0,1,20.0,0,5.0,2.0,0,1.0,1.0,0.0,0.0,1.0,0.0,1.0,0.0,0.0,0,20.104166666666668,14.7,26.1,53.6525,10.0375,0.883,9.616666666666667,1012.5916666666667,253.9333333333333,21.8,2.5,2024,4,4,3,95,0,0.8660254037844387,-0.4999999999999998,0.0,0.0275,0.013
House#41,2024-04-05,0.023166666666666665,1.39,1.39,Islamabad,Owner,6.0,6.0,2.0,4.0,0.0,0.0,4.5,4.5,2,Whole,2014.0,1 phase,12.0,Cemented,Cemented,Marble,Painted,Painted,5.0,12*13,1.0,4.0,0.0,Wooden,2.0,0,1.0,1,20.0,0,5.0,2.0,0,1.0,1.0,0.0,0.0,1.0,0.0,1.0,0.0,0.0,0,20.929166666666667,10.4,28.0,50.70249999999999,9.516666666666667,0.1,8.104166666666666,1010.7833333333333,282.6416666666667,24.2,2.8333333333333335,2024,4,5,4,96,0,0.8660254037844387,-0.4999999999999998,0.028166666666666666,0.015166666666666667,0.013095238095238094
House#41,2024-04-06,0.018000000000000002,1.08,1.08,Islamabad,Owner,6.0,6.0,2.0,4.0,0.0,0.0,4.5,4.5,2,Whole,2014.0,1 phase,12.0,Cemented,Cemented,Marble,Painted,Painted,5.0,12*13,1.0,4.0,0.0,Wooden,2.0,0,1.0,1,20.0,0,5.0,2.0,0,1.0,1.0,0.0,0.0,1.0,0.0,1.0,0.0,0.0,0,21.8625,11.9,28.5,51.03958333333333,9.879166666666666,0.0,10.708333333333334,1010.1374999999999,291.95,25.1,2.9166666666666665,2024,4,6,5,97,1,0.8660254037844387,-0.4999999999999998,0.023166666666666665,0.018500000000000003,0.014238095238095239
House#41,2024-04-07,0.020166666666666666,1.21,1.21,Islamabad,Owner,6.0,6.0,2.0,4.0,0.0,0.0,4.5,4.5,2,Whole,2014.0,1 phase,12.0,Cemented,Cemented,Marble,Painted,Painted,5.0,12*13,1.0,4.0,0.0,Wooden,2.0,0,1.0,1,20.0,0,5.0,2.0,0,1.0,1.0,0.0,0.0,1.0,0.0,1.0,0.0,0.0,0,22.287499999999998,10.3,29.3,47.317499999999995,9.341666666666667,0.0,7.333333333333333,1009.1125000000001,295.4291666666667,25.6,2.875,2024,4,7,6,98,1,0.8660254037844387,-0.4999999999999998,0.018000000000000002,0.0,0.014166666666666666
House#41,2024-04-08,0.0,0.0,0.0,Islamabad,Owner,6.0,6.0,2.0,4.0,0.0,0.0,4.5,4.5,2,Whole,2014.0,1 phase,12.0,Cemented,Cemented,Marble,Painted,Painted,5.0,12*13,1.0,4.0,0.0,Wooden,2.0,0,1.0,1,20.0,0,5.0,2.0,0,1.0,1.0,0.0,0.0,1.0,0.0,1.0,0.0,0.0,0,22.858333333333334,15.7,31.4,48.19708333333333,9.941666666666666,0.0,6.6375,1010.1666666666666,299.76666666666665,25.8,2.9583333333333335,2024,4,8,0,99,0,0.8660254037844387,-0.4999999999999998,0.020166666666666666,0.0125,0.017047619047619048
House#41,2024-04-09,0.0,0.0,0.0,Islamabad,Owner,6.0,6.0,2.0,4.0,0.0,0.0,4.5,4.5,2,Whole,2014.0,1 phase,12.0,Cemented,Cemented,Marble,Painted,Painted,5.0,12*13,1.0,4.0,0.0,Wooden,2.0,0,1.0,1,20.0,0,5.0,2.0,0,1.0,1.0,0.0,0.0,1.0,0.0,1.0,0.0,0.0,0,23.570833333333336,15.4,31.4,46.911249999999995,10.275,0.0,6.908333333333334,1011.1625,274.825,23.7,2.7083333333333335,2024,4,9,1,100,0,0.8660254037844387,-0.4999999999999998,0.0,0.017333333333333333,0.015261904761904763
House#41,2024-04-10,0.0,0.0,0.0,Islamabad,Owner,6.0,6.0,2.0,4.0,0.0,0.0,4.5,4.5,2,Whole,2014.0,1 phase,12.0,Cemented,Cemented,Marble,Painted,Painted,5.0,12*13,1.0,4.0,0.0,Wooden,2.0,0,1.0,1,20.0,0,5.0,2.0,0,1.0,1.0,0.0,0.0,1.0,0.0,1.0,0.0,0.0,0,23.104166666666668,17.8,31.2,49.845416666666665,11.362499999999999,2.143,9.554166666666667,1011.9166666666666,252.84166666666667,21.9,2.4583333333333335,2024,4,10,2,101,0,0.8660254037844387,-0.4999999999999998,0.0,0.0,0.012785714285714286
House#41,2024-04-11,0.0315,1.89,1.89,Islamabad,Owner,6.0,6.0,2.0,4.0,0.0,0.0,4.5,4.5,2,Whole,2014.0,1 phase,12.0,Cemented,Cemented,Marble,Painted,Painted,5.0,12*13,1.0,4.0,0.0,Wooden,2.0,0,1.0,1,20.0,0,5.0,2.0,0,1.0,1.0,0.0,0.0,1.0,0.0,1.0,0.0,0.0,0,23.041666666666668,10.7,28.9,49.34166666666667,11.054166666666667,3.051,8.9375,1014.0500000000001,226.63750000000002,19.6,2.25,2024,4,11,3,102,0,0.8660254037844387,-0.4999999999999998,0.0,0.028166666666666666,0.012785714285714286
House#41,2024-04-12,0.021333333333333333,1.28,1.28,Islamabad,Owner,6.0,6.0,2.0,4.0,0.0,0.0,4.5,4.5,2,Whole,2014.0,1 phase,12.0,Cemented,Cemented,Marble,Painted,Painted,5.0,12*13,1.0,4.0,0.0,Wooden,2.0,0,1.0,1,20.0,0,5.0,2.0,0,1.0,1.0,0.0,0.0,1.0,0.0,1.0,0.0,0.0,0,23.2,17.3,29.5,54.51208333333333,12.870833333333332,0.094,11.387500000000001,1012.4250000000001,242.32083333333333,20.9,2.3333333333333335,2024,4,12,4,103,0,0.8660254037844387,-0.4999999999999998,0.0315,0.023166666666666665,0.013261904761904763
House#41,2024-04-13,0.021833333333333333,1.31,1.31,Islamabad,Owner,6.0,6.0,2.0,4.0,0.0,0.0,4.5,4.5,2,Whole,2014.0,1 phase,12.0,Cemented,Cemented,Marble,Painted,Painted,5.0,12*13,1.0,4.0,0.0,Wooden,2.0,0,1.0,1,20.0,0,5.0,2.0,0,1.0,1.0,0.0,0.0,1.0,0.0,1.0,0.0,0.0,0,19.020833333333332,16.4,23.0,72.815,13.820833333333333,3.1220000000000003,15.366666666666667,1013.6999999999999,54.56666666666667,4.5,0.5416666666666666,2024,4,13,5,104,1,0.8660254037844387,-0.4999999999999998,0.021333333333333333,0.018000000000000002,0.013
House#41,2024-04-14,0.02333333333333333,1.4,1.4,Islamabad,Owner,6.0,6.0,2.0,4.0,0.0,0.0,4.5,4.5,2,Whole,2014.0,1 phase,12.0,Cemented,Cemented,Marble,Painted,Painted,5.0,12*13,1.0,4.0,0.0,Wooden,2.0,0,1.0,1,20.0,0,5.0,2.0,0,1.0,1.0,0.0,0.0,1.0,0.0,1.0,0.0,0.0,0,17.658333333333335,11.5,19.9,84.0925,14.904166666666667,2.027,6.766666666666667,1015.6833333333334,116.90833333333335,10.0,1.2083333333333333,2024,4,14,6,105,1,0.8660254037844387,-0.4999999999999998,0.021833333333333333,0.020166666666666666,0.013547619047619046
House#41,2024-04-15,0.0,0.0,0.0,Islamabad,Owner,6.0,6.0,2.0,4.0,0.0,0.0,4.5,4.5,2,Whole,2014.0,1 phase,12.0,Cemented,Cemented,Marble,Painted,Painted,5.0,12*13,1.0,4.0,0.0,Wooden,2.0,0,1.0,1,20.0,0,5.0,2.0,0,1.0,1.0,0.0,0.0,1.0,0.0,1.0,0.0,0.0,0,17.795833333333334,15.2,20.3,81.93083333333333,14.604166666666666,13.578,9.1625,1014.3958333333334,111.3,9.5,1.0833333333333333,2024,4,15,0,106,0,0.8660254037844387,-0.4999999999999998,0.02333333333333333,0.0,0.014
House#41,2024-04-16,0.038,2.28,2.28,Islamabad,Owner,6.0,6.0,2.0,4.0,0.0,0.0,4.5,4.5,2,Whole,2014.0,1 phase,12.0,Cemented,Cemented,Marble,Painted,Painted,5.0,12*13,1.0,4.0,0.0,Wooden,2.0,0,1.0,1,20.0,0,5.0,2.0,0,1.0,1.0,0.0,0.0,1.0,0.0,1.0,0.0,0.0,0,18.591666666666665,8.6,26.0,73.08083333333333,13.2125,16.032,7.708333333333333,1014.4041666666667,300.02916666666664,25.900000000000002,2.9583333333333335,2024,4,16,1,107,0,0.8660254037844387,-0.4999999999999998,0.0,0.0,0.014
House#41,2024-04-17,0.0,0.0,0.0,Islamabad,Owner,6.0,6.0,2.0,4.0,0.0,0.0,4.5,4.5,2,Whole,2014.0,1 phase,12.0,Cemented,Cemented,Marble,Painted,Painted,5.0,12*13,1.0,4.0,0.0,Wooden,2.0,0,1.0,1,20.0,0,5.0,2.0,0,1.0,1.0,0.0,0.0,1.0,0.0,1.0,0.0,0.0,0,22.03333333333333,11.4,28.2,60.46291666666667,13.329166666666666,0.0,7.1375,1009.7208333333333,272.5416666666667,23.7,2.7083333333333335,2024,4,17,2,108,0,0.8660254037844387,-0.4999999999999998,0.038,0.0,0.01942857142857143
House#41,2024-04-18,0.034833333333333334,2.09,2.09,Islamabad,Owner,6.0,6.0,2.0,4.0,0.0,0.0,4.5,4.5,2,Whole,2014.0,1 phase,12.0,Cemented,Cemented,Marble,Painted,Painted,5.0,12*13,1.0,4.0,0.0,Wooden,2.0,0,1.0,1,20.0,0,5.0,2.0,0,1.0,1.0,0.0,0.0,1.0,0.0,1.0,0.0,0.0,0,20.075,11.0,23.9,72.42666666666666,14.783333333333333,7.827,9.379166666666666,1009.2125,139.10416666666666,11.9,1.4583333333333333,2024,4,18,3,109,0,0.8660254037844387,-0.4999999999999998,0.0,0.0315,0.01942857142857143
House#41,2024-04-19,0.0,0.0,0.0,Islamabad,Owner,6.0,6.0,2.0,4.0,0.0,0.0,4.5,4.5,2,Whole,2014.0,1 phase,12.0,Cemented,Cemented,Marble,Painted,Painted,5.0,12*13,1.0,4.0,0.0,Wooden,2.0,0,1.0,1,20.0,0,5.0,2.0,0,1.0,1.0,0.0,0.0,1.0,0.0,1.0,0.0,0.0,0,16.995833333333334,10.6,19.7,83.7925,14.208333333333334,25.046,14.745833333333332,1007.7666666666668,128.99166666666667,11.2,1.2916666666666667,2024,4,19,4,110,0,0.8660254037844387,-0.4999999999999998,0.034833333333333334,0.021333333333333333,0.019904761904761904
House#41,2024-04-20,0.03883333333333334,2.33,2.33,Islamabad,Owner,6.0,6.0,2.0,4.0,0.0,0.0,4.5,4.5,2,Whole,2014.0,1 phase,12.0,Cemented,Cemented,Marble,Painted,Painted,5.0,12*13,1.0,4.0,0.0,Wooden,2.0,0,1.0,1,20.0,0,5.0,2.0,0,1.0,1.0,0.0,0.0,1.0,0.0,1.0,0.0,0.0,0,18.533333333333335,11.5,24.9,75.7675,13.866666666666667,10.937,9.3375,1008.775,246.17083333333335,21.2,2.4166666666666665,2024,4,20,5,111,1,0.8660254037844387,-0.4999999999999998,0.0,0.021833333333333333,0.016857142857142855
House#41,2024-04-21,0.0,0.0,0.0,Islamabad,Owner,6.0,6.0,2.0,4.0,0.0,0.0,4.5,4.5,2,Whole,2014.0,1 phase,12.0,Cemented,Cemented,Marble,Painted,Painted,5.0,12*13,1.0,4.0,0.0,Wooden,2.0,0,1.0,1,20.0,0,5.0,2.0,0,1.0,1.0,0.0,0.0,1.0,0.0,1.0,0.0,0.0,0,21.179166666666667,15.2,28.1,64.65875,13.629166666666668,0.416,5.541666666666667,1008.0458333333332,294.8875,25.3,2.9166666666666665,2024,4,21,6,112,1,0.8660254037844387,-0.4999999999999998,0.03883333333333334,0.02333333333333333,0.019285714285714288
House#41,2024-04-22,0.034333333333333334,2.06,2.06,Islamabad,Owner,6.0,6.0,2.0,4.0,0.0,0.0,4.5,4.5,2,Whole,2014.0,1 phase,12.0,Cemented,Cemented,Marble,Painted,Painted,5.0,12*13,1.0,4.0,0.0,Wooden,2.0,0,1.0,1,20.0,0,5.0,2.0,0,1.0,1.0,0.0,0.0,1.0,0.0,1.0,0.0,0.0,0,21.945833333333336,13.3,29.0,58.80416666666667,12.920833333333334,1.131,8.266666666666667,1008.7458333333334,277.5,24.1,2.7083333333333335,2024,4,22,0,113,0,0.8660254037844387,-0.4999999999999998,0.0,0.0,0.015952380952380954
House#41,2024-04-23,0.0365,2.19,2.19,Islamabad,Owner,6.0,6.0,2.0,4.0,0.0,0.0,4.5,4.5,2,Whole,2014.0,1 phase,12.0,Cemented,Cemented,Marble,Painted,Painted,5.0,12*13,1.0,4.0,0.0,Wooden,2.0,0,1.0,1,20.0,0,5.0,2.0,0,1.0,1.0,0.0,0.0,1.0,0.0,1.0,0.0,0.0,0,22.1875,14.2,28.6,58.637499999999996,12.970833333333333,0.031,7.145833333333333,1008.6166666666667,285.04583333333335,24.7,2.7916666666666665,2024,4,23,1,114,0,0.8660254037844387,-0.4999999999999998,0.034333333333333334,0.038,0.020857142857142855
House#41,2024-04-24,0.0,0.0,0.0,Islamabad,Owner,6.0,6.0,2.0,4.0,0.0,0.0,4.5,4.5,2,Whole,2014.0,1 phase,12.0,Cemented,Cemented,Marble,Painted,Painted,5.0,12*13,1.0,4.0,0.0,Wooden,2.0,0,1.0,1,20.0,0,5.0,2.0,0,1.0,1.0,0.0,0.0,1.0,0.0,1.0,0.0,0.0,0,23.287499999999998,17.7,29.8,56.714999999999996,13.512500000000001,0.2,6.808333333333334,1008.3833333333333,297.02916666666664,25.7,2.875,2024,4,24,2,115,0,0.8660254037844387,-0.4999999999999998,0.0365,0.0,0.020642857142857147
House#41,2024-04-25,0.021333333333333333,1.28,1.28,Islamabad,Owner,6.0,6.0,2.0,4.0,0.0,0.0,4.5,4.5,2,Whole,2014.0,1 phase,12.0,Cemented,Cemented,Marble,Painted,Painted,5.0,12*13,1.0,4.0,0.0,Wooden,2.0,0,1.0,1,20.0,0,5.0,2.0,0,1.0,1.0,0.0,0.0,1.0,0.0,1.0,0.0,0.0,0,24.129166666666666,17.8,30.0,58.632083333333334,14.933333333333332,0.0,8.487499999999999,1008.6750000000001,307.97499999999997,26.5,3.1666666666666665,2024,4,25,3,116,0,0.8660254037844387,-0.4999999999999998,0.0,0.034833333333333334,0.020642857142857147
House#41,2024-04-26,0.021500000000000002,1.29,1.29,Islamabad,Owner,6.0,6.0,2.0,4.0,0.0,0.0,4.5,4.5,2,Whole,2014.0,1 phase,12.0,Cemented,Cemented,Marble,Painted,Painted,5.0,12*13,1.0,4.0,0.0,Wooden,2.0,0,1.0,1,20.0,0,5.0,2.0,0,1.0,1.0,0.0,0.0,1.0,0.0,1.0,0.0,0.0,0,22.925,19.8,28.7,64.24416666666666,15.554166666666667,0.353,11.704166666666666,1007.7333333333332,206.50833333333333,18.0,2.0833333333333335,2024,4,26,4,117,0,0.8660254037844387,-0.4999999999999998,0.021333333333333333,0.0,0.018714285714285715
House#41,2024-04-27,0.021666666666666667,1.3,1.3,Islamabad,Owner,6.0,6.0,2.0,4.0,0.0,0.0,4.5,4.5,2,Whole,2014.0,1 phase,12.0,Cemented,Cemented,Marble,Painted,Painted,5.0,12*13,1.0,4.0,0.0,Wooden,2.0,0,1.0,1,20.0,0,5.0,2.0,0,1.0,1.0,0.0,0.0,1.0,0.0,1.0,0.0,0.0,0,18.770833333333332,16.8,21.6,74.79,14.145833333333334,3.4459999999999997,10.033333333333333,1009.9375,141.82916666666668,12.2,1.375,2024,4,27,5,118,1,0.8660254037844387,-0.4999999999999998,0.021500000000000002,0.03883333333333334,0.02178571428571429
House#41,2024-04-28,0.023,1.38,1.38,Islamabad,Owner,6.0,6.0,2.0,4.0,0.0,0.0,4.5,4.5,2,Whole,2014.0,1 phase,12.0,Cemented,Cemented,Marble,Painted,Painted,5.0,12*13,1.0,4.0,0.0,Wooden,2.0,0,1.0,1,20.0,0,5.0,2.0,0,1.0,1.0,0.0,0.0,1.0,0.0,1.0,0.0,0.0,0,18.733333333333334,8.7,23.6,73.84958333333334,13.841666666666667,22.604,11.450000000000001,1010.6208333333334,210.35,18.4,2.125,2024,4,28,6,119,1,0.8660254037844387,-0.4999999999999998,0.021666666666666667,0.0,0.019333333333333334
House#41,2024-04-29,0.0,0.0,0.0,Islamabad,Owner,6.0,6.0,2.0,4.0,0.0,0.0,4.5,4.5,2,Whole,2014.0,1 phase,12.0,Cemented,Cemented,Marble,Painted,Painted,5.0,12*13,1.0,4.0,0.0,Wooden,2.0,0,1.0,1,20.0,0,5.0,2.0,0,1.0,1.0,0.0,0.0,1.0,0.0,1.0,0.0,0.0,0,16.054166666666667,8.1,21.4,77.26708333333333,12.0,3.735,13.4625,1011.2333333333332,180.1625,15.5,1.8333333333333333,2024,4,29,0,120,0,0.8660254037844387,-0.4999999999999998,0.023,0.034333333333333334,0.02261904761904762
House#41,2024-04-30,0.010166666666666666,0.61,0.61,Islamabad,Owner,6.0,6.0,2.0,4.0,0.0,0.0,4.5,4.5,2,Whole,2014.0,1 phase,12.0,Cemented,Cemented,Marble,Painted,Painted,5.0,12*13,1.0,4.0,0.0,Wooden,2.0,0,1.0,1,20.0,0,5.0,2.0,0,1.0,1.0,0.0,0.0,1.0,0.0,1.0,0.0,0.0,0,16.779166666666665,6.8,22.7,67.29875,10.329166666666667,2.7,10.195833333333333,1010.3625000000001,291.2375,25.1,2.9583333333333335,2024,4,30,1,121,0,0.8660254037844387,-0.4999999999999998,0.0,0.0365,0.017714285714285714
House#41,2024-05-01,0.010333333333333333,0.62,0.62,Islamabad,Owner,6.0,6.0,2.0,4.0,0.0,0.0,4.5,4.5,2,Whole,2014.0,1 phase,12.0,Cemented,Cemented,Marble,Painted,Painted,5.0,12*13,1.0,4.0,0.0,Wooden,2.0,0,1.0,1,20.0,0,5.0,2.0,0,1.0,1.0,0.0,0.0,1.0,0.0,1.0,0.0,0.0,0,19.345833333333335,8.1,25.9,63.12,11.445833333333333,0.0,7.5125,1006.1666666666666,326.5833333333333,28.4,3.25,2024,5,1,2,122,0,0.49999999999999994,-0.8660254037844387,0.010166666666666666,0.0,0.013952380952380952
House#41,2024-05-02,0.011833333333333333,0.71,0.71,Islamabad,Owner,6.0,6.0,2.0,4.0,0.0,0.0,4.5,4.5,2,Whole,2014.0,1 phase,12.0,Cemented,Cemented,Marble,Painted,Painted,5.0,12*13,1.0,4.0,0.0,Wooden,2.0,0,1.0,1,20.0,0,5.0,2.0,0,1.0,1.0,0.0,0.0,1.0,0.0,1.0,0.0,0.0,0,21.579166666666666,11.1,29.4,56.06041666666667,11.375,0.0,7.529166666666666,1006.6125000000001,326.19166666666666,28.2,3.25,2024,5,2,3,123,0,0.49999999999999994,-0.8660254037844387,0.010333333333333333,0.021333333333333333,0.015428571428571429
House#41,2024-05-03,0.010833333333333334,0.65,0.65,Islamabad,Owner,6.0,6.0,2.0,4.0,0.0,0.0,4.5,4.5,2,Whole,2014.0,1 phase,12.0,Cemented,Cemented,Marble,Painted,Painted,5.0,12*13,1.0,4.0,0.0,Wooden,2.0,0,1.0,1,20.0,0,5.0,2.0,0,1.0,1.0,0.0,0.0,1.0,0.0,1.0,0.0,0.0,0,21.787499999999998,17.2,27.5,65.20208333333333,14.629166666666668,0.015,7.016666666666667,1007.6083333333332,213.21666666666667,18.4,2.125,2024,5,3,4,124,0,0.49999999999999994,-0.8660254037844387,0.011833333333333333,0.021500000000000002,0.014071428571428572
House#41,2024-05-04,0.008333333333333333,0.5,0.5,Islamabad,Owner,6.0,6.0,2.0,4.0,0.0,0.0,4.5,4.5,2,Whole,2014.0,1 phase,12.0,Cemented,Cemented,Marble,Painted,Painted,5.0,12*13,1.0,4.0,0.0,Wooden,2.0,0,1.0,1,20.0,0,5.0,2.0,0,1.0,1.0,0.0,0.0,1.0,0.0,1.0,0.0,0.0,0,23.820833333333336,19.2,29.8,54.92041666666666,13.6625,0.1,10.354166666666666,1009.8291666666668,296.0708333333333,25.6,3.0,2024,5,4,5,125,1,0.49999999999999994,-0.8660254037844387,0.010833333333333334,0.021666666666666667,0.012547619047619047
House#41,2024-05-05,0.0,0.0,0.0,Islamabad,Owner,6.0,6.0,2.0,4.0,0.0,0.0,4.5,4.5,2,Whole,2014.0,1 phase,12.0,Cemented,Cemented,Marble,Painted,Painted,5.0,12*13,1.0,4.0,0.0,Wooden,2.0,0,1.0,1,20.0,0,5.0,2.0,0,1.0,1.0,0.0,0.0,1.0,0.0,1.0,0.0,0.0,0,24.275000000000002,11.5,31.2,55.504999999999995,14.120833333333332,0.0,11.512500000000001,1005.0916666666667,318.2291666666667,27.3,3.25,2024,5,5,6,126,1,0.49999999999999994,-0.8660254037844387,0.008333333333333333,0.023,0.010642857142857143
House#41,2024-05-06,0.0,0.0,0.0,Islamabad,Owner,6.0,6.0,2.0,4.0,0.0,0.0,4.5,4.5,2,Whole,2014.0,1 phase,12.0,Cemented,Cemented,Marble,Painted,Painted,5.0,12*13,1.0,4.0,0.0,Wooden,2.0,0,1.0,1,20.0,0,5.0,2.0,0,1.0,1.0,0.0,0.0,1.0,0.0,1.0,0.0,0.0,0,26.916666666666668,20.0,33.5,52.637499999999996,15.583333333333334,0.0,7.6499999999999995,1004.9791666666666,316.5833333333333,27.400000000000002,3.2083333333333335,2024,5,6,0,127,0,0.49999999999999994,-0.8660254037844387,0.0,0.0,0.007357142857142856
House#41,2024-05-07,0.007,0.42,0.42,Islamabad,Owner,6.0,6.0,2.0,4.0,0.0,0.0,4.5,4.5,2,Whole,2014.0,1 phase,12.0,Cemented,Cemented,Marble,Painted,Painted,5.0,12*13,1.0,4.0,0.0,Wooden,2.0,0,1.0,1,20.0,0,5.0,2.0,0,1.0,1.0,0.0,0.0,1.0,0.0,1.0,0.0,0.0,0,27.816666666666666,20.7,35.0,49.41166666666667,15.120833333333332,0.0,7.983333333333333,1006.3583333333332,322.3375,27.9,3.2083333333333335,2024,5,7,1,128,0,0.49999999999999994,-0.8660254037844387,0.0,0.010166666666666666,0.007357142857142856
House#41,2024-05-08,0.0,0.0,0.0,Islamabad,Owner,6.0,6.0,2.0,4.0,0.0,0.0,4.5,4.5,2,Whole,2014.0,1 phase,12.0,Cemented,Cemented,Marble,Painted,Painted,5.0,12*13,1.0,4.0,0.0,Wooden,2.0,0,1.0,1,20.0,0,5.0,2.0,0,1.0,1.0,0.0,0.0,1.0,0.0,1.0,0.0,0.0,0,27.979166666666668,17.9,35.7,49.095416666666665,15.2125,0.0,6.354166666666667,1006.0749999999999,328.8833333333333,28.4,3.25,2024,5,8,2,129,0,0.49999999999999994,-0.8660254037844387,0.007,0.010333333333333333,0.006904761904761905
House#41,2024-05-09,0.0,0.0,0.0,Islamabad,Owner,6.0,6.0,2.0,4.0,0.0,0.0,4.5,4.5,2,Whole,2014.0,1 phase,12.0,Cemented,Cemented,Marble,Painted,Painted,5.0,12*13,1.0,4.0,0.0,Wooden,2.0,0,1.0,1,20.0,0,5.0,2.0,0,1.0,1.0,0.0,0.0,1.0,0.0,1.0,0.0,0.0,0,28.599999999999998,21.3,35.3,49.56666666666666,16.329166666666666,0.0,9.895833333333334,1005.2624999999999,316.62083333333334,27.4,3.1666666666666665,2024,5,9,3,130,0,0.49999999999999994,-0.8660254037844387,0.0,0.011833333333333333,0.0054285714285714284
House#41,2024-05-10,0.0,0.0,0.0,Islamabad,Owner,6.0,6.0,2.0,4.0,0.0,0.0,4.5,4.5,2,Whole,2014.0,1 phase,12.0,Cemented,Cemented,Marble,Painted,Painted,5.0,12*13,1.0,4.0,0.0,Wooden,2.0,0,1.0,1,20.0,0,5.0,2.0,0,1.0,1.0,0.0,0.0,1.0,0.0,1.0,0.0,0.0,0,26.079166666666666,15.5,30.2,58.52458333333333,16.979166666666668,14.775,10.533333333333333,1008.1125000000001,282.6166666666667,24.3,2.75,2024,5,10,4,131,0,0.49999999999999994,-0.8660254037844387,0.0,0.010833333333333334,0.0037380952380952383
House#41,2024-05-11,0.0,0.0,0.0,Islamabad,Owner,6.0,6.0,2.0,4.0,0.0,0.0,4.5,4.5,2,Whole,2014.0,1 phase,12.0,Cemented,Cemented,Marble,Painted,Painted,5.0,12*13,1.0,4.0,0.0,Wooden,2.0,0,1.0,1,20.0,0,5.0,2.0,0,1.0,1.0,0.0,0.0,1.0,0.0,1.0,0.0,0.0,0,26.695833333333336,20.7,32.7,54.33083333333334,16.083333333333332,0.4,7.75,1009.1166666666667,286.45,24.9,2.8333333333333335,2024,5,11,5,132,1,0.49999999999999994,-0.8660254037844387,0.0,0.008333333333333333,0.0021904761904761906
House#41,2024-05-12,0.0,0.0,0.0,Islamabad,Owner,6.0,6.0,2.0,4.0,0.0,0.0,4.5,4.5,2,Whole,2014.0,1 phase,12.0,Cemented,Cemented,Marble,Painted,Painted,5.0,12*13,1.0,4.0,0.0,Wooden,2.0,0,1.0,1,20.0,0,5.0,2.0,0,1.0,1.0,0.0,0.0,1.0,0.0,1.0,0.0,0.0,0,23.504166666666666,11.5,28.5,60.62291666666667,15.116666666666667,4.441000000000001,10.137500000000001,1010.8083333333334,272.33750000000003,23.6,2.7083333333333335,2024,5,12,6,133,1,0.49999999999999994,-0.8660254037844387,0.0,0.0,0.001
House#41,2024-05-13,0.0,0.0,0.0,Islamabad,Owner,6.0,6.0,2.0,4.0,0.0,0.0,4.5,4.5,2,Whole,2014.0,1 phase,12.0,Cemented,Cemented,Marble,Painted,Painted,5.0,12*13,1.0,4.0,0.0,Wooden,2.0,0,1.0,1,20.0,0,5.0,2.0,0,1.0,1.0,0.0,0.0,1.0,0.0,1.0,0.0,0.0,0,24.308333333333334,11.0,31.8,51.34583333333333,12.783333333333333,0.0,8.299999999999999,1011.6666666666666,329.44166666666666,28.2,3.2916666666666665,2024,5,13,0,134,0,0.49999999999999994,-0.8660254037844387,0.0,0.0,0.001
House#41,2024-05-14,0.00016666666666666666,0.01,0.01,Islamabad,Owner,6.0,6.0,2.0,4.0,0.0,0.0,4.5,4.5,2,Whole,2014.0,1 phase,12.0,Cemented,Cemented,Marble,Painted,Painted,5.0,12*13,1.0,4.0,0.0,Wooden,2.0,0,1.0,1,20.0,0,5.0,2.0,0,1.0,1.0,0.0,0.0,1.0,0.0,1.0,0.0,0.0,0,26.8625,19.8,34.7,46.150416666666665,13.1625,0.0,6.508333333333333,1010.1125000000001,330.92083333333335,28.5,3.2916666666666665,2024,5,14,1,135,0,0.49999999999999994,-0.8660254037844387,0.0,0.007,0.001
House#41,2024-05-15,0.0,0.0,0.0,Islamabad,Owner,6.0,6.0,2.0,4.0,0.0,0.0,4.5,4.5,2,Whole,2014.0,1 phase,12.0,Cemented,Cemented,Marble,Painted,Painted,5.0,12*13,1.0,4.0,0.0,Wooden,2.0,0,1.0,1,20.0,0,5.0,2.0,0,1.0,1.0,0.0,0.0,1.0,0.0,1.0,0.0,0.0,0,28.866666666666664,20.7,36.4,44.71,14.5375,0.0,6.375,1008.7958333333332,320.41249999999997,27.6,3.2083333333333335,2024,5,15,2,136,0,0.49999999999999994,-0.8660254037844387,0.00016666666666666666,0.0,2.380952380952381e-05
House#41,2024-05-16,0.0,0.0,0.0,Islamabad,Owner,6.0,6.0,2.0,4.0,0.0,0.0,4.5,4.5,2,Whole,2014.0,1 phase,12.0,Cemented,Cemented,Marble,Painted,Painted,5.0,12*13,1.0,4.0,0.0,Wooden,2.0,0,1.0,1,20.0,0,5.0,2.0,0,1.0,1.0,0.0,0.0,1.0,0.0,1.0,0.0,0.0,0,30.316666666666666,23.0,37.7,41.77916666666666,15.029166666666667,1.5,7.5874999999999995,1008.7041666666668,295.3041666666667,25.5,3.0,2024,5,16,3,137,0,0.49999999999999994,-0.8660254037844387,0.0,0.0,2.380952380952381e-05
House#41,2024-05-17,0.0,0.0,0.0,Islamabad,Owner,6.0,6.0,2.0,4.0,0.0,0.0,4.5,4.5,2,Whole,2014.0,1 phase,12.0,Cemented,Cemented,Marble,Painted,Painted,5.0,12*13,1.0,4.0,0.0,Wooden,2.0,0,1.0,1,20.0,0,5.0,2.0,0,1.0,1.0,0.0,0.0,1.0,0.0,1.0,0.0,0.0,0,30.900000000000002,24.0,38.2,36.770833333333336,13.641666666666666,0.0,8.862499999999999,1006.225,315.1666666666667,27.2,3.2083333333333335,2024,5,17,4,138,0,0.49999999999999994,-0.8660254037844387,0.0,0.0,2.380952380952381e-05
House#41,2024-05-18,0.0005,0.03,0.03,Islamabad,Owner,6.0,6.0,2.0,4.0,0.0,0.0,4.5,4.5,2,Whole,2014.0,1 phase,12.0,Cemented,Cemented,Marble,Painted,Painted,5.0,12*13,1.0,4.0,0.0,Wooden,2.0,0,1.0,1,20.0,0,5.0,2.0,0,1.0,1.0,0.0,0.0,1.0,0.0,1.0,0.0,0.0,0,31.416666666666668,26.4,36.9,35.2725,13.75,0.0,10.816666666666668,1003.8458333333333,296.6041666666667,25.4,2.875,2024,5,18,5,139,1,0.49999999999999994,-0.8660254037844387,0.0,0.0,2.380952380952381e-05
House#41,2024-05-19,0.0,0.0,0.0,Islamabad,Owner,6.0,6.0,2.0,4.0,0.0,0.0,4.5,4.5,2,Whole,2014.0,1 phase,12.0,Cemented,Cemented,Marble,Painted,Painted,5.0,12*13,1.0,4.0,0.0,Wooden,2.0,0,1.0,1,20.0,0,5.0,2.0,0,1.0,1.0,0.0,0.0,1.0,0.0,1.0,0.0,0.0,0,30.791666666666668,24.8,37.5,39.35208333333333,14.737499999999999,0.0,7.366666666666667,1001.7583333333333,303.00416666666666,26.0,3.0,2024,5,19,6,140,1,0.49999999999999994,-0.8660254037844387,0.0005,0.0,9.523809523809524e-05
House#41,2024-05-20,0.0,0.0,0.0,Islamabad,Owner,6.0,6.0,2.0,4.0,0.0,0.0,4.5,4.5,2,Whole,2014.0,1 phase,12.0,Cemented,Cemented,Marble,Painted,Painted,5.0,12*13,1.0,4.0,0.0,Wooden,2.0,0,1.0,1,20.0,0,5.0,2.0,0,1.0,1.0,0.0,0.0,1.0,0.0,1.0,0.0,0.0,0,31.766666666666666,25.2,39.1,35.355,13.170833333333334,0.0,7.729166666666667,1002.5541666666667,311.2083333333333,26.9,3.1666666666666665,2024,5,20,0,141,0,0.49999999999999994,-0.8660254037844387,0.0,0.0,9.523809523809524e-05
House#41,2024-05-21,0.0,0.0,0.0,Islamabad,Owner,6.0,6.0,2.0,4.0,0.0,0.0,4.5,4.5,2,Whole,2014.0,1 phase,12.0,Cemented,Cemented,Marble,Painted,Painted,5.0,12*13,1.0,4.0,0.0,Wooden,2.0,0,1.0,1,20.0,0,5.0,2.0,0,1.0,1.0,0.0,0.0,1.0,0.0,1.0,0.0,0.0,0,31.520833333333332,17.4,38.4,33.915,12.558333333333332,0.0,9.225,1003.1,324.95,28.0,3.2916666666666665,2024,5,21,1,142,0,0.49999999999999994,-0.8660254037844387,0.0,0.00016666666666666666,9.523809523809524e-05
House#41,2024-05-22,0.029666666666666668,1.78,1.78,Islamabad,Owner,6.0,6.0,2.0,4.0,0.0,0.0,4.5,4.5,2,Whole,2014.0,1 phase,12.0,Cemented,Cemented,Marble,Painted,Painted,5.0,12*13,1.0,4.0,0.0,Wooden,2.0,0,1.0,1,20.0,0,5.0,2.0,0,1.0,1.0,0.0,0.0,1.0,0.0,1.0,0.0,0.0,0,32.233333333333334,17.4,40.1,31.770833333333332,12.0375,0.0,7.266666666666667,1002.4125,323.26666666666665,27.9,3.2083333333333335,2024,5,22,2,143,0,0.49999999999999994,-0.8660254037844387,0.0,0.0,7.142857142857143e-05
House#41,2024-05-23,0.0,0.0,0.0,Islamabad,Owner,6.0,6.0,2.0,4.0,0.0,0.0,4.5,4.5,2,Whole,2014.0,1 phase,12.0,Cemented,Cemented,Marble,Painted,Painted,5.0,12*13,1.0,4.0,0.0,Wooden,2.0,0,1.0,1,20.0,0,5.0,2.0,0,1.0,1.0,0.0,0.0,1.0,0.0,1.0,0.0,0.0,0,32.49166666666667,24.4,39.6,32.43416666666666,13.166666666666666,0.0,9.141666666666667,1001.6333333333333,311.27916666666664,26.9,3.125,2024,5,23,3,144,0,0.49999999999999994,-0.8660254037844387,0.029666666666666668,0.0,0.00430952380952381
House#41,2024-05-24,0.0,0.0,0.0,Islamabad,Owner,6.0,6.0,2.0,4.0,0.0,0.0,4.5,4.5,2,Whole,2014.0,1 phase,12.0,Cemented,Cemented,Marble,Painted,Painted,5.0,12*13,1.0,4.0,0.0,Wooden,2.0,0,1.0,1,20.0,0,5.0,2.0,0,1.0,1.0,0.0,0.0,1.0,0.0,1.0,0.0,0.0,0,31.291666666666668,23.1,39.2,34.34458333333333,13.129166666666668,2.649,8.083333333333334,1002.4666666666667,297.3333333333333,25.7,3.0,2024,5,24,4,145,0,0.49999999999999994,-0.8660254037844387,0.0,0.0,0.00430952380952381
House#41,2024-05-25,0.0,0.0,0.0,Islamabad,Owner,6.0,6.0,2.0,4.0,0.0,0.0,4.5,4.5,2,Whole,2014.0,1 phase,12.0,Cemented,Cemented,Marble,Painted,Painted,5.0,12*13,1.0,4.0,0.0,Wooden,2.0,0,1.0,1,20.0,0,5.0,2.0,0,1.0,1.0,0.0,0.0,1.0,0.0,1.0,0.0,0.0,0,31.5,25.3,37.6,32.604166666666664,12.258333333333333,0.141,12.612499999999999,1001.6541666666667,331.87083333333334,28.8,3.3333333333333335,2024,5,25,5,146,1,0.49999999999999994,-0.8660254037844387,0.0,0.0005,0.00430952380952381
House#41,2024-05-26,0.0,0.0,0.0,Islamabad,Owner,6.0,6.0,2.0,4.0,0.0,0.0,4.5,4.5,2,Whole,2014.0,1 phase,12.0,Cemented,Cemented,Marble,Painted,Painted,5.0,12*13,1.0,4.0,0.0,Wooden,2.0,0,1.0,1,20.0,0,5.0,2.0,0,1.0,1.0,0.0,0.0,1.0,0.0,1.0,0.0,0.0,0,32.550000000000004,22.6,39.9,29.348333333333333,10.987499999999999,0.0,11.174999999999999,998.9458333333333,338.15000000000003,29.1,3.375,2024,5,26,6,147,1,0.49999999999999994,-0.8660254037844387,0.0,0.0,0.004238095238095238
House#41,2024-05-27,0.0,0.0,0.0,Islamabad,Owner,6.0,6.0,2.0,4.0,0.0,0.0,4.5,4.5,2,Whole,2014.0,1 phase,12.0,Cemented,Cemented,Marble,Painted,Painted,5.0,12*13,1.0,4.0,0.0,Wooden,2.0,0,1.0,1,20.0,0,5.0,2.0,0,1.0,1.0,0.0,0.0,1.0,0.0,1.0,0.0,0.0,0,32.52916666666667,20.7,40.8,25.804166666666664,8.533333333333333,0.0,10.695833333333333,996.1208333333334,341.42083333333335,29.599999999999998,3.4583333333333335,2024,5,27,0,148,0,0.49999999999999994,-0.8660254037844387,0.0,0.0,0.004238095238095238
House#41,2024-05-28,0.07983333333333334,4.79,4.79,Islamabad,Owner,6.0,6.0,2.0,4.0,0.0,0.0,4.5,4.5,2,Whole,2014.0,1 phase,12.0,Cemented,Cemented,Marble,Painted,Painted,5.0,12*13,1.0,4.0,0.0,Wooden,2.0,0,1.0,1,20.0,0,5.0,2.0,0,1.0,1.0,0.0,0.0,1.0,0.0,1.0,0.0,0.0,0,33.40833333333333,25.4,40.6,20.423750000000002,6.041666666666667,0.0,13.125,994.0749999999999,342.2166666666667,29.599999999999998,3.375,2024,5,28,1,149,0,0.49999999999999994,-0.8660254037844387,0.0,0.0,0.004238095238095238
House#41,2024-05-29,0.051166666666666666,3.07,3.07,Islamabad,Owner,6.0,6.0,2.0,4.0,0.0,0.0,4.5,4.5,2,Whole,2014.0,1 phase,12.0,Cemented,Cemented,Marble,Painted,Painted,5.0,12*13,1.0,4.0,0.0,Wooden,2.0,0,1.0,1,20.0,0,5.0,2.0,0,1.0,1.0,0.0,0.0,1.0,0.0,1.0,0.0,0.0,0,32.30833333333333,24.2,39.3,23.899583333333336,8.316666666666666,0.0,9.674999999999999,995.7083333333334,330.0,28.7,3.25,2024,5,29,2,150,0,0.49999999999999994,-0.8660254037844387,0.07983333333333334,0.029666666666666668,0.015642857142857146
House#41,2024-05-30,0.047,2.82,2.82,Islamabad,Owner,6.0,6.0,2.0,4.0,0.0,0.0,4.5,4.5,2,Whole,2014.0,1 phase,12.0,Cemented,Cemented,Marble,Painted,Painted,5.0,12*13,1.0,4.0,0.0,Wooden,2.0,0,1.0,1,20.0,0,5.0,2.0,0,1.0,1.0,0.0,0.0,1.0,0.0,1.0,0.0,0.0,0,32.55416666666667,26.0,39.5,24.65833333333333,8.6,0.0,9.470833333333333,998.9666666666667,335.175,29.0,3.375,2024,5,30,3,151,0,0.49999999999999994,-0.8660254037844387,0.051166666666666666,0.0,0.018714285714285715
House#41,2024-05-31,0.03066666666666667,1.84,1.84,Islamabad,Owner,6.0,6.0,2.0,4.0,0.0,0.0,4.5,4.5,2,Whole,2014.0,1 phase,12.0,Cemented,Cemented,Marble,Painted,Painted,5.0,12*13,1.0,4.0,0.0,Wooden,2.0,0,1.0,1,20.0,0,5.0,2.0,0,1.0,1.0,0.0,0.0,1.0,0.0,1.0,0.0,0.0,0,31.420833333333334,18.9,40.4,24.03333333333333,7.295833333333333,0.0,8.4625,1000.6208333333334,315.8958333333333,27.2,3.125,2024,5,31,4,152,0,0.49999999999999994,-0.8660254037844387,0.047,0.0,0.02542857142857143
House#41,2024-06-01,0.030000000000000002,1.8,1.8,Islamabad,Owner,6.0,6.0,2.0,4.0,0.0,0.0,4.5,4.5,2,Whole,2014.0,1 phase,12.0,Cemented,Cemented,Marble,Painted,Painted,5.0,12*13,1.0,4.0,0.0,Wooden,2.0,0,1.0,1,20.0,0,5.0,2.0,0,1.0,1.0,0.0,0.0,1.0,0.0,1.0,0.0,0.0,0,33.15833333333333,20.4,40.0,22.2375,7.404166666666666,0.07,12.133333333333333,1001.6416666666668,323.4916666666667,28.0,3.2916666666666665,2024,6,1,5,153,1,1.2246467991473532e-16,-1.0,0.03066666666666667,0.0,0.02980952380952381
House#41,2024-06-02,0.021666666666666667,1.3,1.3,Islamabad,Owner,6.0,6.0,2.0,4.0,0.0,0.0,4.5,4.5,2,Whole,2014.0,1 phase,12.0,Cemented,Cemented,Marble,Painted,Painted,5.0,12*13,1.0,4.0,0.0,Wooden,2.0,0,1.0,1,20.0,0,5.0,2.0,0,1.0,1.0,0.0,0.0,1.0,0.0,1.0,0.0,0.0,0,32.88333333333333,25.7,40.2,24.870833333333334,9.450000000000001,0.0,9.375,1002.4125,317.67083333333335,27.5,3.2083333333333335,2024,6,2,6,154,1,1.2246467991473532e-16,-1.0,0.030000000000000002,0.0,0.034095238095238095
House#41,2024-06-03,0.02,1.2,1.2,Islamabad,Owner,6.0,6.0,2.0,4.0,0.0,0.0,4.5,4.5,2,Whole,2014.0,1 phase,12.0,Cemented,Cemented,Marble,Painted,Painted,5.0,12*13,1.0,4.0,0.0,Wooden,2.0,0,1.0,1,20.0,0,5.0,2.0,0,1.0,1.0,0.0,0.0,1.0,0.0,1.0,0.0,0.0,0,32.88333333333333,25.1,40.9,27.34375,10.658333333333333,0.3,10.9,1001.1,300.64166666666665,26.0,3.0416666666666665,2024,6,3,0,155,0,1.2246467991473532e-16,-1.0,0.021666666666666667,0.0,0.0371904761904762
House#41,2024-06-04,0.018166666666666668,1.09,1.09,Islamabad,Owner,6.0,6.0,2.0,4.0,0.0,0.0,4.5,4.5,2,Whole,2014.0,1 phase,12.0,Cemented,Cemented,Marble,Painted,Painted,5.0,12*13,1.0,4.0,0.0,Wooden,2.0,0,1.0,1,20.0,0,5.0,2.0,0,1.0,1.0,0.0,0.0,1.0,0.0,1.0,0.0,0.0,0,31.041666666666668,23.0,39.0,33.196666666666665,11.9125,0.3,7.5625,1001.3625000000001,290.84166666666664,25.099999999999998,2.9583333333333335,2024,6,4,1,156,0,1.2246467991473532e-16,-1.0,0.02,0.07983333333333334,0.04004761904761905
House#41,2024-06-05,0.0205,1.23,1.23,Islamabad,Owner,6.0,6.0,2.0,4.0,0.0,0.0,4.5,4.5,2,Whole,2014.0,1 phase,12.0,Cemented,Cemented,Marble,Painted,Painted,5.0,12*13,1.0,4.0,0.0,Wooden,2.0,0,1.0,1,20.0,0,5.0,2.0,0,1.0,1.0,0.0,0.0,1.0,0.0,1.0,0.0,0.0,0,28.816666666666666,21.3,34.1,40.575833333333335,13.495833333333332,5.55,17.741666666666667,1003.75,194.30416666666667,16.7,1.9583333333333333,2024,6,5,2,157,0,1.2246467991473532e-16,-1.0,0.018166666666666668,0.051166666666666666,0.03123809523809524
House#41,2024-06-06,0.06899999999999999,4.14,4.14,Islamabad,Owner,6.0,6.0,2.0,4.0,0.0,0.0,4.5,4.5,2,Whole,2014.0,1 phase,12.0,Cemented,Cemented,Marble,Painted,Painted,5.0,12*13,1.0,4.0,0.0,Wooden,2.0,0,1.0,1,20.0,0,5.0,2.0,0,1.0,1.0,0.0,0.0,1.0,0.0,1.0,0.0,0.0,0,26.40416666666667,16.4,32.9,48.65,13.950000000000001,6.880999999999999,8.325000000000001,1007.5875,308.0416666666667,26.599999999999998,3.0416666666666665,2024,6,6,3,158,0,1.2246467991473532e-16,-1.0,0.0205,0.047,0.026857142857142857
House#41,2024-06-07,0.051666666666666666,3.1,3.1,Islamabad,Owner,6.0,6.0,2.0,4.0,0.0,0.0,4.5,4.5,2,Whole,2014.0,1 phase,12.0,Cemented,Cemented,Marble,Painted,Painted,5.0,12*13,1.0,4.0,0.0,Wooden,2.0,0,1.0,1,20.0,0,5.0,2.0,0,1.0,1.0,0.0,0.0,1.0,0.0,1.0,0.0,0.0,0,26.7625,21.4,32.3,45.774166666666666,13.270833333333334,0.0,8.891666666666667,1005.2833333333333,255.59583333333333,21.9,2.5416666666666665,2024,6,7,4,159,0,1.2246467991473532e-16,-1.0,0.06899999999999999,0.03066666666666667,0.030000000000000002
House#41,2024-06-08,0.030333333333333334,1.82,1.82,Islamabad,Owner,6.0,6.0,2.0,4.0,0.0,0.0,4.5,4.5,2,Whole,2014.0,1 phase,12.0,Cemented,Cemented,Marble,Painted,Painted,5.0,12*13,1.0,4.0,0.0,Wooden,2.0,0,1.0,1,20.0,0,5.0,2.0,0,1.0,1.0,0.0,0.0,1.0,0.0,1.0,0.0,0.0,0,28.708333333333332,23.2,34.7,37.462916666666665,11.887500000000001,0.101,10.066666666666666,1003.5124999999999,327.15,28.1,3.2916666666666665,2024,6,8,5,160,1,1.2246467991473532e-16,-1.0,0.051666666666666666,0.030000000000000002,0.033
House#41,2024-06-09,0.021,1.26,1.26,Islamabad,Owner,6.0,6.0,2.0,4.0,0.0,0.0,4.5,4.5,2,Whole,2014.0,1 phase,12.0,Cemented,Cemented,Marble,Painted,Painted,5.0,12*13,1.0,4.0,0.0,Wooden,2.0,0,1.0,1,20.0,0,5.0,2.0,0,1.0,1.0,0.0,0.0,1.0,0.0,1.0,0.0,0.0,0,29.791666666666668,22.1,37.0,33.28916666666667,10.604166666666666,0.0,10.258333333333333,1002.5291666666667,335.125,28.9,3.375,2024,6,9,6,161,1,1.2246467991473532e-16,-1.0,0.030333333333333334,0.021666666666666667,0.03304761904761905
House#41,2024-06-10,0.016,0.96,0.96,Islamabad,Owner,6.0,6.0,2.0,4.0,0.0,0.0,4.5,4.5,2,Whole,2014.0,1 phase,12.0,Cemented,Cemented,Marble,Painted,Painted,5.0,12*13,1.0,4.0,0.0,Wooden,2.0,0,1.0,1,20.0,0,5.0,2.0,0,1.0,1.0,0.0,0.0,1.0,0.0,1.0,0.0,0.0,0,31.1875,21.8,38.7,28.53708333333333,9.679166666666665,0.441,9.25,1001.8000000000001,322.74583333333334,28.0,3.1666666666666665,2024,6,10,0,162,0,1.2246467991473532e-16,-1.0,0.021,0.02,0.032952380952380955
House#41,2024-06-11,0.013333333333333334,0.8,0.8,Islamabad,Owner,6.0,6.0,2.0,4.0,0.0,0.0,4.5,4.5,2,Whole,2014.0,1 phase,12.0,Cemented,Cemented,Marble,Painted,Painted,5.0,12*13,1.0,4.0,0.0,Wooden,2.0,0,1.0,1,20.0,0,5.0,2.0,0,1.0,1.0,0.0,0.0,1.0,0.0,1.0,0.0,0.0,0,32.112500000000004,23.5,39.7,29.856250000000003,10.554166666666667,0.0,8.904166666666667,1000.9333333333334,329.12916666666666,28.5,3.2916666666666665,2024,6,11,1,163,0,1.2246467991473532e-16,-1.0,0.016,0.018166666666666668,0.03238095238095238
House#41,2024-06-12,0.013500000000000002,0.81,0.81,Islamabad,Owner,6.0,6.0,2.0,4.0,0.0,0.0,4.5,4.5,2,Whole,2014.0,1 phase,12.0,Cemented,Cemented,Marble,Painted,Painted,5.0,12*13,1.0,4.0,0.0,Wooden,2.0,0,1.0,1,20.0,0,5.0,2.0,0,1.0,1.0,0.0,0.0,1.0,0.0,1.0,0.0,0.0,0,33.833333333333336,24.8,40.8,27.250833333333333,10.870833333333332,0.0,9.295833333333333,1000.3666666666667,314.2375,27.2,3.125,2024,6,12,2,164,0,1.2246467991473532e-16,-1.0,0.013333333333333334,0.0205,0.03169047619047619
House#41,2024-06-13,0.013166666666666667,0.79,0.79,Islamabad,Owner,6.0,6.0,2.0,4.0,0.0,0.0,4.5,4.5,2,Whole,2014.0,1 phase,12.0,Cemented,Cemented,Marble,Painted,Painted,5.0,12*13,1.0,4.0,0.0,Wooden,2.0,0,1.0,1,20.0,0,5.0,2.0,0,1.0,1.0,0.0,0.0,1.0,0.0,1.0,0.0,0.0,0,34.045833333333334,26.6,40.6,27.37,11.779166666666667,0.035,9.4,999.1291666666666,309.5541666666667,26.9,3.0833333333333335,2024,6,13,3,165,0,1.2246467991473532e-16,-1.0,0.013500000000000002,0.06899999999999999,0.03069047619047619
House#41,2024-06-14,0.011666666666666665,0.7,0.7,Islamabad,Owner,6.0,6.0,2.0,4.0,0.0,0.0,4.5,4.5,2,Whole,2014.0,1 phase,12.0,Cemented,Cemented,Marble,Painted,Painted,5.0,12*13,1.0,4.0,0.0,Wooden,2.0,0,1.0,1,20.0,0,5.0,2.0,0,1.0,1.0,0.0,0.0,1.0,0.0,1.0,0.0,0.0,0,33.145833333333336,25.8,39.1,31.421666666666667,13.15,1.766,11.0375,999.3208333333333,311.21666666666664,26.9,3.125,2024,6,14,4,166,0,1.2246467991473532e-16,-1.0,0.013166666666666667,0.051666666666666666,0.022714285714285715
House#41,2024-06-15,0.011833333333333333,0.71,0.71,Islamabad,Owner,6.0,6.0,2.0,4.0,0.0,0.0,4.5,4.5,2,Whole,2014.0,1 phase,12.0,Cemented,Cemented,Marble,Painted,Painted,5.0,12*13,1.0,4.0,0.0,Wooden,2.0,0,1.0,1,20.0,0,5.0,2.0,0,1.0,1.0,0.0,0.0,1.0,0.0,1.0,0.0,0.0,0,34.208333333333336,26.4,40.5,29.82375,13.120833333333332,0.0,9.420833333333333,998.9791666666666,318.9916666666667,27.5,3.2083333333333335,2024,6,15,5,167,1,1.2246467991473532e-16,-1.0,0.011666666666666665,0.030333333333333334,0.017
House#41,2024-06-16,0.011000000000000001,0.66,0.66,Islamabad,Owner,6.0,6.0,2.0,4.0,0.0,0.0,4.5,4.5,2,Whole,2014.0,1 phase,12.0,Cemented,Cemented,Marble,Painted,Painted,5.0,12*13,1.0,4.0,0.0,Wooden,2.0,0,1.0,1,20.0,0,5.0,2.0,0,1.0,1.0,0.0,0.0,1.0,0.0,1.0,0.0,0.0,0,34.737500000000004,26.6,41.9,28.37875,12.645833333333334,0.0,8.854166666666666,998.8416666666667,320.7,27.9,3.2083333333333335,2024,6,16,6,168,1,1.2246467991473532e-16,-1.0,0.011833333333333333,0.021,0.014357142857142858
House#41,2024-06-17,0.014166666666666666,0.85,0.85,Islamabad,Owner,6.0,6.0,2.0,4.0,0.0,0.0,4.5,4.5,2,Whole,2014.0,1 phase,12.0,Cemented,Cemented,Marble,Painted,Painted,5.0,12*13,1.0,4.0,0.0,Wooden,2.0,0,1.0,1,20.0,0,5.0,2.0,0,1.0,1.0,0.0,0.0,1.0,0.0,1.0,0.0,0.0,0,35.083333333333336,24.9,42.3,28.909166666666668,13.450000000000001,0.1,9.045833333333333,998.6416666666668,306.8583333333333,26.5,3.0833333333333335,2024,6,17,0,169,0,1.2246467991473532e-16,-1.0,0.011000000000000001,0.016,0.01292857142857143
House#41,2024-06-18,0.013500000000000002,0.81,0.81,Islamabad,Owner,6.0,6.0,2.0,4.0,0.0,0.0,4.5,4.5,2,Whole,2014.0,1 phase,12.0,Cemented,Cemented,Marble,Painted,Painted,5.0,12*13,1.0,4.0,0.0,Wooden,2.0,0,1.0,1,20.0,0,5.0,2.0,0,1.0,1.0,0.0,0.0,1.0,0.0,1.0,0.0,0.0,0,33.487500000000004,25.7,40.6,33.500416666666666,14.125,8.774999999999999,12.279166666666667,997.2333333333332,268.7,23.3,2.6666666666666665,2024,6,18,1,170,0,1.2246467991473532e-16,-1.0,0.014166666666666666,0.013333333333333334,0.012666666666666668
House#41,2024-06-19,0.015000000000000001,0.9,0.9,Islamabad,Owner,6.0,6.0,2.0,4.0,0.0,0.0,4.5,4.5,2,Whole,2014.0,1 phase,12.0,Cemented,Cemented,Marble,Painted,Painted,5.0,12*13,1.0,4.0,0.0,Wooden,2.0,0,1.0,1,20.0,0,5.0,2.0,0,1.0,1.0,0.0,0.0,1.0,0.0,1.0,0.0,0.0,0,33.61666666666667,26.3,40.3,31.70583333333333,13.608333333333334,0.0,9.4,994.1458333333334,322.9875,28.0,3.2083333333333335,2024,6,19,2,171,0,1.2246467991473532e-16,-1.0,0.013500000000000002,0.013500000000000002,0.012690476190476193
House#41,2024-06-20,0.010166666666666666,0.61,0.61,Islamabad,Owner,6.0,6.0,2.0,4.0,0.0,0.0,4.5,4.5,2,Whole,2014.0,1 phase,12.0,Cemented,Cemented,Marble,Painted,Painted,5.0,12*13,1.0,4.0,0.0,Wooden,2.0,0,1.0,1,20.0,0,5.0,2.0,0,1.0,1.0,0.0,0.0,1.0,0.0,1.0,0.0,0.0,0,29.97083333333333,19.3,38.4,40.3525,14.262500000000001,0.363,12.5375,997.1166666666667,281.8041666666667,24.4,2.8333333333333335,2024,6,20,3,172,0,1.2246467991473532e-16,-1.0,0.015000000000000001,0.013166666666666667,0.012904761904761905
House#41,2024-06-21,0.011666666666666665,0.7,0.7,Islamabad,Owner,6.0,6.0,2.0,4.0,0.0,0.0,4.5,4.5,2,Whole,2014.0,1 phase,12.0,Cemented,Cemented,Marble,Painted,Painted,5.0,12*13,1.0,4.0,0.0,Wooden,2.0,0,1.0,1,20.0,0,5.0,2.0,0,1.0,1.0,0.0,0.0,1.0,0.0,1.0,0.0,0.0,0,28.554166666666664,24.2,33.4,51.99208333333333,17.254166666666666,3.6470000000000002,9.529166666666667,1000.6958333333333,281.75,24.0,2.8333333333333335,2024,6,21,4,173,0,1.2246467991473532e-16,-1.0,0.010166666666666666,0.011666666666666665,0.012476190476190476
House#41,2024-06-22,0.012666666666666666,0.76,0.76,Islamabad,Owner,6.0,6.0,2.0,4.0,0.0,0.0,4.5,4.5,2,Whole,2014.0,1 phase,12.0,Cemented,Cemented,Marble,Painted,Painted,5.0,12*13,1.0,4.0,0.0,Wooden,2.0,0,1.0,1,20.0,0,5.0,2.0,0,1.0,1.0,0.0,0.0,1.0,0.0,1.0,0.0,0.0,0,30.90416666666667,24.4,36.9,42.61875,15.5875,1.794,8.275,999.8458333333333,306.43333333333334,26.5,3.0416666666666665,2024,6,22,5,174,1,1.2246467991473532e-16,-1.0,0.011666666666666665,0.011833333333333333,0.012476190476190476
House#41,2024-06-23,0.009000000000000001,0.54,0.54,Islamabad,Owner,6.0,6.0,2.0,4.0,0.0,0.0,4.5,4.5,2,Whole,2014.0,1 phase,12.0,Cemented,Cemented,Marble,Painted,Painted,5.0,12*13,1.0,4.0,0.0,Wooden,2.0,0,1.0,1,20.0,0,5.0,2.0,0,1.0,1.0,0.0,0.0,1.0,0.0,1.0,0.0,0.0,0,31.9375,26.5,38.1,39.038333333333334,15.666666666666666,0.35800000000000004,8.258333333333333,1000.3833333333333,318.49583333333334,27.5,3.1666666666666665,2024,6,23,6,175,1,1.2246467991473532e-16,-1.0,0.012666666666666666,0.011000000000000001,0.012595238095238095
House#41,2024-06-24,0.0145,0.87,0.87,Islamabad,Owner,6.0,6.0,2.0,4.0,0.0,0.0,4.5,4.5,2,Whole,2014.0,1 phase,12.0,Cemented,Cemented,Marble,Painted,Painted,5.0,12*13,1.0,4.0,0.0,Wooden,2.0,0,1.0,1,20.0,0,5.0,2.0,0,1.0,1.0,0.0,0.0,1.0,0.0,1.0,0.0,0.0,0,33.34583333333333,25.7,39.7,35.7425,15.241666666666667,0.0,7.895833333333333,998.375,314.96666666666664,27.3,3.0833333333333335,2024,6,24,0,176,0,1.2246467991473532e-16,-1.0,0.009000000000000001,0.014166666666666666,0.01230952380952381
House#41,2024-06-25,0.010833333333333334,0.65,0.65,Islamabad,Owner,6.0,6.0,2.0,4.0,0.0,0.0,4.5,4.5,2,Whole,2014.0,1 phase,12.0,Cemented,Cemented,Marble,Painted,Painted,5.0,12*13,1.0,4.0,0.0,Wooden,2.0,0,1.0,1,20.0,0,5.0,2.0,0,1.0,1.0,0.0,0.0,1.0,0.0,1.0,0.0,0.0,0,33.6,25.0,40.0,34.233333333333334,15.166666666666666,0.0,7.575,997.1791666666667,316.6666666666667,27.3,3.1666666666666665,2024,6,25,1,177,0,1.2246467991473532e-16,-1.0,0.0145,0.013500000000000002,0.012357142857142858
House#41,2024-06-26,0.01,0.6,0.6,Islamabad,Owner,6.0,6.0,2.0,4.0,0.0,0.0,4.5,4.5,2,Whole,2014.0,1 phase,12.0,Cemented,Cemented,Marble,Painted,Painted,5.0,12*13,1.0,4.0,0.0,Wooden,2.0,0,1.0,1,20.0,0,5.0,2.0,0,1.0,1.0,0.0,0.0,1.0,0.0,1.0,0.0,0.0,0,35.15833333333333,28.9,40.9,31.556250000000002,15.395833333333334,0.0,8.924999999999999,996.6875,303.7,26.2,3.0416666666666665,2024,6,26,2,178,0,1.2246467991473532e-16,-1.0,0.010833333333333334,0.015000000000000001,0.011976190476190477
House#41,2024-06-27,0.0,0.0,0.0,Islamabad,Owner,6.0,6.0,2.0,4.0,0.0,0.0,4.5,4.5,2,Whole,2014.0,1 phase,12.0,Cemented,Cemented,Marble,Painted,Painted,5.0,12*13,1.0,4.0,0.0,Wooden,2.0,0,1.0,1,20.0,0,5.0,2.0,0,1.0,1.0,0.0,0.0,1.0,0.0,1.0,0.0,0.0,0,32.05,24.9,38.6,49.2775,19.6875,0.45599999999999996,15.066666666666668,1000.4541666666668,293.1166666666667,25.2,2.9166666666666665,2024,6,27,3,179,0,1.2246467991473532e-16,-1.0,0.01,0.010166666666666666,0.011261904761904761
House#41,2024-06-28,0.0,0.0,0.0,Islamabad,Owner,6.0,6.0,2.0,4.0,0.0,0.0,4.5,4.5,2,Whole,2014.0,1 phase,12.0,Cemented,Cemented,Marble,Painted,Painted,5.0,12*13,1.0,4.0,0.0,Wooden,2.0,0,1.0,1,20.0,0,5.0,2.0,0,1.0,1.0,0.0,0.0,1.0,0.0,1.0,0.0,0.0,0,32.199999999999996,25.3,37.2,53.699999999999996,21.349999999999998,0.7929999999999999,8.929166666666667,999.7166666666667,267.39166666666665,22.9,2.625,2024,6,28,4,180,0,1.2246467991473532e-16,-1.0,0.0,0.011666666666666665,0.00980952380952381
House#41,2024-06-29,0.015333333333333334,0.92,0.92,Islamabad,Owner,6.0,6.0,2.0,4.0,0.0,0.0,4.5,4.5,2,Whole,2014.0,1 phase,12.0,Cemented,Cemented,Marble,Painted,Painted,5.0,12*13,1.0,4.0,0.0,Wooden,2.0,0,1.0,1,20.0,0,5.0,2.0,0,1.0,1.0,0.0,0.0,1.0,0.0,1.0,0.0,0.0,0,31.458333333333332,22.8,36.2,57.73875,21.854166666666668,4.63,9.5875,997.8541666666666,262.97083333333336,22.6,2.5416666666666665,2024,6,29,5,181,1,1.2246467991473532e-16,-1.0,0.0,0.012666666666666666,0.008142857142857143
House#41,2024-06-30,0.0,0.0,0.0,Islamabad,Owner,6.0,6.0,2.0,4.0,0.0,0.0,4.5,4.5,2,Whole,2014.0,1 phase,12.0,Cemented,Cemented,Marble,Painted,Painted,5.0,12*13,1.0,4.0,0.0,Wooden,2.0,0,1.0,1,20.0,0,5.0,2.0,0,1.0,1.0,0.0,0.0,1.0,0.0,1.0,0.0,0.0,0,32.25833333333333,27.7,37.2,57.97625,22.662499999999998,1.6629999999999998,9.220833333333333,996.6708333333332,268.72083333333336,23.2,2.75,2024,6,30,6,182,1,1.2246467991473532e-16,-1.0,0.015333333333333334,0.009000000000000001,0.008523809523809526
House#41,2024-07-01,0.0,0.0,0.0,Islamabad,Owner,6.0,6.0,2.0,4.0,0.0,0.0,4.5,4.5,2,Whole,2014.0,1 phase,12.0,Cemented,Cemented,Marble,Painted,Painted,5.0,12*13,1.0,4.0,0.0,Wooden,2.0,0,1.0,1,20.0,0,5.0,2.0,0,1.0,1.0,0.0,0.0,1.0,0.0,1.0,0.0,0.0,0,32.46666666666667,27.2,38.4,61.03458333333333,23.72083333333333,1.8130000000000002,11.341666666666667,994.35,239.23749999999998,20.599999999999998,2.4166666666666665,2024,7,1,0,183,0,-0.4999999999999997,-0.8660254037844388,0.0,0.0145,0.007238095238095238
House#41,2024-07-02,0.0,0.0,0.0,Islamabad,Owner,6.0,6.0,2.0,4.0,0.0,0.0,4.5,4.5,2,Whole,2014.0,1 phase,12.0,Cemented,Cemented,Marble,Painted,Painted,5.0,12*13,1.0,4.0,0.0,Wooden,2.0,0,1.0,1,20.0,0,5.0,2.0,0,1.0,1.0,0.0,0.0,1.0,0.0,1.0,0.0,0.0,0,32.02916666666667,26.0,38.4,59.55625,22.8,0.932,7.908333333333334,992.8041666666667,246.48333333333332,21.3,2.4583333333333335,2024,7,2,1,184,0,-0.4999999999999997,-0.8660254037844388,0.0,0.010833333333333334,0.005166666666666667
House#41,2024-07-03,0.0385,2.31,2.31,Islamabad,Owner,6.0,6.0,2.0,4.0,0.0,0.0,4.5,4.5,2,Whole,2014.0,1 phase,12.0,Cemented,Cemented,Marble,Painted,Painted,5.0,12*13,1.0,4.0,0.0,Wooden,2.0,0,1.0,1,20.0,0,5.0,2.0,0,1.0,1.0,0.0,0.0,1.0,0.0,1.0,0.0,0.0,0,33.88333333333333,28.2,40.5,55.58708333333333,23.425,0.4,10.133333333333333,994.1750000000001,275.7041666666667,23.7,2.6666666666666665,2024,7,3,2,185,0,-0.4999999999999997,-0.8660254037844388,0.0,0.01,0.003619047619047619
House#41,2024-07-04,0.0515,3.09,3.09,Islamabad,Owner,6.0,6.0,2.0,4.0,0.0,0.0,4.5,4.5,2,Whole,2014.0,1 phase,12.0,Cemented,Cemented,Marble,Painted,Painted,5.0,12*13,1.0,4.0,0.0,Wooden,2.0,0,1.0,1,20.0,0,5.0,2.0,0,1.0,1.0,0.0,0.0,1.0,0.0,1.0,0.0,0.0,0,29.4875,23.8,33.6,73.59166666666667,24.129166666666666,38.935,13.470833333333333,999.5166666666668,208.61666666666667,18.1,2.1666666666666665,2024,7,4,3,186,0,-0.4999999999999997,-0.8660254037844388,0.0385,0.0,0.00769047619047619
House#41,2024-07-05,0.0,0.0,0.0,Islamabad,Owner,6.0,6.0,2.0,4.0,0.0,0.0,4.5,4.5,2,Whole,2014.0,1 phase,12.0,Cemented,Cemented,Marble,Painted,Painted,5.0,12*13,1.0,4.0,0.0,Wooden,2.0,0,1.0,1,20.0,0,5.0,2.0,0,1.0,1.0,0.0,0.0,1.0,0.0,1.0,0.0,0.0,0,29.0,21.8,33.3,73.45708333333333,23.6375,1.752,13.220833333333333,996.65,161.33333333333334,14.1,1.5416666666666667,2024,7,5,4,187,0,-0.4999999999999997,-0.8660254037844388,0.0515,0.0,0.015047619047619048
House#41,2024-07-06,0.0,0.0,0.0,Islamabad,Owner,6.0,6.0,2.0,4.0,0.0,0.0,4.5,4.5,2,Whole,2014.0,1 phase,12.0,Cemented,Cemented,Marble,Painted,Painted,5.0,12*13,1.0,4.0,0.0,Wooden,2.0,0,1.0,1,20.0,0,5.0,2.0,0,1.0,1.0,0.0,0.0,1.0,0.0,1.0,0.0,0.0,0,26.65416666666667,17.9,30.7,74.04208333333334,21.458333333333332,40.942,9.695833333333333,995.6708333333332,252.9375,21.8,2.625,2024,7,6,5,188,1,-0.4999999999999997,-0.8660254037844388,0.0,0.015333333333333334,0.015047619047619048
House#41,2024-07-07,0.0,0.0,0.0,Islamabad,Owner,6.0,6.0,2.0,4.0,0.0,0.0,4.5,4.5,2,Whole,2014.0,1 phase,12.0,Cemented,Cemented,Marble,Painted,Painted,5.0,12*13,1.0,4.0,0.0,Wooden,2.0,0,1.0,1,20.0,0,5.0,2.0,0,1.0,1.0,0.0,0.0,1.0,0.0,1.0,0.0,0.0,0,27.804166666666664,23.9,32.4,68.99666666666667,21.34583333333333,2.953,9.5,999.9291666666667,280.0541666666667,24.3,2.7916666666666665,2024,7,7,6,189,1,-0.4999999999999997,-0.8660254037844388,0.0,0.0,0.012857142857142857
House#41,2024-07-08,0.0,0.0,0.0,Islamabad,Owner,6.0,6.0,2.0,4.0,0.0,0.0,4.5,4.5,2,Whole,2014.0,1 phase,12.0,Cemented,Cemented,Marble,Painted,Painted,5.0,12*13,1.0,4.0,0.0,Wooden,2.0,0,1.0,1,20.0,0,5.0,2.0,0,1.0,1.0,0.0,0.0,1.0,0.0,1.0,0.0,0.0,0,30.683333333333334,24.6,36.4,59.95541666666667,21.458333333333332,0.0,6.520833333333333,1001.8208333333333,306.69166666666666,26.3,3.0416666666666665,2024,7,8,0,190,0,-0.4999999999999997,-0.8660254037844388,0.0,0.0,0.012857142857142857
House#41,2024-07-09,0.0,0.0,0.0,Islamabad,Owner,6.0,6.0,2.0,4.0,0.0,0.0,4.5,4.5,2,Whole,2014.0,1 phase,12.0,Cemented,Cemented,Marble,Painted,Painted,5.0,12*13,1.0,4.0,0.0,Wooden,2.0,0,1.0,1,20.0,0,5.0,2.0,0,1.0,1.0,0.0,0.0,1.0,0.0,1.0,0.0,0.0,0,31.241666666666664,25.0,36.4,61.54291666666666,22.71666666666667,2.7,10.137500000000001,1002.5375,288.0083333333333,24.900000000000002,2.7916666666666665,2024,7,9,1,191,0,-0.4999999999999997,-0.8660254037844388,0.0,0.0,0.012857142857142857
House#41,2024-07-10,0.0,0.0,0.0,Islamabad,Owner,6.0,6.0,2.0,4.0,0.0,0.0,4.5,4.5,2,Whole,2014.0,1 phase,12.0,Cemented,Cemented,Marble,Painted,Painted,5.0,12*13,1.0,4.0,0.0,Wooden,2.0,0,1.0,1,20.0,0,5.0,2.0,0,1.0,1.0,0.0,0.0,1.0,0.0,1.0,0.0,0.0,0,29.066666666666666,23.3,31.8,70.425,23.020833333333332,17.761,8.833333333333334,1003.0124999999999,254.54999999999998,22.0,2.5,2024,7,10,2,192,0,-0.4999999999999997,-0.8660254037844388,0.0,0.0385,0.012857142857142857
House#41,2024-07-11,0.0,0.0,0.0,Islamabad,Owner,6.0,6.0,2.0,4.0,0.0,0.0,4.5,4.5,2,Whole,2014.0,1 phase,12.0,Cemented,Cemented,Marble,Painted,Painted,5.0,12*13,1.0,4.0,0.0,Wooden,2.0,0,1.0,1,20.0,0,5.0,2.0,0,1.0,1.0,0.0,0.0,1.0,0.0,1.0,0.0,0.0,0,30.3875,25.4,35.2,66.05083333333333,22.90833333333333,0.366,6.620833333333334,998.5291666666667,276.0,23.8,2.75,2024,7,11,3,193,0,-0.4999999999999997,-0.8660254037844388,0.0,0.0515,0.007357142857142858
House#41,2024-07-12,0.0,0.0,0.0,Islamabad,Owner,6.0,6.0,2.0,4.0,0.0,0.0,4.5,4.5,2,Whole,2014.0,1 phase,12.0,Cemented,Cemented,Marble,Painted,Painted,5.0,12*13,1.0,4.0,0.0,Wooden,2.0,0,1.0,1,20.0,0,5.0,2.0,0,1.0,1.0,0.0,0.0,1.0,0.0,1.0,0.0,0.0,0,29.0125,26.1,33.4,65.29375,21.662499999999998,27.494,10.379166666666666,996.1333333333333,236.0,20.3,2.375,2024,7,12,4,194,0,-0.4999999999999997,-0.8660254037844388,0.0,0.0,0.0
House#41,2024-07-13,0.0,0.0,0.0,Islamabad,Owner,6.0,6.0,2.0,4.0,0.0,0.0,4.5,4.5,2,Whole,2014.0,1 phase,12.0,Cemented,Cemented,Marble,Painted,Painted,5.0,12*13,1.0,4.0,0.0,Wooden,2.0,0,1.0,1,20.0,0,5.0,2.0,0,1.0,1.0,0.0,0.0,1.0,0.0,1.0,0.0,0.0,0,28.920833333333334,21.5,34.9,63.437083333333334,20.712500000000002,0.5,4.279166666666667,998.3000000000001,295.9458333333333,25.5,2.9166666666666665,2024,7,13,5,195,1,-0.4999999999999997,-0.8660254037844388,0.0,0.0,0.0
House#41,2024-07-14,0.0,0.0,0.0,Islamabad,Owner,6.0,6.0,2.0,4.0,0.0,0.0,4.5,4.5,2,Whole,2014.0,1 phase,12.0,Cemented,Cemented,Marble,Painted,Painted,5.0,12*13,1.0,4.0,0.0,Wooden,2.0,0,1.0,1,20.0,0,5.0,2.0,0,1.0,1.0,0.0,0.0,1.0,0.0,1.0,0.0,0.0,0,29.983333333333334,21.1,36.3,57.81041666666667,20.224999999999998,0.1,5.8999999999999995,997.7833333333333,252.97916666666666,21.9,2.5833333333333335,2024,7,14,6,196,1,-0.4999999999999997,-0.8660254037844388,0.0,0.0,0.0
House#41,2024-07-15,0.0,0.0,0.0,Islamabad,Owner,6.0,6.0,2.0,4.0,0.0,0.0,4.5,4.5,2,Whole,2014.0,1 phase,12.0,Cemented,Cemented,Marble,Painted,Painted,5.0,12*13,1.0,4.0,0.0,Wooden,2.0,0,1.0,1,20.0,0,5.0,2.0,0,1.0,1.0,0.0,0.0,1.0,0.0,1.0,0.0,0.0,0,31.6125,24.4,37.5,48.27666666666667,18.537499999999998,0.0,6.245833333333334,1000.5416666666666,309.45,26.7,3.0416666666666665,2024,7,15,0,197,0,-0.4999999999999997,-0.8660254037844388,0.0,0.0,0.0
House#41,2024-07-16,0.0,0.0,0.0,Islamabad,Owner,6.0,6.0,2.0,4.0,0.0,0.0,4.5,4.5,2,Whole,2014.0,1 phase,12.0,Cemented,Cemented,Marble,Painted,Painted,5.0,12*13,1.0,4.0,0.0,Wooden,2.0,0,1.0,1,20.0,0,5.0,2.0,0,1.0,1.0,0.0,0.0,1.0,0.0,1.0,0.0,0.0,0,32.8125,27.5,38.7,47.01708333333334,19.445833333333333,0.0,8.1625,1001.025,283.2333333333333,24.599999999999998,2.8333333333333335,2024,7,16,1,198,0,-0.4999999999999997,-0.8660254037844388,0.0,0.0,0.0
House#41,2024-07-17,0.0,0.0,0.0,Islamabad,Owner,6.0,6.0,2.0,4.0,0.0,0.0,4.5,4.5,2,Whole,2014.0,1 phase,12.0,Cemented,Cemented,Marble,Painted,Painted,5.0,12*13,1.0,4.0,0.0,Wooden,2.0,0,1.0,1,20.0,0,5.0,2.0,0,1.0,1.0,0.0,0.0,1.0,0.0,1.0,0.0,0.0,0,33.112500000000004,27.6,38.8,48.48291666666666,20.554166666666667,0.015,9.583333333333334,999.9708333333333,262.5083333333333,22.6,2.5833333333333335,2024,7,17,2,199,0,-0.4999999999999997,-0.8660254037844388,0.0,0.0,0.0
House#41,2024-07-18,0.0,0.0,0.0,Islamabad,Owner,6.0,6.0,2.0,4.0,0.0,0.0,4.5,4.5,2,Whole,2014.0,1 phase,12.0,Cemented,Cemented,Marble,Painted,Painted,5.0,12*13,1.0,4.0,0.0,Wooden,2.0,0,1.0,1,20.0,0,5.0,2.0,0,1.0,1.0,0.0,0.0,1.0,0.0,1.0,0.0,0.0,0,29.879166666666666,25.5,34.4,64.68625,22.241666666666664,18.542,8.695833333333333,999.4916666666667,278.28749999999997,24.1,2.8333333333333335,2024,7,18,3,200,0,-0.4999999999999997,-0.8660254037844388,0.0,0.0,0.0
House#41,2024-07-19,0.0,0.0,0.0,Islamabad,Owner,6.0,6.0,2.0,4.0,0.0,0.0,4.5,4.5,2,Whole,2014.0,1 phase,12.0,Cemented,Cemented,Marble,Painted,Painted,5.0,12*13,1.0,4.0,0.0,Wooden,2.0,0,1.0,1,20.0,0,5.0,2.0,0,1.0,1.0,0.0,0.0,1.0,0.0,1.0,0.0,0.0,0,30.933333333333334,26.5,34.8,61.71,22.4375,0.016,9.304166666666667,997.8541666666666,268.9916666666667,23.3,2.75,2024,7,19,4,201,0,-0.4999999999999997,-0.8660254037844388,0.0,0.0,0.0
House#41,2024-07-20,0.0,0.0,0.0,Islamabad,Owner,6.0,6.0,2.0,4.0,0.0,0.0,4.5,4.5,2,Whole,2014.0,1 phase,12.0,Cemented,Cemented,Marble,Painted,Painted,5.0,12*13,1.0,4.0,0.0,Wooden,2.0,0,1.0,1,20.0,0,5.0,2.0,0,1.0,1.0,0.0,0.0,1.0,0.0,1.0,0.0,0.0,0,32.0625,23.1,38.4,60.025,22.879166666666666,0.1,6.6499999999999995,998.4875000000001,290.59583333333336,25.0,2.875,2024,7,20,5,202,1,-0.4999999999999997,-0.8660254037844388,0.0,0.0,0.0
House#41,2024-07-21,0.0,0.0,0.0,Islamabad,Owner,6.0,6.0,2.0,4.0,0.0,0.0,4.5,4.5,2,Whole,2014.0,1 phase,12.0,Cemented,Cemented,Marble,Painted,Painted,5.0,12*13,1.0,4.0,0.0,Wooden,2.0,0,1.0,1,20.0,0,5.0,2.0,0,1.0,1.0,0.0,0.0,1.0,0.0,1.0,0.0,0.0,0,32.49583333333333,24.4,38.9,57.48083333333333,22.495833333333334,0.2,7.9750000000000005,997.8708333333334,272.925,23.6,2.75,2024,7,21,6,203,1,-0.4999999999999997,-0.8660254037844388,0.0,0.0,0.0
House#41,2024-07-22,0.0,0.0,0.0,Islamabad,Owner,6.0,6.0,2.0,4.0,0.0,0.0,4.5,4.5,2,Whole,2014.0,1 phase,12.0,Cemented,Cemented,Marble,Painted,Painted,5.0,12*13,1.0,4.0,0.0,Wooden,2.0,0,1.0,1,20.0,0,5.0,2.0,0,1.0,1.0,0.0,0.0,1.0,0.0,1.0,0.0,0.0,0,31.979166666666668,25.4,37.4,61.80791666666667,23.425,15.221,10.104166666666666,998.0958333333333,286.09999999999997,24.8,2.875,2024,7,22,0,204,0,-0.4999999999999997,-0.8660254037844388,0.0,0.0,0.0
House#41,2024-07-23,0.0,0.0,0.0,Islamabad,Owner,6.0,6.0,2.0,4.0,0.0,0.0,4.5,4.5,2,Whole,2014.0,1 phase,12.0,Cemented,Cemented,Marble,Painted,Painted,5.0,12*13,1.0,4.0,0.0,Wooden,2.0,0,1.0,1,20.0,0,5.0,2.0,0,1.0,1.0,0.0,0.0,1.0,0.0,1.0,0.0,0.0,0,28.858333333333334,23.3,33.2,71.34375,23.070833333333336,14.769,9.583333333333334,998.1958333333333,151.03333333333333,13.0,1.4583333333333333,2024,7,23,1,205,0,-0.4999999999999997,-0.8660254037844388,0.0,0.0,0.0
House#41,2024-07-24,0.0,0.0,0.0,Islamabad,Owner,6.0,6.0,2.0,4.0,0.0,0.0,4.5,4.5,2,Whole,2014.0,1 phase,12.0,Cemented,Cemented,Marble,Painted,Painted,5.0,12*13,1.0,4.0,0.0,Wooden,2.0,0,1.0,1,20.0,0,5.0,2.0,0,1.0,1.0,0.0,0.0,1.0,0.0,1.0,0.0,0.0,0,30.204166666666666,24.4,35.6,68.495,23.46666666666667,22.957,4.816666666666666,994.4333333333334,264.8125,22.8,2.7083333333333335,2024,7,24,2,206,0,-0.4999999999999997,-0.8660254037844388,0.0,0.0,0.0
House#41,2024-07-25,0.0,0.0,0.0,Islamabad,Owner,6.0,6.0,2.0,4.0,0.0,0.0,4.5,4.5,2,Whole,2014.0,1 phase,12.0,Cemented,Cemented,Marble,Painted,Painted,5.0,12*13,1.0,4.0,0.0,Wooden,2.0,0,1.0,1,20.0,0,5.0,2.0,0,1.0,1.0,0.0,0.0,1.0,0.0,1.0,0.0,0.0,0,32.020833333333336,26.1,38.1,62.03916666666667,23.445833333333336,0.318,10.479166666666666,993.0625,283.5083333333333,24.5,2.8333333333333335,2024,7,25,3,207,0,-0.4999999999999997,-0.8660254037844388,0.0,0.0,0.0
House#41,2024-07-26,0.0,0.0,0.0,Islamabad,Owner,6.0,6.0,2.0,4.0,0.0,0.0,4.5,4.5,2,Whole,2014.0,1 phase,12.0,Cemented,Cemented,Marble,Painted,Painted,5.0,12*13,1.0,4.0,0.0,Wooden,2.0,0,1.0,1,20.0,0,5.0,2.0,0,1.0,1.0,0.0,0.0,1.0,0.0,1.0,0.0,0.0,0,30.683333333333334,24.5,36.7,69.37208333333334,24.066666666666666,53.82,7.154166666666666,994.7583333333333,241.0,20.8,2.4166666666666665,2024,7,26,4,208,0,-0.4999999999999997,-0.8660254037844388,0.0,0.0,0.0
House#41,2024-07-27,0.0,0.0,0.0,Islamabad,Owner,6.0,6.0,2.0,4.0,0.0,0.0,4.5,4.5,2,Whole,2014.0,1 phase,12.0,Cemented,Cemented,Marble,Painted,Painted,5.0,12*13,1.0,4.0,0.0,Wooden,2.0,0,1.0,1,20.0,0,5.0,2.0,0,1.0,1.0,0.0,0.0,1.0,0.0,1.0,0.0,0.0,0,31.816666666666666,24.4,37.1,65.39874999999999,24.3625,1.264,10.575000000000001,996.8083333333334,232.2125,20.0,2.2916666666666665,2024,7,27,5,209,1,-0.4999999999999997,-0.8660254037844388,0.0,0.0,0.0
House#41,2024-07-28,0.0,0.0,0.0,Islamabad,Owner,6.0,6.0,2.0,4.0,0.0,0.0,4.5,4.5,2,Whole,2014.0,1 phase,12.0,Cemented,Cemented,Marble,Painted,Painted,5.0,12*13,1.0,4.0,0.0,Wooden,2.0,0,1.0,1,20.0,0,5.0,2.0,0,1.0,1.0,0.0,0.0,1.0,0.0,1.0,0.0,0.0,0,29.254166666666666,26.5,31.9,79.0775,25.179166666666664,26.36,9.137500000000001,999.0791666666668,117.04166666666667,10.200000000000001,1.1666666666666667,2024,7,28,6,210,1,-0.4999999999999997,-0.8660254037844388,0.0,0.0,0.0
House#41,2024-07-29,0.0,0.0,0.0,Islamabad,Owner,6.0,6.0,2.0,4.0,0.0,0.0,4.5,4.5,2,Whole,2014.0,1 phase,12.0,Cemented,Cemented,Marble,Painted,Painted,5.0,12*13,1.0,4.0,0.0,Wooden,2.0,0,1.0,1,20.0,0,5.0,2.0,0,1.0,1.0,0.0,0.0,1.0,0.0,1.0,0.0,0.0,0,28.770833333333332,26.0,31.3,81.085,25.108333333333334,74.848,6.554166666666667,999.5541666666667,69.775,6.0,0.7083333333333334,2024,7,29,0,211,0,-0.4999999999999997,-0.8660254037844388,0.0,0.0,0.0
House#41,2024-07-30,0.0,0.0,0.0,Islamabad,Owner,6.0,6.0,2.0,4.0,0.0,0.0,4.5,4.5,2,Whole,2014.0,1 phase,12.0,Cemented,Cemented,Marble,Painted,Painted,5.0,12*13,1.0,4.0,0.0,Wooden,2.0,0,1.0,1,20.0,0,5.0,2.0,0,1.0,1.0,0.0,0.0,1.0,0.0,1.0,0.0,0.0,0,28.537499999999998,19.4,33.2,80.04541666666667,24.541666666666668,20.233,6.645833333333333,1000.9625,165.43333333333334,14.4,1.5416666666666667,2024,7,30,1,212,0,-0.4999999999999997,-0.8660254037844388,0.0,0.0,0.0
House#41,2024-07-31,0.0,0.0,0.0,Islamabad,Owner,6.0,6.0,2.0,4.0,0.0,0.0,4.5,4.5,2,Whole,2014.0,1 phase,12.0,Cemented,Cemented,Marble,Painted,Painted,5.0,12*13,1.0,4.0,0.0,Wooden,2.0,0,1.0,1,20.0,0,5.0,2.0,0,1.0,1.0,0.0,0.0,1.0,0.0,1.0,0.0,0.0,0,31.704166666666666,20.7,37.4,66.93958333333333,24.25,4.903,5.1375,998.3916666666668,297.27500000000003,25.6,3.0,2024,7,31,2,213,0,-0.4999999999999997,-0.8660254037844388,0.0,0.0,0.0
House#41,2024-08-01,0.0,0.0,0.0,Islamabad,Owner,6.0,6.0,2.0,4.0,0.0,0.0,4.5,4.5,2,Whole,2014.0,1 phase,12.0,Cemented,Cemented,Marble,Painted,Painted,5.0,12*13,1.0,4.0,0.0,Wooden,2.0,0,1.0,1,20.0,0,5.0,2.0,0,1.0,1.0,0.0,0.0,1.0,0.0,1.0,0.0,0.0,0,27.933333333333334,20.0,32.2,80.02208333333333,24.129166666666666,30.088,12.795833333333334,999.1458333333334,93.47500000000001,8.3,0.9166666666666666,2024,8,1,3,214,0,-0.8660254037844385,-0.5000000000000004,0.0,0.0,0.0
House#41,2024-08-02,0.0,0.0,0.0,Islamabad,Owner,6.0,6.0,2.0,4.0,0.0,0.0,4.5,4.5,2,Whole,2014.0,1 phase,12.0,Cemented,Cemented,Marble,Painted,Painted,5.0,12*13,1.0,4.0,0.0,Wooden,2.0,0,1.0,1,20.0,0,5.0,2.0,0,1.0,1.0,0.0,0.0,1.0,0.0,1.0,0.0,0.0,0,30.662499999999998,25.2,36.5,64.61958333333334,22.662499999999998,0.291,7.058333333333334,998.3666666666667,282.90000000000003,24.4,2.8333333333333335,2024,8,2,4,215,0,-0.8660254037844385,-0.5000000000000004,0.0,0.0,0.0
House#41,2024-08-03,0.0,0.0,0.0,Islamabad,Owner,6.0,6.0,2.0,4.0,0.0,0.0,4.5,4.5,2,Whole,2014.0,1 phase,12.0,Cemented,Cemented,Marble,Painted,Painted,5.0,12*13,1.0,4.0,0.0,Wooden,2.0,0,1.0,1,20.0,0,5.0,2.0,0,1.0,1.0,0.0,0.0,1.0,0.0,1.0,0.0,0.0,0,30.229166666666668,27.1,35.2,67.135,23.329166666666666,1.034,9.025,1000.1374999999999,237.06666666666663,20.4,2.3333333333333335,2024,8,3,5,216,1,-0.8660254037844385,-0.5000000000000004,0.0,0.0,0.0
House#41,2024-08-04,0.0,0.0,0.0,Islamabad,Owner,6.0,6.0,2.0,4.0,0.0,0.0,4.5,4.5,2,Whole,2014.0,1 phase,12.0,Cemented,Cemented,Marble,Painted,Painted,5.0,12*13,1.0,4.0,0.0,Wooden,2.0,0,1.0,1,20.0,0,5.0,2.0,0,1.0,1.0,0.0,0.0,1.0,0.0,1.0,0.0,0.0,0,28.541666666666668,21.3,31.5,72.82916666666667,23.1125,12.661000000000001,8.466666666666667,1002.6875,154.12083333333334,13.3,1.5,2024,8,4,6,217,1,-0.8660254037844385,-0.5000000000000004,0.0,0.0,0.0
House#41,2024-08-05,0.0,0.0,0.0,Islamabad,Owner,6.0,6.0,2.0,4.0,0.0,0.0,4.5,4.5,2,Whole,2014.0,1 phase,12.0,Cemented,Cemented,Marble,Painted,Painted,5.0,12*13,1.0,4.0,0.0,Wooden,2.0,0,1.0,1,20.0,0,5.0,2.0,0,1.0,1.0,0.0,0.0,1.0,0.0,1.0,0.0,0.0,0,29.941666666666666,25.8,34.2,69.48916666666666,23.508333333333336,1.328,7.254166666666666,1001.9041666666667,231.6625,20.1,2.2916666666666665,2024,8,5,0,218,0,-0.8660254037844385,-0.5000000000000004,0.0,0.0,0.0
House#41,2024-08-06,0.0,0.0,0.0,Islamabad,Owner,6.0,6.0,2.0,4.0,0.0,0.0,4.5,4.5,2,Whole,2014.0,1 phase,12.0,Cemented,Cemented,Marble,Painted,Painted,5.0,12*13,1.0,4.0,0.0,Wooden,2.0,0,1.0,1,20.0,0,5.0,2.0,0,1.0,1.0,0.0,0.0,1.0,0.0,1.0,0.0,0.0,0,30.25,20.1,36.1,68.9325,23.641666666666666,1.016,8.054166666666667,999.2541666666666,226.0625,19.6,2.2916666666666665,2024,8,6,1,219,0,-0.8660254037844385,-0.5000000000000004,0.0,0.0,0.0
House#41,2024-08-07,0.0,0.0,0.0,Islamabad,Owner,6.0,6.0,2.0,4.0,0.0,0.0,4.5,4.5,2,Whole,2014.0,1 phase,12.0,Cemented,Cemented,Marble,Painted,Painted,5.0,12*13,1.0,4.0,0.0,Wooden,2.0,0,1.0,1,20.0,0,5.0,2.0,0,1.0,1.0,0.0,0.0,1.0,0.0,1.0,0.0,0.0,0,29.108333333333334,25.3,33.9,74.12208333333334,23.84583333333333,10.643,8.4375,1000.2416666666667,196.29583333333335,16.900000000000002,1.9583333333333333,2024,8,7,2,220,0,-0.8660254037844385,-0.5000000000000004,0.0,0.0,0.0
House#41,2024-08-08,0.0,0.0,0.0,Islamabad,Owner,6.0,6.0,2.0,4.0,0.0,0.0,4.5,4.5,2,Whole,2014.0,1 phase,12.0,Cemented,Cemented,Marble,Painted,Painted,5.0,12*13,1.0,4.0,0.0,Wooden,2.0,0,1.0,1,20.0,0,5.0,2.0,0,1.0,1.0,0.0,0.0,1.0,0.0,1.0,0.0,0.0,0,28.379166666666666,22.6,32.6,74.75,23.34583333333333,51.721,8.570833333333333,1003.0500000000001,151.30833333333334,13.0,1.5416666666666667,2024,8,8,3,221,0,-0.8660254037844385,-0.5000000000000004,0.0,0.0,0.0
House#41,2024-08-09,0.0,0.0,0.0,Islamabad,Owner,6.0,6.0,2.0,4.0,0.0,0.0,4.5,4.5,2,Whole,2014.0,1 phase,12.0,Cemented,Cemented,Marble,Painted,Painted,5.0,12*13,1.0,4.0,0.0,Wooden,2.0,0,1.0,1,20.0,0,5.0,2.0,0,1.0,1.0,0.0,0.0,1.0,0.0,1.0,0.0,0.0,0,29.5125,22.0,34.5,71.47541666666667,23.587500000000002,0.8,7.058333333333334,1003.5791666666668,249.72083333333333,21.4,2.5,2024,8,9,4,222,0,-0.8660254037844385,-0.5000000000000004,0.0,0.0,0.0
House#41,2024-08-10,0.0,0.0,0.0,Islamabad,Owner,6.0,6.0,2.0,4.0,0.0,0.0,4.5,4.5,2,Whole,2014.0,1 phase,12.0,Cemented,Cemented,Marble,Painted,Painted,5.0,12*13,1.0,4.0,0.0,Wooden,2.0,0,1.0,1,20.0,0,5.0,2.0,0,1.0,1.0,0.0,0.0,1.0,0.0,1.0,0.0,0.0,0,29.1125,20.4,34.1,78.70125,24.849999999999998,66.72399999999999,7.570833333333333,1002.3125,195.27916666666667,16.8,1.9166666666666667,2024,8,10,5,223,1,-0.8660254037844385,-0.5000000000000004,0.0,0.0,0.0
House#41,2024-08-11,0.0,0.0,0.0,Islamabad,Owner,6.0,6.0,2.0,4.0,0.0,0.0,4.5,4.5,2,Whole,2014.0,1 phase,12.0,Cemented,Cemented,Marble,Painted,Painted,5.0,12*13,1.0,4.0,0.0,Wooden,2.0,0,1.0,1,20.0,0,5.0,2.0,0,1.0,1.0,0.0,0.0,1.0,0.0,1.0,0.0,0.0,0,26.15416666666667,22.0,29.5,84.44166666666666,23.233333333333334,47.139,8.729166666666666,1001.6916666666666,110.31666666666666,9.6,1.0833333333333333,2024,8,11,6,224,1,-0.8660254037844385,-0.5000000000000004,0.0,0.0,0.0
House#41,2024-08-12,0.0,0.0,0.0,Islamabad,Owner,6.0,6.0,2.0,4.0,0.0,0.0,4.5,4.5,2,Whole,2014.0,1 phase,12.0,Cemented,Cemented,Marble,Painted,Painted,5.0,12*13,1.0,4.0,0.0,Wooden,2.0,0,1.0,1,20.0,0,5.0,2.0,0,1.0,1.0,0.0,0.0,1.0,0.0,1.0,0.0,0.0,0,29.445833333333336,25.4,33.3,71.44666666666667,23.412499999999998,0.6000000000000001,6.454166666666667,1003.75,187.7458333333333,16.0,1.9166666666666667,2024,8,12,0,225,0,-0.8660254037844385,-0.5000000000000004,0.0,0.0,0.0
House#41,2024-08-13,0.0,0.0,0.0,Islamabad,Owner,6.0,6.0,2.0,4.0,0.0,0.0,4.5,4.5,2,Whole,2014.0,1 phase,12.0,Cemented,Cemented,Marble,Painted,Painted,5.0,12*13,1.0,4.0,0.0,Wooden,2.0,0,1.0,1,20.0,0,5.0,2.0,0,1.0,1.0,0.0,0.0,1.0,0.0,1.0,0.0,0.0,0,29.866666666666664,18.3,36.0,68.65791666666667,22.925,0.0,5.395833333333333,1004.0708333333333,262.34583333333336,22.6,2.625,2024,8,13,1,226,0,-0.8660254037844385,-0.5000000000000004,0.0,0.0,0.0
House#41,2024-08-14,0.0,0.0,0.0,Islamabad,Owner,6.0,6.0,2.0,4.0,0.0,0.0,4.5,4.5,2,Whole,2014.0,1 phase,12.0,Cemented,Cemented,Marble,Painted,Painted,5.0,12*13,1.0,4.0,0.0,Wooden,2.0,0,1.0,1,20.0,0,5.0,2.0,0,1.0,1.0,0.0,0.0,1.0,0.0,1.0,0.0,0.0,0,30.658333333333335,23.4,36.0,70.53583333333333,24.416666666666668,11.433,5.754166666666666,1003.6083333333332,240.125,20.7,2.4166666666666665,2024,8,14,2,227,0,-0.8660254037844385,-0.5000000000000004,0.0,0.0,0.0
House#41,2024-08-15,0.0,0.0,0.0,Islamabad,Owner,6.0,6.0,2.0,4.0,0.0,0.0,4.5,4.5,2,Whole,2014.0,1 phase,12.0,Cemented,Cemented,Marble,Painted,Painted,5.0,12*13,1.0,4.0,0.0,Wooden,2.0,0,1.0,1,20.0,0,5.0,2.0,0,1.0,1.0,0.0,0.0,1.0,0.0,1.0,0.0,0.0,0,27.145833333333332,20.8,30.7,81.61041666666667,23.679166666666664,1.1869999999999998,8.6625,1003.6791666666667,111.29166666666667,9.4,1.0833333333333333,2024,8,15,3,228,0,-0.8660254037844385,-0.5000000000000004,0.0,0.0,0.0
House#41,2024-08-16,0.0,0.0,0.0,Islamabad,Owner,6.0,6.0,2.0,4.0,0.0,0.0,4.5,4.5,2,Whole,2014.0,1 phase,12.0,Cemented,Cemented,Marble,Painted,Painted,5.0,12*13,1.0,4.0,0.0,Wooden,2.0,0,1.0,1,20.0,0,5.0,2.0,0,1.0,1.0,0.0,0.0,1.0,0.0,1.0,0.0,0.0,0,28.416666666666668,24.6,32.4,76.64916666666666,23.7375,0.9530000000000001,5.670833333333333,1002.7624999999999,175.01666666666665,15.1,1.75,2024,8,16,4,229,0,-0.8660254037844385,-0.5000000000000004,0.0,0.0,0.0
House#41,2024-08-17,0.0,0.0,0.0,Islamabad,Owner,6.0,6.0,2.0,4.0,0.0,0.0,4.5,4.5,2,Whole,2014.0,1 phase,12.0,Cemented,Cemented,Marble,Painted,Painted,5.0,12*13,1.0,4.0,0.0,Wooden,2.0,0,1.0,1,20.0,0,5.0,2.0,0,1.0,1.0,0.0,0.0,1.0,0.0,1.0,0.0,0.0,0,26.554166666666664,20.2,29.2,83.51,23.462500000000002,35.998,5.8625,1006.0833333333334,87.20416666666667,7.5,0.8333333333333334,2024,8,17,5,230,1,-0.8660254037844385,-0.5000000000000004,0.0,0.0,0.0
House#41,2024-08-18,0.0,0.0,0.0,Islamabad,Owner,6.0,6.0,2.0,4.0,0.0,0.0,4.5,4.5,2,Whole,2014.0,1 phase,12.0,Cemented,Cemented,Marble,Painted,Painted,5.0,12*13,1.0,4.0,0.0,Wooden,2.0,0,1.0,1,20.0,0,5.0,2.0,0,1.0,1.0,0.0,0.0,1.0,0.0,1.0,0.0,0.0,0,28.349999999999998,25.0,33.4,79.91666666666667,24.287499999999998,0.094,4.1875,1005.15,176.08333333333334,15.4,1.75,2024,8,18,6,231,1,-0.8660254037844385,-0.5000000000000004,0.0,0.0,0.0
House#41,2024-08-19,0.0,0.0,0.0,Islamabad,Owner,6.0,6.0,2.0,4.0,0.0,0.0,4.5,4.5,2,Whole,2014.0,1 phase,12.0,Cemented,Cemented,Marble,Painted,Painted,5.0,12*13,1.0,4.0,0.0,Wooden,2.0,0,1.0,1,20.0,0,5.0,2.0,0,1.0,1.0,0.0,0.0,1.0,0.0,1.0,0.0,0.0,0,28.7375,19.2,34.8,74.76625,23.454166666666666,1.6,6.054166666666666,1003.5083333333333,261.8041666666667,22.5,2.625,2024,8,19,0,232,0,-0.8660254037844385,-0.5000000000000004,0.0,0.0,0.0
House#41,2024-08-20,0.0,0.0,0.0,Islamabad,Owner,6.0,6.0,2.0,4.0,0.0,0.0,4.5,4.5,2,Whole,2014.0,1 phase,12.0,Cemented,Cemented,Marble,Painted,Painted,5.0,12*13,1.0,4.0,0.0,Wooden,2.0,0,1.0,1,20.0,0,5.0,2.0,0,1.0,1.0,0.0,0.0,1.0,0.0,1.0,0.0,0.0,0,27.383333333333336,20.2,31.7,76.57333333333334,22.645833333333332,18.089,5.458333333333333,1003.9291666666667,174.17083333333332,15.1,1.7916666666666667,2024,8,20,1,233,0,-0.8660254037844385,-0.5000000000000004,0.0,0.0,0.0
House#41,2024-08-21,0.0,0.0,0.0,Islamabad,Owner,6.0,6.0,2.0,4.0,0.0,0.0,4.5,4.5,2,Whole,2014.0,1 phase,12.0,Cemented,Cemented,Marble,Painted,Painted,5.0,12*13,1.0,4.0,0.0,Wooden,2.0,0,1.0,1,20.0,0,5.0,2.0,0,1.0,1.0,0.0,0.0,1.0,0.0,1.0,0.0,0.0,0,26.462500000000002,19.9,31.3,75.87333333333333,21.6125,8.825,5.5,1005.875,243.125,21.0,2.375,2024,8,21,2,234,0,-0.8660254037844385,-0.5000000000000004,0.0,0.0,0.0
House#41,2024-08-22,0.0,0.0,0.0,Islamabad,Owner,6.0,6.0,2.0,4.0,0.0,0.0,4.5,4.5,2,Whole,2014.0,1 phase,12.0,Cemented,Cemented,Marble,Painted,Painted,5.0,12*13,1.0,4.0,0.0,Wooden,2.0,0,1.0,1,20.0,0,5.0,2.0,0,1.0,1.0,0.0,0.0,1.0,0.0,1.0,0.0,0.0,0,28.604166666666668,23.3,34.4,69.09708333333333,21.995833333333334,0.031,6.2375,1003.9333333333334,277.2708333333333,24.0,2.7916666666666665,2024,8,22,3,235,0,-0.8660254037844385,-0.5000000000000004,0.0,0.0,0.0
House#41,2024-08-23,0.0,0.0,0.0,Islamabad,Owner,6.0,6.0,2.0,4.0,0.0,0.0,4.5,4.5,2,Whole,2014.0,1 phase,12.0,Cemented,Cemented,Marble,Painted,Painted,5.0,12*13,1.0,4.0,0.0,Wooden,2.0,0,1.0,1,20.0,0,5.0,2.0,0,1.0,1.0,0.0,0.0,1.0,0.0,1.0,0.0,0.0,0,29.650000000000002,23.6,35.8,65.37958333333333,22.025000000000002,0.0,5.816666666666666,1004.2291666666666,263.0708333333333,22.6,2.6666666666666665,2024,8,23,4,236,0,-0.8660254037844385,-0.5000000000000004,0.0,0.0,0.0
House#41,2024-08-24,0.0,0.0,0.0,Islamabad,Owner,6.0,6.0,2.0,4.0,0.0,0.0,4.5,4.5,2,Whole,2014.0,1 phase,12.0,Cemented,Cemented,Marble,Painted,Painted,5.0,12*13,1.0,4.0,0.0,Wooden,2.0,0,1.0,1,20.0,0,5.0,2.0,0,1.0,1.0,0.0,0.0,1.0,0.0,1.0,0.0,0.0,0,29.825,24.4,36.3,63.336666666666666,21.7,0.409,7.533333333333334,1004.5416666666666,266.34166666666664,23.1,2.625,2024,8,24,5,237,1,-0.8660254037844385,-0.5000000000000004,0.0,0.0,0.0
House#41,2024-08-25,0.0,0.0,0.0,Islamabad,Owner,6.0,6.0,2.0,4.0,0.0,0.0,4.5,4.5,2,Whole,2014.0,1 phase,12.0,Cemented,Cemented,Marble,Painted,Painted,5.0,12*13,1.0,4.0,0.0,Wooden,2.0,0,1.0,1,20.0,0,5.0,2.0,0,1.0,1.0,0.0,0.0,1.0,0.0,1.0,0.0,0.0,0,30.004166666666666,20.8,36.1,66.92458333333333,22.833333333333332,0.07,7.329166666666667,1003.1458333333334,244.1916666666667,21.1,2.4583333333333335,2024,8,25,6,238,1,-0.8660254037844385,-0.5000000000000004,0.0,0.0,0.0
House#41,2024-08-26,0.0,0.0,0.0,Islamabad,Owner,6.0,6.0,2.0,4.0,0.0,0.0,4.5,4.5,2,Whole,2014.0,1 phase,12.0,Cemented,Cemented,Marble,Painted,Painted,5.0,12*13,1.0,4.0,0.0,Wooden,2.0,0,1.0,1,20.0,0,5.0,2.0,0,1.0,1.0,0.0,0.0,1.0,0.0,1.0,0.0,0.0,0,30.233333333333334,23.0,35.4,63.20458333333334,21.900000000000002,0.211,7.941666666666666,1002.7624999999999,264.20416666666665,23.1,2.5833333333333335,2024,8,26,0,239,0,-0.8660254037844385,-0.5000000000000004,0.0,0.0,0.0
House#41,2024-08-27,0.0,0.0,0.0,Islamabad,Owner,6.0,6.0,2.0,4.0,0.0,0.0,4.5,4.5,2,Whole,2014.0,1 phase,12.0,Cemented,Cemented,Marble,Painted,Painted,5.0,12*13,1.0,4.0,0.0,Wooden,2.0,0,1.0,1,20.0,0,5.0,2.0,0,1.0,1.0,0.0,0.0,1.0,0.0,1.0,0.0,0.0,0,25.675,17.8,28.7,75.99166666666666,20.9875,30.85,8.383333333333333,1007.0625,101.98333333333333,8.8,1.0833333333333333,2024,8,27,1,240,0,-0.8660254037844385,-0.5000000000000004,0.0,0.0,0.0
House#41,2024-08-28,0.0,0.0,0.0,Islamabad,Owner,6.0,6.0,2.0,4.0,0.0,0.0,4.5,4.5,2,Whole,2014.0,1 phase,12.0,Cemented,Cemented,Marble,Painted,Painted,5.0,12*13,1.0,4.0,0.0,Wooden,2.0,0,1.0,1,20.0,0,5.0,2.0,0,1.0,1.0,0.0,0.0,1.0,0.0,1.0,0.0,0.0,0,25.77916666666667,23.3,28.2,80.17541666666666,22.075,11.002,5.016666666666667,1006.5708333333333,78.0125,6.6,0.7916666666666666,2024,8,28,2,241,0,-0.8660254037844385,-0.5000000000000004,0.0,0.0,0.0
House#41,2024-08-29,0.0,0.0,0.0,Islamabad,Owner,6.0,6.0,2.0,4.0,0.0,0.0,4.5,4.5,2,Whole,2014.0,1 phase,12.0,Cemented,Cemented,Marble,Painted,Painted,5.0,12*13,1.0,4.0,0.0,Wooden,2.0,0,1.0,1,20.0,0,5.0,2.0,0,1.0,1.0,0.0,0.0,1.0,0.0,1.0,0.0,0.0,0,24.775000000000002,19.4,27.3,82.83916666666666,21.6125,22.726000000000003,6.533333333333334,1005.4291666666667,93.80833333333334,8.1,0.875,2024,8,29,3,242,0,-0.8660254037844385,-0.5000000000000004,0.0,0.0,0.0
House#41,2024-08-30,0.0,0.0,0.0,Islamabad,Owner,6.0,6.0,2.0,4.0,0.0,0.0,4.5,4.5,2,Whole,2014.0,1 phase,12.0,Cemented,Cemented,Marble,Painted,Painted,5.0,12*13,1.0,4.0,0.0,Wooden,2.0,0,1.0,1,20.0,0,5.0,2.0,0,1.0,1.0,0.0,0.0,1.0,0.0,1.0,0.0,0.0,0,23.416666666666668,16.0,27.9,86.80916666666667,20.983333333333334,40.35,8.354166666666666,1008.6333333333333,122.42083333333333,10.5,1.25,2024,8,30,4,243,0,-0.8660254037844385,-0.5000000000000004,0.0,0.0,0.0
House#41,2024-08-31,0.0,0.0,0.0,Islamabad,Owner,6.0,6.0,2.0,4.0,0.0,0.0,4.5,4.5,2,Whole,2014.0,1 phase,12.0,Cemented,Cemented,Marble,Painted,Painted,5.0,12*13,1.0,4.0,0.0,Wooden,2.0,0,1.0,1,20.0,0,5.0,2.0,0,1.0,1.0,0.0,0.0,1.0,0.0,1.0,0.0,0.0,0,26.679166666666664,20.9,32.4,73.595,21.041666666666668,0.507,7.075,1006.6416666666668,262.03333333333336,22.5,2.625,2024,8,31,5,244,1,-0.8660254037844385,-0.5000000000000004,0.0,0.0,0.0
House#41,2024-09-01,0.0,0.0,0.0,Islamabad,Owner,6.0,6.0,2.0,4.0,0.0,0.0,4.5,4.5,2,Whole,2014.0,1 phase,12.0,Cemented,Cemented,Marble,Painted,Painted,5.0,12*13,1.0,4.0,0.0,Wooden,2.0,0,1.0,1,20.0,0,5.0,2.0,0,1.0,1.0,0.0,0.0,1.0,0.0,1.0,0.0,0.0,0,29.370833333333334,24.2,34.9,69.76583333333333,22.900000000000002,0.0,4.7875000000000005,1004.6333333333333,265.3125,23.0,2.5833333333333335,2024,9,1,6,245,1,-1.0,-1.8369701987210297e-16,0.0,0.0,0.0
House#41,2024-09-02,0.0,0.0,0.0,Islamabad,Owner,6.0,6.0,2.0,4.0,0.0,0.0,4.5,4.5,2,Whole,2014.0,1 phase,12.0,Cemented,Cemented,Marble,Painted,Painted,5.0,12*13,1.0,4.0,0.0,Wooden,2.0,0,1.0,1,20.0,0,5.0,2.0,0,1.0,1.0,0.0,0.0,1.0,0.0,1.0,0.0,0.0,0,26.883333333333336,19.5,31.8,80.01625,23.0,2.617,7.995833333333334,1006.0583333333334,209.9333333333333,18.3,2.125,2024,9,2,0,246,0,-1.0,-1.8369701987210297e-16,0.0,0.0,0.0
House#41,2024-09-03,0.0,0.0,0.0,Islamabad,Owner,6.0,6.0,2.0,4.0,0.0,0.0,4.5,4.5,2,Whole,2014.0,1 phase,12.0,Cemented,Cemented,Marble,Painted,Painted,5.0,12*13,1.0,4.0,0.0,Wooden,2.0,0,1.0,1,20.0,0,5.0,2.0,0,1.0,1.0,0.0,0.0,1.0,0.0,1.0,0.0,0.0,0,26.458333333333332,23.2,30.9,79.02125,22.3125,3.942,5.329166666666667,1007.9833333333332,180.16666666666666,15.5,1.75,2024,9,3,1,247,0,-1.0,-1.8369701987210297e-16,0.0,0.0,0.0
House#41,2024-09-04,0.0,0.0,0.0,Islamabad,Owner,6.0,6.0,2.0,4.0,0.0,0.0,4.5,4.5,2,Whole,2014.0,1 phase,12.0,Cemented,Cemented,Marble,Painted,Painted,5.0,12*13,1.0,4.0,0.0,Wooden,2.0,0,1.0,1,20.0,0,5.0,2.0,0,1.0,1.0,0.0,0.0,1.0,0.0,1.0,0.0,0.0,0,27.679166666666664,18.2,33.0,74.38583333333334,22.425,0.0,5.9875,1004.6999999999999,266.625,23.1,2.6666666666666665,2024,9,4,2,248,0,-1.0,-1.8369701987210297e-16,0.0,0.0,0.0
House#41,2024-09-05,0.0,0.0,0.0,Islamabad,Owner,6.0,6.0,2.0,4.0,0.0,0.0,4.5,4.5,2,Whole,2014.0,1 phase,12.0,Cemented,Cemented,Marble,Painted,Painted,5.0,12*13,1.0,4.0,0.0,Wooden,2.0,0,1.0,1,20.0,0,5.0,2.0,0,1.0,1.0,0.0,0.0,1.0,0.0,1.0,0.0,0.0,0,28.275000000000002,23.4,33.1,74.04541666666667,22.96666666666667,0.4,6.004166666666666,1001.8333333333334,225.73333333333335,19.5,2.2916666666666665,2024,9,5,3,249,0,-1.0,-1.8369701987210297e-16,0.0,0.0,0.0
House#41,2024-09-06,0.0,0.0,0.0,Islamabad,Owner,6.0,6.0,2.0,4.0,0.0,0.0,4.5,4.5,2,Whole,2014.0,1 phase,12.0,Cemented,Cemented,Marble,Painted,Painted,5.0,12*13,1.0,4.0,0.0,Wooden,2.0,0,1.0,1,20.0,0,5.0,2.0,0,1.0,1.0,0.0,0.0,1.0,0.0,1.0,0.0,0.0,0,27.670833333333334,22.5,32.5,71.27833333333334,21.829166666666666,0.524,8.108333333333333,1003.8333333333334,241.20416666666665,20.7,2.4166666666666665,2024,9,6,4,250,0,-1.0,-1.8369701987210297e-16,0.0,0.0,0.0
House#41,2024-09-07,0.0,0.0,0.0,Islamabad,Owner,6.0,6.0,2.0,4.0,0.0,0.0,4.5,4.5,2,Whole,2014.0,1 phase,12.0,Cemented,Cemented,Marble,Painted,Painted,5.0,12*13,1.0,4.0,0.0,Wooden,2.0,0,1.0,1,20.0,0,5.0,2.0,0,1.0,1.0,0.0,0.0,1.0,0.0,1.0,0.0,0.0,0,26.679166666666664,19.6,32.4,74.78291666666667,21.508333333333336,49.71,6.195833333333333,1006.0375,248.82083333333333,21.4,2.4583333333333335,2024,9,7,5,251,1,-1.0,-1.8369701987210297e-16,0.0,0.0,0.0
House#41,2024-09-08,0.0,0.0,0.0,Islamabad,Owner,6.0,6.0,2.0,4.0,0.0,0.0,4.5,4.5,2,Whole,2014.0,1 phase,12.0,Cemented,Cemented,Marble,Painted,Painted,5.0,12*13,1.0,4.0,0.0,Wooden,2.0,0,1.0,1,20.0,0,5.0,2.0,0,1.0,1.0,0.0,0.0,1.0,0.0,1.0,0.0,0.0,0,28.337500000000002,23.7,33.5,69.66958333333334,21.900000000000002,0.094,7.4125000000000005,1005.5124999999999,254.02083333333334,21.8,2.5416666666666665,2024,9,8,6,252,1,-1.0,-1.8369701987210297e-16,0.0,0.0,0.0
House#41,2024-09-09,0.0,0.0,0.0,Islamabad,Owner,6.0,6.0,2.0,4.0,0.0,0.0,4.5,4.5,2,Whole,2014.0,1 phase,12.0,Cemented,Cemented,Marble,Painted,Painted,5.0,12*13,1.0,4.0,0.0,Wooden,2.0,0,1.0,1,20.0,0,5.0,2.0,0,1.0,1.0,0.0,0.0,1.0,0.0,1.0,0.0,0.0,0,28.133333333333336,19.7,34.8,70.37,21.791666666666668,0.0,4.945833333333334,1002.8458333333333,260.0541666666667,22.5,2.5833333333333335,2024,9,9,0,253,0,-1.0,-1.8369701987210297e-16,0.0,0.0,0.0
House#41,2024-09-10,0.0,0.0,0.0,Islamabad,Owner,6.0,6.0,2.0,4.0,0.0,0.0,4.5,4.5,2,Whole,2014.0,1 phase,12.0,Cemented,Cemented,Marble,Painted,Painted,5.0,12*13,1.0,4.0,0.0,Wooden,2.0,0,1.0,1,20.0,0,5.0,2.0,0,1.0,1.0,0.0,0.0,1.0,0.0,1.0,0.0,0.0,0,28.212500000000002,24.0,34.1,69.795,21.825,0.0,6.625,1002.2875,249.00833333333333,21.3,2.5416666666666665,2024,9,10,1,254,0,-1.0,-1.8369701987210297e-16,0.0,0.0,0.0
House#41,2024-09-11,0.0,0.0,0.0,Islamabad,Owner,6.0,6.0,2.0,4.0,0.0,0.0,4.5,4.5,2,Whole,2014.0,1 phase,12.0,Cemented,Cemented,Marble,Painted,Painted,5.0,12*13,1.0,4.0,0.0,Wooden,2.0,0,1.0,1,20.0,0,5.0,2.0,0,1.0,1.0,0.0,0.0,1.0,0.0,1.0,0.0,0.0,0,28.616666666666664,21.7,35.0,61.17291666666667,19.641666666666666,0.283,7.758333333333333,1003.0541666666667,254.0375,22.1,2.5833333333333335,2024,9,11,2,255,0,-1.0,-1.8369701987210297e-16,0.0,0.0,0.0
House#41,2024-09-12,0.0,0.0,0.0,Islamabad,Owner,6.0,6.0,2.0,4.0,0.0,0.0,4.5,4.5,2,Whole,2014.0,1 phase,12.0,Cemented,Cemented,Marble,Painted,Painted,5.0,12*13,1.0,4.0,0.0,Wooden,2.0,0,1.0,1,20.0,0,5.0,2.0,0,1.0,1.0,0.0,0.0,1.0,0.0,1.0,0.0,0.0,0,28.695833333333336,19.2,35.6,59.145,19.287499999999998,0.0,7.1875,1000.4833333333332,259.4458333333333,22.3,2.5833333333333335,2024,9,12,3,256,0,-1.0,-1.8369701987210297e-16,0.0,0.0,0.0
House#41,2024-09-13,0.0,0.0,0.0,Islamabad,Owner,6.0,6.0,2.0,4.0,0.0,0.0,4.5,4.5,2,Whole,2014.0,1 phase,12.0,Cemented,Cemented,Marble,Painted,Painted,5.0,12*13,1.0,4.0,0.0,Wooden,2.0,0,1.0,1,20.0,0,5.0,2.0,0,1.0,1.0,0.0,0.0,1.0,0.0,1.0,0.0,0.0,0,29.879166666666666,23.1,35.2,58.79958333333334,20.558333333333334,4.415,8.583333333333334,1000.1458333333334,233.2541666666667,20.3,2.375,2024,9,13,4,257,0,-1.0,-1.8369701987210297e-16,0.0,0.0,0.0
House#41,2024-09-14,0.0,0.0,0.0,Islamabad,Owner,6.0,6.0,2.0,4.0,0.0,0.0,4.5,4.5,2,Whole,2014.0,1 phase,12.0,Cemented,Cemented,Marble,Painted,Painted,5.0,12*13,1.0,4.0,0.0,Wooden,2.0,0,1.0,1,20.0,0,5.0,2.0,0,1.0,1.0,0.0,0.0,1.0,0.0,1.0,0.0,0.0,0,25.754166666666666,19.2,31.0,70.76541666666667,19.775000000000002,8.128,8.245833333333334,1003.2958333333332,216.74166666666667,18.6,2.125,2024,9,14,5,258,1,-1.0,-1.8369701987210297e-16,0.0,0.0,0.0
House#41,2024-09-15,0.0,0.0,0.0,Islamabad,Owner,6.0,6.0,2.0,4.0,0.0,0.0,4.5,4.5,2,Whole,2014.0,1 phase,12.0,Cemented,Cemented,Marble,Painted,Painted,5.0,12*13,1.0,4.0,0.0,Wooden,2.0,0,1.0,1,20.0,0,5.0,2.0,0,1.0,1.0,0.0,0.0,1.0,0.0,1.0,0.0,0.0,0,26.933333333333334,18.0,32.7,67.59666666666666,19.787499999999998,0.0,7.325,1003.7375000000001,251.8083333333333,21.7,2.5416666666666665,2024,9,15,6,259,1,-1.0,-1.8369701987210297e-16,0.0,0.0,0.0
House#41,2024-09-16,0.0,0.0,0.0,Islamabad,Owner,6.0,6.0,2.0,4.0,0.0,0.0,4.5,4.5,2,Whole,2014.0,1 phase,12.0,Cemented,Cemented,Marble,Painted,Painted,5.0,12*13,1.0,4.0,0.0,Wooden,2.0,0,1.0,1,20.0,0,5.0,2.0,0,1.0,1.0,0.0,0.0,1.0,0.0,1.0,0.0,0.0,0,27.22083333333333,20.0,33.6,62.6025,18.820833333333333,0.0,6.875,1005.3041666666667,248.40416666666667,21.5,2.5,2024,9,16,0,260,0,-1.0,-1.8369701987210297e-16,0.0,0.0,0.0
House#41,2024-09-17,0.0,0.0,0.0,Islamabad,Owner,6.0,6.0,2.0,4.0,0.0,0.0,4.5,4.5,2,Whole,2014.0,1 phase,12.0,Cemented,Cemented,Marble,Painted,Painted,5.0,12*13,1.0,4.0,0.0,Wooden,2.0,0,1.0,1,20.0,0,5.0,2.0,0,1.0,1.0,0.0,0.0,1.0,0.0,1.0,0.0,0.0,0,27.770833333333332,19.4,34.1,61.345416666666665,19.066666666666666,0.1,6.391666666666667,1006.5375,237.67916666666667,20.6,2.2916666666666665,2024,9,17,1,261,0,-1.0,-1.8369701987210297e-16,0.0,0.0,0.0
House#41,2024-09-18,0.0,0.0,0.0,Islamabad,Owner,6.0,6.0,2.0,4.0,0.0,0.0,4.5,4.5,2,Whole,2014.0,1 phase,12.0,Cemented,Cemented,Marble,Painted,Painted,5.0,12*13,1.0,4.0,0.0,Wooden,2.0,0,1.0,1,20.0,0,5.0,2.0,0,1.0,1.0,0.0,0.0,1.0,0.0,1.0,0.0,0.0,0,28.441666666666666,22.8,35.4,58.31833333333333,18.787499999999998,0.0,6.125,1006.65,244.75,20.900000000000002,2.4166666666666665,2024,9,18,2,262,0,-1.0,-1.8369701987210297e-16,0.0,0.0,0.0
House#41,2024-09-19,0.0,0.0,0.0,Islamabad,Owner,6.0,6.0,2.0,4.0,0.0,0.0,4.5,4.5,2,Whole,2014.0,1 phase,12.0,Cemented,Cemented,Marble,Painted,Painted,5.0,12*13,1.0,4.0,0.0,Wooden,2.0,0,1.0,1,20.0,0,5.0,2.0,0,1.0,1.0,0.0,0.0,1.0,0.0,1.0,0.0,0.0,0,28.099999999999998,17.7,35.9,55.14458333333334,17.341666666666665,0.0,5.825,1007.5625,239.47916666666666,20.8,2.4166666666666665,2024,9,19,3,263,0,-1.0,-1.8369701987210297e-16,0.0,0.0,0.0
House#41,2024-09-20,0.0,0.0,0.0,Islamabad,Owner,6.0,6.0,2.0,4.0,0.0,0.0,4.5,4.5,2,Whole,2014.0,1 phase,12.0,Cemented,Cemented,Marble,Painted,Painted,5.0,12*13,1.0,4.0,0.0,Wooden,2.0,0,1.0,1,20.0,0,5.0,2.0,0,1.0,1.0,0.0,0.0,1.0,0.0,1.0,0.0,0.0,0,29.150000000000002,20.5,37.1,52.44375,17.6875,0.0,5.679166666666667,1005.6041666666666,231.73333333333335,19.900000000000002,2.375,2024,9,20,4,264,0,-1.0,-1.8369701987210297e-16,0.0,0.0,0.0
House#41,2024-09-21,0.0,0.0,0.0,Islamabad,Owner,6.0,6.0,2.0,4.0,0.0,0.0,4.5,4.5,2,Whole,2014.0,1 phase,12.0,Cemented,Cemented,Marble,Painted,Painted,5.0,12*13,1.0,4.0,0.0,Wooden,2.0,0,1.0,1,20.0,0,5.0,2.0,0,1.0,1.0,0.0,0.0,1.0,0.0,1.0,0.0,0.0,0,29.995833333333334,24.2,36.7,56.11666666666667,19.7625,0.0,6.6125,1006.5166666666668,236.11666666666667,20.400000000000002,2.3333333333333335,2024,9,21,5,265,1,-1.0,-1.8369701987210297e-16,0.0,0.0,0.0
House#41,2024-09-22,0.0,0.0,0.0,Islamabad,Owner,6.0,6.0,2.0,4.0,0.0,0.0,4.5,4.5,2,Whole,2014.0,1 phase,12.0,Cemented,Cemented,Marble,Painted,Painted,5.0,12*13,1.0,4.0,0.0,Wooden,2.0,0,1.0,1,20.0,0,5.0,2.0,0,1.0,1.0,0.0,0.0,1.0,0.0,1.0,0.0,0.0,0,30.245833333333334,25.1,36.4,58.42333333333334,20.6875,0.0,6.166666666666667,1006.1208333333334,227.42499999999998,19.6,2.2916666666666665,2024,9,22,6,266,1,-1.0,-1.8369701987210297e-16,0.0,0.0,0.0
House#41,2024-09-23,0.0,0.0,0.0,Islamabad,Owner,6.0,6.0,2.0,4.0,0.0,0.0,4.5,4.5,2,Whole,2014.0,1 phase,12.0,Cemented,Cemented,Marble,Painted,Painted,5.0,12*13,1.0,4.0,0.0,Wooden,2.0,0,1.0,1,20.0,0,5.0,2.0,0,1.0,1.0,0.0,0.0,1.0,0.0,1.0,0.0,0.0,0,30.5125,22.2,36.9,55.77333333333333,20.175,0.0,5.545833333333333,1006.2291666666666,228.40833333333333,19.5,2.3333333333333335,2024,9,23,0,267,0,-1.0,-1.8369701987210297e-16,0.0,0.0,0.0
House#41,2024-09-24,0.0,0.0,0.0,Islamabad,Owner,6.0,6.0,2.0,4.0,0.0,0.0,4.5,4.5,2,Whole,2014.0,1 phase,12.0,Cemented,Cemented,Marble,Painted,Painted,5.0,12*13,1.0,4.0,0.0,Wooden,2.0,0,1.0,1,20.0,0,5.0,2.0,0,1.0,1.0,0.0,0.0,1.0,0.0,1.0,0.0,0.0,0,30.52916666666667,18.8,37.8,54.524166666666666,19.591666666666665,0.0,5.733333333333333,1004.2458333333334,228.725,19.7,2.3333333333333335,2024,9,24,1,268,0,-1.0,-1.8369701987210297e-16,0.0,0.0,0.0
House#41,2024-09-25,0.0,0.0,0.0,Islamabad,Owner,6.0,6.0,2.0,4.0,0.0,0.0,4.5,4.5,2,Whole,2014.0,1 phase,12.0,Cemented,Cemented,Marble,Painted,Painted,5.0,12*13,1.0,4.0,0.0,Wooden,2.0,0,1.0,1,20.0,0,5.0,2.0,0,1.0,1.0,0.0,0.0,1.0,0.0,1.0,0.0,0.0,0,31.25,19.4,37.6,53.77166666666667,20.270833333333332,0.0,5.9875,1004.0500000000001,208.35833333333335,18.0,2.0833333333333335,2024,9,25,2,269,0,-1.0,-1.8369701987210297e-16,0.0,0.0,0.0
House#41,2024-09-26,0.0,0.0,0.0,Islamabad,Owner,6.0,6.0,2.0,4.0,0.0,0.0,4.5,4.5,2,Whole,2014.0,1 phase,12.0,Cemented,Cemented,Marble,Painted,Painted,5.0,12*13,1.0,4.0,0.0,Wooden,2.0,0,1.0,1,20.0,0,5.0,2.0,0,1.0,1.0,0.0,0.0,1.0,0.0,1.0,0.0,0.0,0,28.395833333333332,19.0,34.7,64.90291666666667,21.045833333333334,0.388,8.104166666666666,1004.5875,172.88750000000002,15.0,1.7083333333333333,2024,9,26,3,270,0,-1.0,-1.8369701987210297e-16,0.0,0.0,0.0
House#41,2024-09-27,0.0,0.0,0.0,Islamabad,Owner,6.0,6.0,2.0,4.0,0.0,0.0,4.5,4.5,2,Whole,2014.0,1 phase,12.0,Cemented,Cemented,Marble,Painted,Painted,5.0,12*13,1.0,4.0,0.0,Wooden,2.0,0,1.0,1,20.0,0,5.0,2.0,0,1.0,1.0,0.0,0.0,1.0,0.0,1.0,0.0,0.0,0,24.775000000000002,18.0,29.4,75.50833333333334,19.870833333333334,34.45,9.604166666666666,1005.9166666666666,151.49583333333334,13.1,1.5,2024,9,27,4,271,0,-1.0,-1.8369701987210297e-16,0.0,0.0,0.0
House#41,2024-09-28,0.0,0.0,0.0,Islamabad,Owner,6.0,6.0,2.0,4.0,0.0,0.0,4.5,4.5,2,Whole,2014.0,1 phase,12.0,Cemented,Cemented,Marble,Painted,Painted,5.0,12*13,1.0,4.0,0.0,Wooden,2.0,0,1.0,1,20.0,0,5.0,2.0,0,1.0,1.0,0.0,0.0,1.0,0.0,1.0,0.0,0.0,0,25.025000000000002,17.7,29.6,74.56,19.875,2.0860000000000003,6.7250000000000005,1007.3666666666667,209.38750000000002,18.1,2.0833333333333335,2024,9,28,5,272,1,-1.0,-1.8369701987210297e-16,0.0,0.0,0.0
House#41,2024-09-29,0.0,0.0,0.0,Islamabad,Owner,6.0,6.0,2.0,4.0,0.0,0.0,4.5,4.5,2,Whole,2014.0,1 phase,12.0,Cemented,Cemented,Marble,Painted,Painted,5.0,12*13,1.0,4.0,0.0,Wooden,2.0,0,1.0,1,20.0,0,5.0,2.0,0,1.0,1.0,0.0,0.0,1.0,0.0,1.0,0.0,0.0,0,25.433333333333334,18.0,30.8,74.40041666666667,20.2625,0.0,5.1625000000000005,1010.3249999999999,218.00833333333333,18.9,2.125,2024,9,29,6,273,1,-1.0,-1.8369701987210297e-16,0.0,0.0,0.0
House#41,2024-09-30,0.0,0.0,0.0,Islamabad,Owner,6.0,6.0,2.0,4.0,0.0,0.0,4.5,4.5,2,Whole,2014.0,1 phase,12.0,Cemented,Cemented,Marble,Painted,Painted,5.0,12*13,1.0,4.0,0.0,Wooden,2.0,0,1.0,1,20.0,0,5.0,2.0,0,1.0,1.0,0.0,0.0,1.0,0.0,1.0,0.0,0.0,0,25.84166666666667,19.8,32.0,68.73125,19.224999999999998,0.0,8.120833333333334,1009.0833333333334,230.00833333333333,19.9,2.3333333333333335,2024,9,30,0,274,0,-1.0,-1.8369701987210297e-16,0.0,0.0,0.0
House#41,2024-10-01,0.0,0.0,0.0,Islamabad,Owner,6.0,6.0,2.0,4.0,0.0,0.0,4.5,4.5,2,Whole,2014.0,1 phase,12.0,Cemented,Cemented,Marble,Painted,Painted,5.0,12*13,1.0,4.0,0.0,Wooden,2.0,0,1.0,1,20.0,0,5.0,2.0,0,1.0,1.0,0.0,0.0,1.0,0.0,1.0,0.0,0.0,0,26.879166666666666,21.3,33.5,55.70666666666667,16.595833333333335,0.0,8.0625,1005.5666666666666,231.57500000000002,20.099999999999998,2.3333333333333335,2024,10,1,1,275,0,-0.8660254037844386,0.5000000000000001,0.0,0.0,0.0
House#41,2024-10-02,0.0,0.0,0.0,Islamabad,Owner,6.0,6.0,2.0,4.0,0.0,0.0,4.5,4.5,2,Whole,2014.0,1 phase,12.0,Cemented,Cemented,Marble,Painted,Painted,5.0,12*13,1.0,4.0,0.0,Wooden,2.0,0,1.0,1,20.0,0,5.0,2.0,0,1.0,1.0,0.0,0.0,1.0,0.0,1.0,0.0,0.0,0,25.933333333333334,20.9,32.3,48.67541666666667,13.558333333333332,0.0,6.654166666666666,1005.6791666666667,233.625,20.3,2.2916666666666665,2024,10,2,2,276,0,-0.8660254037844386,0.5000000000000001,0.0,0.0,0.0
House#41,2024-10-03,0.0,0.0,0.0,Islamabad,Owner,6.0,6.0,2.0,4.0,0.0,0.0,4.5,4.5,2,Whole,2014.0,1 phase,12.0,Cemented,Cemented,Marble,Painted,Painted,5.0,12*13,1.0,4.0,0.0,Wooden,2.0,0,1.0,1,20.0,0,5.0,2.0,0,1.0,1.0,0.0,0.0,1.0,0.0,1.0,0.0,0.0,0,26.504166666666666,16.0,33.8,50.79916666666667,14.945833333333333,0.0,6.2749999999999995,1004.5124999999999,223.7125,19.4,2.2083333333333335,2024,10,3,3,277,0,-0.8660254037844386,0.5000000000000001,0.0,0.0,0.0
House#41,2024-10-04,0.0,0.0,0.0,Islamabad,Owner,6.0,6.0,2.0,4.0,0.0,0.0,4.5,4.5,2,Whole,2014.0,1 phase,12.0,Cemented,Cemented,Marble,Painted,Painted,5.0,12*13,1.0,4.0,0.0,Wooden,2.0,0,1.0,1,20.0,0,5.0,2.0,0,1.0,1.0,0.0,0.0,1.0,0.0,1.0,0.0,0.0,0,26.820833333333336,21.8,33.7,58.79958333333334,17.633333333333333,1.5,5.295833333333333,1005.475,205.975,17.9,2.0833333333333335,2024,10,4,4,278,0,-0.8660254037844386,0.5000000000000001,0.0,0.0,0.0
House#41,2024-10-05,0.0,0.0,0.0,Islamabad,Owner,6.0,6.0,2.0,4.0,0.0,0.0,4.5,4.5,2,Whole,2014.0,1 phase,12.0,Cemented,Cemented,Marble,Painted,Painted,5.0,12*13,1.0,4.0,0.0,Wooden,2.0,0,1.0,1,20.0,0,5.0,2.0,0,1.0,1.0,0.0,0.0,1.0,0.0,1.0,0.0,0.0,0,26.070833333333336,12.8,32.0,54.07208333333333,15.033333333333333,6.814,8.829166666666667,1007.7791666666667,206.79166666666666,17.8,2.0833333333333335,2024,10,5,5,279,1,-0.8660254037844386,0.5000000000000001,0.0,0.0,0.0
House#41,2024-10-06,0.0,0.0,0.0,Islamabad,Owner,6.0,6.0,2.0,4.0,0.0,0.0,4.5,4.5,2,Whole,2014.0,1 phase,12.0,Cemented,Cemented,Marble,Painted,Painted,5.0,12*13,1.0,4.0,0.0,Wooden,2.0,0,1.0,1,20.0,0,5.0,2.0,0,1.0,1.0,0.0,0.0,1.0,0.0,1.0,0.0,0.0,0,23.90416666666667,17.9,29.7,59.01083333333333,14.991666666666667,45.082,6.658333333333334,1013.1791666666667,219.4333333333333,18.9,2.125,2024,10,6,6,280,1,-0.8660254037844386,0.5000000000000001,0.0,0.0,0.0
House#41,2024-10-07,0.0,0.0,0.0,Islamabad,Owner,6.0,6.0,2.0,4.0,0.0,0.0,4.5,4.5,2,Whole,2014.0,1 phase,12.0,Cemented,Cemented,Marble,Painted,Painted,5.0,12*13,1.0,4.0,0.0,Wooden,2.0,0,1.0,1,20.0,0,5.0,2.0,0,1.0,1.0,0.0,0.0,1.0,0.0,1.0,0.0,0.0,0,24.208333333333332,19.2,30.5,61.310833333333335,15.754166666666668,0.0,7.054166666666667,1014.2208333333333,214.65416666666667,18.5,2.125,2024,10,7,0,281,0,-0.8660254037844386,0.5000000000000001,0.0,0.0,0.0
House#41,2024-10-08,0.0,0.0,0.0,Islamabad,Owner,6.0,6.0,2.0,4.0,0.0,0.0,4.5,4.5,2,Whole,2014.0,1 phase,12.0,Cemented,Cemented,Marble,Painted,Painted,5.0,12*13,1.0,4.0,0.0,Wooden,2.0,0,1.0,1,20.0,0,5.0,2.0,0,1.0,1.0,0.0,0.0,1.0,0.0,1.0,0.0,0.0,0,23.09166666666667,17.0,29.6,63.94,15.620833333333335,1.1,6.879166666666666,1014.9208333333332,176.75833333333333,15.3,1.75,2024,10,8,1,282,0,-0.8660254037844386,0.5000000000000001,0.0,0.0,0.0
House#41,2024-10-09,0.0,0.0,0.0,Islamabad,Owner,6.0,6.0,2.0,4.0,0.0,0.0,4.5,4.5,2,Whole,2014.0,1 phase,12.0,Cemented,Cemented,Marble,Painted,Painted,5.0,12*13,1.0,4.0,0.0,Wooden,2.0,0,1.0,1,20.0,0,5.0,2.0,0,1.0,1.0,0.0,0.0,1.0,0.0,1.0,0.0,0.0,0,22.954166666666666,18.2,29.0,61.03666666666666,14.379166666666668,0.063,8.483333333333333,1012.7083333333334,215.90416666666667,18.6,2.0416666666666665,2024,10,9,2,283,0,-0.8660254037844386,0.5000000000000001,0.0,0.0,0.0
House#41,2024-10-10,0.0,0.0,0.0,Islamabad,Owner,6.0,6.0,2.0,4.0,0.0,0.0,4.5,4.5,2,Whole,2014.0,1 phase,12.0,Cemented,Cemented,Marble,Painted,Painted,5.0,12*13,1.0,4.0,0.0,Wooden,2.0,0,1.0,1,20.0,0,5.0,2.0,0,1.0,1.0,0.0,0.0,1.0,0.0,1.0,0.0,0.0,0,23.366666666666664,18.2,29.9,56.15,13.391666666666666,0.0,6.408333333333334,1011.4208333333332,218.42499999999998,18.8,2.1666666666666665,2024,10,10,3,284,0,-0.8660254037844386,0.5000000000000001,0.0,0.0,0.0
House#41,2024-10-11,0.0,0.0,0.0,Islamabad,Owner,6.0,6.0,2.0,4.0,0.0,0.0,4.5,4.5,2,Whole,2014.0,1 phase,12.0,Cemented,Cemented,Marble,Painted,Painted,5.0,12*13,1.0,4.0,0.0,Wooden,2.0,0,1.0,1,20.0,0,5.0,2.0,0,1.0,1.0,0.0,0.0,1.0,0.0,1.0,0.0,0.0,0,23.416666666666668,17.4,31.3,54.013749999999995,12.779166666666667,0.0,6.6375,1010.6291666666666,218.86666666666667,18.900000000000002,2.1666666666666665,2024,10,11,4,285,0,-0.8660254037844386,0.5000000000000001,0.0,0.0,0.0
House#41,2024-10-12,0.0,0.0,0.0,Islamabad,Owner,6.0,6.0,2.0,4.0,0.0,0.0,4.5,4.5,2,Whole,2014.0,1 phase,12.0,Cemented,Cemented,Marble,Painted,Painted,5.0,12*13,1.0,4.0,0.0,Wooden,2.0,0,1.0,1,20.0,0,5.0,2.0,0,1.0,1.0,0.0,0.0,1.0,0.0,1.0,0.0,0.0,0,24.004166666666666,17.5,31.4,51.97416666666667,12.670833333333334,0.0,5.3625,1010.7541666666666,213.0625,18.5,2.0833333333333335,2024,10,12,5,286,1,-0.8660254037844386,0.5000000000000001,0.0,0.0,0.0
House#41,2024-10-13,0.0,0.0,0.0,Islamabad,Owner,6.0,6.0,2.0,4.0,0.0,0.0,4.5,4.5,2,Whole,2014.0,1 phase,12.0,Cemented,Cemented,Marble,Painted,Painted,5.0,12*13,1.0,4.0,0.0,Wooden,2.0,0,1.0,1,20.0,0,5.0,2.0,0,1.0,1.0,0.0,0.0,1.0,0.0,1.0,0.0,0.0,0,23.933333333333334,18.0,31.1,43.47291666666666,9.7875,0.0,6.5125,1011.6333333333333,211.95833333333334,18.3,2.1666666666666665,2024,10,13,6,287,1,-0.8660254037844386,0.5000000000000001,0.0,0.0,0.0
House#41,2024-10-14,0.0,0.0,0.0,Islamabad,Owner,6.0,6.0,2.0,4.0,0.0,0.0,4.5,4.5,2,Whole,2014.0,1 phase,12.0,Cemented,Cemented,Marble,Painted,Painted,5.0,12*13,1.0,4.0,0.0,Wooden,2.0,0,1.0,1,20.0,0,5.0,2.0,0,1.0,1.0,0.0,0.0,1.0,0.0,1.0,0.0,0.0,0,24.129166666666666,18.8,30.9,49.83291666666667,12.458333333333334,0.0,7.0375000000000005,1012.7624999999999,200.5666666666667,17.3,2.0,2024,10,14,0,288,0,-0.8660254037844386,0.5000000000000001,0.0,0.0,0.0
House#41,2024-10-15,0.0,0.0,0.0,Islamabad,Owner,6.0,6.0,2.0,4.0,0.0,0.0,4.5,4.5,2,Whole,2014.0,1 phase,12.0,Cemented,Cemented,Marble,Painted,Painted,5.0,12*13,1.0,4.0,0.0,Wooden,2.0,0,1.0,1,20.0,0,5.0,2.0,0,1.0,1.0,0.0,0.0,1.0,0.0,1.0,0.0,0.0,0,23.883333333333336,15.5,31.5,53.594166666666666,12.983333333333334,0.0,6.6375,1011.3333333333334,202.9416666666667,17.4,2.0,2024,10,15,1,289,0,-0.8660254037844386,0.5000000000000001,0.0,0.0,0.0
House#41,2024-10-16,0.0,0.0,0.0,Islamabad,Owner,6.0,6.0,2.0,4.0,0.0,0.0,4.5,4.5,2,Whole,2014.0,1 phase,12.0,Cemented,Cemented,Marble,Painted,Painted,5.0,12*13,1.0,4.0,0.0,Wooden,2.0,0,1.0,1,20.0,0,5.0,2.0,0,1.0,1.0,0.0,0.0,1.0,0.0,1.0,0.0,0.0,0,24.4875,18.6,32.1,50.552083333333336,12.8375,0.0,6.1499999999999995,1009.7583333333333,198.725,17.0,1.9166666666666667,2024,10,16,2,290,0,-0.8660254037844386,0.5000000000000001,0.0,0.0,0.0
House#41,2024-10-17,0.0,0.0,0.0,Islamabad,Owner,6.0,6.0,2.0,4.0,0.0,0.0,4.5,4.5,2,Whole,2014.0,1 phase,12.0,Cemented,Cemented,Marble,Painted,Painted,5.0,12*13,1.0,4.0,0.0,Wooden,2.0,0,1.0,1,20.0,0,5.0,2.0,0,1.0,1.0,0.0,0.0,1.0,0.0,1.0,0.0,0.0,0,24.445833333333336,19.5,31.2,50.88125,13.125,0.0,6.3125,1011.0791666666668,192.57500000000002,16.6,1.875,2024,10,17,3,291,0,-0.8660254037844386,0.5000000000000001,0.0,0.0,0.0
House#41,2024-10-18,0.0,0.0,0.0,Islamabad,Owner,6.0,6.0,2.0,4.0,0.0,0.0,4.5,4.5,2,Whole,2014.0,1 phase,12.0,Cemented,Cemented,Marble,Painted,Painted,5.0,12*13,1.0,4.0,0.0,Wooden,2.0,0,1.0,1,20.0,0,5.0,2.0,0,1.0,1.0,0.0,0.0,1.0,0.0,1.0,0.0,0.0,0,23.974999999999998,19.2,31.7,53.97541666666667,13.525,0.0,6.329166666666667,1011.4208333333332,186.6208333333333,16.1,1.8333333333333333,2024,10,18,4,292,0,-0.8660254037844386,0.5000000000000001,0.0,0.0,0.0
House#41,2024-10-19,0.0,0.0,0.0,Islamabad,Owner,6.0,6.0,2.0,4.0,0.0,0.0,4.5,4.5,2,Whole,2014.0,1 phase,12.0,Cemented,Cemented,Marble,Painted,Painted,5.0,12*13,1.0,4.0,0.0,Wooden,2.0,0,1.0,1,20.0,0,5.0,2.0,0,1.0,1.0,0.0,0.0,1.0,0.0,1.0,0.0,0.0,0,23.304166666666664,16.4,31.4,56.331250000000004,13.320833333333333,0.0,4.516666666666667,1011.6416666666668,190.02916666666667,16.4,1.875,2024,10,19,5,293,1,-0.8660254037844386,0.5000000000000001,0.0,0.0,0.0
House#41,2024-10-20,0.0,0.0,0.0,Islamabad,Owner,6.0,6.0,2.0,4.0,0.0,0.0,4.5,4.5,2,Whole,2014.0,1 phase,12.0,Cemented,Cemented,Marble,Painted,Painted,5.0,12*13,1.0,4.0,0.0,Wooden,2.0,0,1.0,1,20.0,0,5.0,2.0,0,1.0,1.0,0.0,0.0,1.0,0.0,1.0,0.0,0.0,0,23.7375,17.2,30.3,59.13041666666667,14.8375,0.0,5.8875,1012.8874999999999,178.79999999999998,15.5,1.7916666666666667,2024,10,20,6,294,1,-0.8660254037844386,0.5000000000000001,0.0,0.0,0.0
House#41,2024-10-21,0.0,0.0,0.0,Islamabad,Owner,6.0,6.0,2.0,4.0,0.0,0.0,4.5,4.5,2,Whole,2014.0,1 phase,12.0,Cemented,Cemented,Marble,Painted,Painted,5.0,12*13,1.0,4.0,0.0,Wooden,2.0,0,1.0,1,20.0,0,5.0,2.0,0,1.0,1.0,0.0,0.0,1.0,0.0,1.0,0.0,0.0,0,23.400000000000002,13.3,29.0,48.099583333333335,10.620833333333334,0.0,6.8125,1013.4499999999999,184.08333333333334,16.0,1.7916666666666667,2024,10,21,0,295,0,-0.8660254037844386,0.5000000000000001,0.0,0.0,0.0
House#41,2024-10-22,0.0,0.0,0.0,Islamabad,Owner,6.0,6.0,2.0,4.0,0.0,0.0,4.5,4.5,2,Whole,2014.0,1 phase,12.0,Cemented,Cemented,Marble,Painted,Painted,5.0,12*13,1.0,4.0,0.0,Wooden,2.0,0,1.0,1,20.0,0,5.0,2.0,0,1.0,1.0,0.0,0.0,1.0,0.0,1.0,0.0,0.0,0,23.454166666666666,17.7,29.6,56.651250000000005,13.9,0.0,6.0375000000000005,1014.6541666666667,166.525,14.4,1.625,2024,10,22,1,296,0,-0.8660254037844386,0.5000000000000001,0.0,0.0,0.0
House#41,2024-10-23,0.0,0.0,0.0,Islamabad,Owner,6.0,6.0,2.0,4.0,0.0,0.0,4.5,4.5,2,Whole,2014.0,1 phase,12.0,Cemented,Cemented,Marble,Painted,Painted,5.0,12*13,1.0,4.0,0.0,Wooden,2.0,0,1.0,1,20.0,0,5.0,2.0,0,1.0,1.0,0.0,0.0,1.0,0.0,1.0,0.0,0.0,0,22.72083333333333,18.9,28.4,63.09375,15.049999999999999,0.219,7.241666666666667,1015.1416666666668,160.86666666666667,13.8,1.5833333333333333,2024,10,23,2,297,0,-0.8660254037844386,0.5000000000000001,0.0,0.0,0.0
House#41,2024-10-24,0.0,0.0,0.0,Islamabad,Owner,6.0,6.0,2.0,4.0,0.0,0.0,4.5,4.5,2,Whole,2014.0,1 phase,12.0,Cemented,Cemented,Marble,Painted,Painted,5.0,12*13,1.0,4.0,0.0,Wooden,2.0,0,1.0,1,20.0,0,5.0,2.0,0,1.0,1.0,0.0,0.0,1.0,0.0,1.0,0.0,0.0,0,22.495833333333334,16.8,30.1,59.58958333333334,13.5,0.0,8.795833333333333,1014.025,184.64166666666668,16.0,1.8333333333333333,2024,10,24,3,298,0,-0.8660254037844386,0.5000000000000001,0.0,0.0,0.0
House#41,2024-10-25,0.0,0.0,0.0,Islamabad,Owner,6.0,6.0,2.0,4.0,0.0,0.0,4.5,4.5,2,Whole,2014.0,1 phase,12.0,Cemented,Cemented,Marble,Painted,Painted,5.0,12*13,1.0,4.0,0.0,Wooden,2.0,0,1.0,1,20.0,0,5.0,2.0,0,1.0,1.0,0.0,0.0,1.0,0.0,1.0,0.0,0.0,0,22.6875,13.8,30.7,55.548750000000005,12.479166666666666,0.0,7.029166666666666,1012.225,189.0666666666667,16.4,1.9166666666666667,2024,10,25,4,299,0,-0.8660254037844386,0.5000000000000001,0.0,0.0,0.0
House#41,2024-10-26,0.0,0.0,0.0,Islamabad,Owner,6.0,6.0,2.0,4.0,0.0,0.0,4.5,4.5,2,Whole,2014.0,1 phase,12.0,Cemented,Cemented,Marble,Painted,Painted,5.0,12*13,1.0,4.0,0.0,Wooden,2.0,0,1.0,1,20.0,0,5.0,2.0,0,1.0,1.0,0.0,0.0,1.0,0.0,1.0,0.0,0.0,0,23.308333333333334,12.2,32.1,51.502916666666664,11.795833333333334,0.0,7.320833333333333,1011.0166666666668,183.85416666666666,16.1,1.7916666666666667,2024,10,26,5,300,1,-0.8660254037844386,0.5000000000000001,0.0,0.0,0.0
House#41,2024-10-27,0.0,0.0,0.0,Islamabad,Owner,6.0,6.0,2.0,4.0,0.0,0.0,4.5,4.5,2,Whole,2014.0,1 phase,12.0,Cemented,Cemented,Marble,Painted,Painted,5.0,12*13,1.0,4.0,0.0,Wooden,2.0,0,1.0,1,20.0,0,5.0,2.0,0,1.0,1.0,0.0,0.0,1.0,0.0,1.0,0.0,0.0,0,22.954166666666666,14.0,30.7,51.86166666666667,11.862499999999999,0.0,4.933333333333334,1010.3916666666668,170.125,14.6,1.7083333333333333,2024,10,27,6,301,1,-0.8660254037844386,0.5000000000000001,0.0,0.0,0.0
House#41,2024-10-28,0.0,0.0,0.0,Islamabad,Owner,6.0,6.0,2.0,4.0,0.0,0.0,4.5,4.5,2,Whole,2014.0,1 phase,12.0,Cemented,Cemented,Marble,Painted,Painted,5.0,12*13,1.0,4.0,0.0,Wooden,2.0,0,1.0,1,20.0,0,5.0,2.0,0,1.0,1.0,0.0,0.0,1.0,0.0,1.0,0.0,0.0,0,23.537499999999998,18.2,28.8,46.6525,10.633333333333335,0.0,7.395833333333333,1009.5416666666666,171.79166666666666,14.9,1.7083333333333333,2024,10,28,0,302,0,-0.8660254037844386,0.5000000000000001,0.0,0.0,0.0
House#41,2024-10-29,0.0,0.0,0.0,Islamabad,Owner,6.0,6.0,2.0,4.0,0.0,0.0,4.5,4.5,2,Whole,2014.0,1 phase,12.0,Cemented,Cemented,Marble,Painted,Painted,5.0,12*13,1.0,4.0,0.0,Wooden,2.0,0,1.0,1,20.0,0,5.0,2.0,0,1.0,1.0,0.0,0.0,1.0,0.0,1.0,0.0,0.0,0,22.0,19.6,26.9,66.42208333333333,15.125,0.5549999999999999,8.345833333333333,1011.3625000000001,99.92083333333333,8.6,0.9583333333333334,2024,10,29,1,303,0,-0.8660254037844386,0.5000000000000001,0.0,0.0,0.0
House#41,2024-10-30,0.0,0.0,0.0,Islamabad,Owner,6.0,6.0,2.0,4.0,0.0,0.0,4.5,4.5,2,Whole,2014.0,1 phase,12.0,Cemented,Cemented,Marble,Painted,Painted,5.0,12*13,1.0,4.0,0.0,Wooden,2.0,0,1.0,1,20.0,0,5.0,2.0,0,1.0,1.0,0.0,0.0,1.0,0.0,1.0,0.0,0.0,0,21.666666666666668,14.1,27.7,65.21416666666667,14.458333333333334,1.438,8.941666666666666,1013.1416666666668,167.11666666666667,14.5,1.625,2024,10,30,2,304,0,-0.8660254037844386,0.5000000000000001,0.0,0.0,0.0
House#42,2023-11-08,0.0032994444500000003,0.197966667,0.197966667,Islamabad,Rented,6.0,6.0,0.0,5.0,1.0,0.0,8.0,8.0,2,Whole,2012.0,1 phase,10.0,Cemented,Cemented,Marble,Painted,Painted,7.0,10*11,1.0,6.0,2.0,Wooden,3.0,1,1.0,1,50.0,0,6.0,1.0,1,1.0,1.0,0.0,0.0,1.0,0.0,1.0,0.0,0.0,0,18.6375,12.7,25.2,60.81666666666666,10.416666666666666,0.0,3.8958333333333335,1015.3041666666667,149.06666666666666,12.8,1.5,2023,11,8,2,312,0,-0.5000000000000004,0.8660254037844384,0.0049208333333333335,0.009937777783333332,0.00641638889047619
House#42,2023-11-09,0.007812222216666666,0.468733333,0.468733333,Islamabad,Rented,6.0,6.0,0.0,5.0,1.0,0.0,8.0,8.0,2,Whole,2012.0,1 phase,10.0,Cemented,Cemented,Marble,Painted,Painted,7.0,10*11,1.0,6.0,2.0,Wooden,3.0,1,1.0,1,50.0,0,6.0,1.0,1,1.0,1.0,0.0,0.0,1.0,0.0,1.0,0.0,0.0,0,18.254166666666666,12.6,24.7,67.54625,11.7125,58.06,6.4875,1015.1708333333332,129.75416666666666,11.1,1.2916666666666667,2023,11,9,3,313,0,-0.5000000000000004,0.8660254037844384,0.0032994444500000003,0.010561111116666666,0.005468055557142857
House#42,2023-11-10,0.006656388883333334,0.399383333,0.399383333,Islamabad,Rented,6.0,6.0,0.0,5.0,1.0,0.0,8.0,8.0,2,Whole,2012.0,1 phase,10.0,Cemented,Cemented,Marble,Painted,Painted,7.0,10*11,1.0,6.0,2.0,Wooden,3.0,1,1.0,1,50.0,0,6.0,1.0,1,1.0,1.0,0.0,0.0,1.0,0.0,1.0,0.0,0.0,0,15.058333333333332,10.3,18.4,80.6675,11.608333333333334,21.811,8.233333333333333,1018.7958333333332,61.862500000000004,5.2,0.625,2023,11,10,4,314,0,-0.5000000000000004,0.8660254037844384,0.007812222216666666,0.006997222216666666,0.005075357142857144
House#42,2023-11-11,0.009052777783333334,0.543166667,0.543166667,Islamabad,Rented,6.0,6.0,0.0,5.0,1.0,0.0,8.0,8.0,2,Whole,2012.0,1 phase,10.0,Cemented,Cemented,Marble,Painted,Painted,7.0,10*11,1.0,6.0,2.0,Wooden,3.0,1,1.0,1,50.0,0,6.0,1.0,1,1.0,1.0,0.0,0.0,1.0,0.0,1.0,0.0,0.0,0,15.387500000000001,10.8,20.6,77.3525,11.145833333333334,0.0,6.179166666666667,1020.1541666666667,171.26250000000002,14.9,1.7083333333333333,2023,11,11,5,315,1,-0.5000000000000004,0.8660254037844384,0.006656388883333334,0.00238194445,0.005026666666666666
House#42,2023-11-12,0.004823333333333333,0.2894,0.2894,Islamabad,Rented,6.0,6.0,0.0,5.0,1.0,0.0,8.0,8.0,2,Whole,2012.0,1 phase,10.0,Cemented,Cemented,Marble,Painted,Painted,7.0,10*11,1.0,6.0,2.0,Wooden,3.0,1,1.0,1,50.0,0,6.0,1.0,1,1.0,1.0,0.0,0.0,1.0,0.0,1.0,0.0,0.0,0,16.045833333333334,11.8,22.4,73.41250000000001,10.858333333333334,0.0,4.654166666666667,1019.5541666666667,164.86666666666665,14.1,1.625,2023,11,12,6,316,1,-0.5000000000000004,0.8660254037844384,0.009052777783333334,0.0036863888833333336,0.005979642857142857
House#42,2023-11-13,0.00666694445,0.400016667,0.400016667,Islamabad,Rented,6.0,6.0,0.0,5.0,1.0,0.0,8.0,8.0,2,Whole,2012.0,1 phase,10.0,Cemented,Cemented,Marble,Painted,Painted,7.0,10*11,1.0,6.0,2.0,Wooden,3.0,1,1.0,1,50.0,0,6.0,1.0,1,1.0,1.0,0.0,0.0,1.0,0.0,1.0,0.0,0.0,0,16.0625,9.8,22.7,69.49416666666666,10.045833333333333,0.0,3.654166666666667,1019.1333333333333,163.975,14.3,1.5833333333333333,2023,11,13,0,317,0,-0.5000000000000004,0.8660254037844384,0.004823333333333333,0.00642944445,0.006142063492857143
House#42,2023-11-14,0.00104944445,0.062966667,0.062966667,Islamabad,Rented,6.0,6.0,0.0,5.0,1.0,0.0,8.0,8.0,2,Whole,2012.0,1 phase,10.0,Cemented,Cemented,Marble,Painted,Painted,7.0,10*11,1.0,6.0,2.0,Wooden,3.0,1,1.0,1,50.0,0,6.0,1.0,1,1.0,1.0,0.0,0.0,1.0,0.0,1.0,0.0,0.0,0,16.716666666666665,12.3,23.6,71.39999999999999,11.041666666666666,0.0,4.6125,1019.2416666666667,163.24166666666667,14.2,1.5833333333333333,2023,11,14,1,318,0,-0.5000000000000004,0.8660254037844384,0.00666694445,0.0049208333333333335,0.006175992064285715
House#42,2023-11-15,0.008809722216666668,0.528583333,0.528583333,Islamabad,Rented,6.0,6.0,0.0,5.0,1.0,0.0,8.0,8.0,2,Whole,2012.0,1 phase,10.0,Cemented,Cemented,Marble,Painted,Painted,7.0,10*11,1.0,6.0,2.0,Wooden,3.0,1,1.0,1,50.0,0,6.0,1.0,1,1.0,1.0,0.0,0.0,1.0,0.0,1.0,0.0,0.0,0,16.95,11.9,25.0,66.33333333333333,9.770833333333334,0.0,5.208333333333333,1018.5749999999999,165.24583333333334,14.4,1.625,2023,11,15,2,319,0,-0.5000000000000004,0.8660254037844384,0.00104944445,0.0032994444500000003,0.00562293650952381
House#42,2023-11-16,0.00591305555,0.354783333,0.354783333,Islamabad,Rented,6.0,6.0,0.0,5.0,1.0,0.0,8.0,8.0,2,Whole,2012.0,1 phase,10.0,Cemented,Cemented,Marble,Painted,Painted,7.0,10*11,1.0,6.0,2.0,Wooden,3.0,1,1.0,1,50.0,0,6.0,1.0,1,1.0,1.0,0.0,0.0,1.0,0.0,1.0,0.0,0.0,0,16.566666666666666,11.5,24.0,63.30583333333333,8.9375,0.0,3.5583333333333336,1019.6916666666666,162.4,14.100000000000001,1.625,2023,11,16,3,320,0,-0.5000000000000004,0.8660254037844384,0.008809722216666668,0.007812222216666666,0.006410119047619047
House#42,2023-11-17,0.00518555555,0.311133333,0.311133333,Islamabad,Rented,6.0,6.0,0.0,5.0,1.0,0.0,8.0,8.0,2,Whole,2012.0,1 phase,10.0,Cemented,Cemented,Marble,Painted,Painted,7.0,10*11,1.0,6.0,2.0,Wooden,3.0,1,1.0,1,50.0,0,6.0,1.0,1,1.0,1.0,0.0,0.0,1.0,0.0,1.0,0.0,0.0,0,16.358333333333334,11.5,24.3,62.760416666666664,8.483333333333333,0.0,4.708333333333333,1020.0583333333334,159.90833333333333,13.8,1.5833333333333333,2023,11,17,4,321,0,-0.5000000000000004,0.8660254037844384,0.00591305555,0.006656388883333334,0.006138809523809525
House#42,2023-11-18,0.00543,0.3258,0.3258,Islamabad,Rented,6.0,6.0,0.0,5.0,1.0,0.0,8.0,8.0,2,Whole,2012.0,1 phase,10.0,Cemented,Cemented,Marble,Painted,Painted,7.0,10*11,1.0,6.0,2.0,Wooden,3.0,1,1.0,1,50.0,0,6.0,1.0,1,1.0,1.0,0.0,0.0,1.0,0.0,1.0,0.0,0.0,0,15.454166666666666,9.7,21.4,63.16166666666667,7.925,0.0,3.3000000000000003,1017.4833333333332,114.97500000000001,10.0,1.1666666666666667,2023,11,18,5,322,1,-0.5000000000000004,0.8660254037844384,0.00518555555,0.009052777783333334,0.005928690476190476
House#42,2023-11-19,0.004905277783333333,0.294316667,0.294316667,Islamabad,Rented,6.0,6.0,0.0,5.0,1.0,0.0,8.0,8.0,2,Whole,2012.0,1 phase,10.0,Cemented,Cemented,Marble,Painted,Painted,7.0,10*11,1.0,6.0,2.0,Wooden,3.0,1,1.0,1,50.0,0,6.0,1.0,1,1.0,1.0,0.0,0.0,1.0,0.0,1.0,0.0,0.0,0,15.891666666666666,11.1,23.3,63.33208333333334,8.325000000000001,0.0,3.7541666666666664,1018.6041666666666,135.27083333333334,11.7,1.3333333333333333,2023,11,19,6,323,1,-0.5000000000000004,0.8660254037844384,0.00543,0.004823333333333333,0.005411150792857143
House#42,2023-11-20,0.00619,0.3714,0.3714,Islamabad,Rented,6.0,6.0,0.0,5.0,1.0,0.0,8.0,8.0,2,Whole,2012.0,1 phase,10.0,Cemented,Cemented,Marble,Painted,Painted,7.0,10*11,1.0,6.0,2.0,Wooden,3.0,1,1.0,1,50.0,0,6.0,1.0,1,1.0,1.0,0.0,0.0,1.0,0.0,1.0,0.0,0.0,0,15.083333333333334,11.0,22.3,68.49041666666666,8.9375,0.0,5.041666666666667,1019.1291666666666,147.11666666666667,12.6,1.4583333333333333,2023,11,20,0,324,0,-0.5000000000000004,0.8660254037844384,0.004905277783333333,0.00666694445,0.005422857142857143
House#42,2023-11-21,0.004739722216666667,0.284383333,0.284383333,Islamabad,Rented,6.0,6.0,0.0,5.0,1.0,0.0,8.0,8.0,2,Whole,2012.0,1 phase,10.0,Cemented,Cemented,Marble,Painted,Painted,7.0,10*11,1.0,6.0,2.0,Wooden,3.0,1,1.0,1,50.0,0,6.0,1.0,1,1.0,1.0,0.0,0.0,1.0,0.0,1.0,0.0,0.0,0,14.975,6.6,22.9,66.57916666666667,8.129166666666666,0.0,5.558333333333334,1017.9,151.85416666666666,13.200000000000001,1.5,2023,11,21,1,325,0,-0.5000000000000004,0.8660254037844384,0.00619,0.00104944445,0.005354722221428571
House#42,2023-11-22,0.005575277783333333,0.334516667,0.334516667,Islamabad,Rented,6.0,6.0,0.0,5.0,1.0,0.0,8.0,8.0,2,Whole,2012.0,1 phase,10.0,Cemented,Cemented,Marble,Painted,Painted,7.0,10*11,1.0,6.0,2.0,Wooden,3.0,1,1.0,1,50.0,0,6.0,1.0,1,1.0,1.0,0.0,0.0,1.0,0.0,1.0,0.0,0.0,0,15.308333333333332,9.6,22.6,64.60166666666667,7.9750000000000005,0.0,5.129166666666667,1014.3000000000001,148.65833333333333,13.0,1.4583333333333333,2023,11,22,2,326,0,-0.5000000000000004,0.8660254037844384,0.004739722216666667,0.008809722216666668,0.00588190475952381
House#42,2023-11-23,0.008689166666666666,0.52135,0.52135,Islamabad,Rented,6.0,6.0,0.0,5.0,1.0,0.0,8.0,8.0,2,Whole,2012.0,1 phase,10.0,Cemented,Cemented,Marble,Painted,Painted,7.0,10*11,1.0,6.0,2.0,Wooden,3.0,1,1.0,1,50.0,0,6.0,1.0,1,1.0,1.0,0.0,0.0,1.0,0.0,1.0,0.0,0.0,0,14.641666666666666,10.4,20.2,71.35333333333334,9.25,0.0,4.3875,1015.0291666666667,135.85416666666666,11.7,1.375,2023,11,23,3,327,0,-0.5000000000000004,0.8660254037844384,0.005575277783333333,0.00591305555,0.005419841269047618
House#42,2023-11-24,0.008020277783333333,0.481216667,0.481216667,Islamabad,Rented,6.0,6.0,0.0,5.0,1.0,0.0,8.0,8.0,2,Whole,2012.0,1 phase,10.0,Cemented,Cemented,Marble,Painted,Painted,7.0,10*11,1.0,6.0,2.0,Wooden,3.0,1,1.0,1,50.0,0,6.0,1.0,1,1.0,1.0,0.0,0.0,1.0,0.0,1.0,0.0,0.0,0,15.195833333333333,10.4,23.0,69.36916666666666,9.0625,0.0,5.379166666666666,1018.3458333333333,140.75833333333333,12.0,1.375,2023,11,24,4,328,0,-0.5000000000000004,0.8660254037844384,0.008689166666666666,0.00518555555,0.005816428571428571
House#42,2023-11-25,0.0018063888833333333,0.108383333,0.108383333,Islamabad,Rented,6.0,6.0,0.0,5.0,1.0,0.0,8.0,8.0,2,Whole,2012.0,1 phase,10.0,Cemented,Cemented,Marble,Painted,Painted,7.0,10*11,1.0,6.0,2.0,Wooden,3.0,1,1.0,1,50.0,0,6.0,1.0,1,1.0,1.0,0.0,0.0,1.0,0.0,1.0,0.0,0.0,0,14.620833333333332,5.4,22.8,63.56041666666667,7.191666666666666,0.0,3.8375,1018.1125000000001,124.05,10.6,1.2916666666666667,2023,11,25,5,329,1,-0.5000000000000004,0.8660254037844384,0.008020277783333333,0.00543,0.00622138889047619
House#42,2023-11-26,0.004975277783333333,0.298516667,0.298516667,Islamabad,Rented,6.0,6.0,0.0,5.0,1.0,0.0,8.0,8.0,2,Whole,2012.0,1 phase,10.0,Cemented,Cemented,Marble,Painted,Painted,7.0,10*11,1.0,6.0,2.0,Wooden,3.0,1,1.0,1,50.0,0,6.0,1.0,1,1.0,1.0,0.0,0.0,1.0,0.0,1.0,0.0,0.0,0,15.116666666666667,11.3,21.3,64.24708333333334,8.045833333333333,0.0,2.8791666666666664,1019.6,105.80416666666667,9.1,1.0833333333333333,2023,11,26,6,330,1,-0.5000000000000004,0.8660254037844384,0.0018063888833333333,0.004905277783333333,0.00570373015952381
House#42,2023-11-27,0.006285,0.3771,0.3771,Islamabad,Rented,6.0,6.0,0.0,5.0,1.0,0.0,8.0,8.0,2,Whole,2012.0,1 phase,10.0,Cemented,Cemented,Marble,Painted,Painted,7.0,10*11,1.0,6.0,2.0,Wooden,3.0,1,1.0,1,50.0,0,6.0,1.0,1,1.0,1.0,0.0,0.0,1.0,0.0,1.0,0.0,0.0,0,15.370833333333332,9.7,21.4,64.75708333333334,8.445833333333335,0.0,4.720833333333333,1017.7833333333333,96.74166666666667,8.4,0.9583333333333334,2023,11,27,0,331,0,-0.5000000000000004,0.8660254037844384,0.004975277783333333,0.00619,0.005713730159523809
House#42,2023-11-28,0.002542777783333333,0.152566667,0.152566667,Islamabad,Rented,6.0,6.0,0.0,5.0,1.0,0.0,8.0,8.0,2,Whole,2012.0,1 phase,10.0,Cemented,Cemented,Marble,Painted,Painted,7.0,10*11,1.0,6.0,2.0,Wooden,3.0,1,1.0,1,50.0,0,6.0,1.0,1,1.0,1.0,0.0,0.0,1.0,0.0,1.0,0.0,0.0,0,16.416666666666668,11.5,24.3,63.82541666666666,9.020833333333334,0.0,5.570833333333334,1017.1708333333332,140.73749999999998,12.2,1.4166666666666667,2023,11,28,1,332,0,-0.5000000000000004,0.8660254037844384,0.006285,0.004739722216666667,0.005727301588095238
House#42,2023-11-29,0.0028463888833333336,0.170783333,0.170783333,Islamabad,Rented,6.0,6.0,0.0,5.0,1.0,0.0,8.0,8.0,2,Whole,2012.0,1 phase,10.0,Cemented,Cemented,Marble,Painted,Painted,7.0,10*11,1.0,6.0,2.0,Wooden,3.0,1,1.0,1,50.0,0,6.0,1.0,1,1.0,1.0,0.0,0.0,1.0,0.0,1.0,0.0,0.0,0,15.791666666666666,11.0,22.1,64.8575,8.866666666666665,0.7,3.983333333333333,1016.7041666666668,118.14999999999999,10.3,1.1666666666666667,2023,11,29,2,333,0,-0.5000000000000004,0.8660254037844384,0.002542777783333333,0.005575277783333333,0.005413452383333334
House#42,2023-11-30,0.0029425000000000002,0.17655,0.17655,Islamabad,Rented,6.0,6.0,0.0,5.0,1.0,0.0,8.0,8.0,2,Whole,2012.0,1 phase,10.0,Cemented,Cemented,Marble,Painted,Painted,7.0,10*11,1.0,6.0,2.0,Wooden,3.0,1,1.0,1,50.0,0,6.0,1.0,1,1.0,1.0,0.0,0.0,1.0,0.0,1.0,0.0,0.0,0,15.066666666666668,12.7,18.3,75.46666666666667,10.620833333333334,2.854,8.025,1018.5833333333334,76.4375,6.6000000000000005,0.8333333333333334,2023,11,30,3,334,0,-0.5000000000000004,0.8660254037844384,0.0028463888833333336,0.008689166666666666,0.005023611111904762
House#42,2023-12-01,0.005692222216666667,0.341533333,0.341533333,Islamabad,Rented,6.0,6.0,0.0,5.0,1.0,0.0,8.0,8.0,2,Whole,2012.0,1 phase,10.0,Cemented,Cemented,Marble,Painted,Painted,7.0,10*11,1.0,6.0,2.0,Wooden,3.0,1,1.0,1,50.0,0,6.0,1.0,1,1.0,1.0,0.0,0.0,1.0,0.0,1.0,0.0,0.0,0,14.65,9.2,21.1,71.05708333333332,9.145833333333334,0.046,8.308333333333334,1020.1125000000001,136.86666666666667,11.7,1.3333333333333333,2023,12,1,4,335,0,-2.4492935982947064e-16,1.0,0.0029425000000000002,0.008020277783333333,0.004202658730952381
House#42,2023-12-02,0.008461111116666666,0.507666667,0.507666667,Islamabad,Rented,6.0,6.0,0.0,5.0,1.0,0.0,8.0,8.0,2,Whole,2012.0,1 phase,10.0,Cemented,Cemented,Marble,Painted,Painted,7.0,10*11,1.0,6.0,2.0,Wooden,3.0,1,1.0,1,50.0,0,6.0,1.0,1,1.0,1.0,0.0,0.0,1.0,0.0,1.0,0.0,0.0,0,14.929166666666667,5.0,22.2,67.76916666666666,8.520833333333334,0.0,6.379166666666666,1019.2624999999999,139.12083333333334,11.9,1.4166666666666667,2023,12,2,5,336,1,-2.4492935982947064e-16,1.0,0.005692222216666667,0.0018063888833333333,0.0038700793642857142
House#42,2023-12-03,0.00538305555,0.322983333,0.322983333,Islamabad,Rented,6.0,6.0,0.0,5.0,1.0,0.0,8.0,8.0,2,Whole,2012.0,1 phase,10.0,Cemented,Cemented,Marble,Painted,Painted,7.0,10*11,1.0,6.0,2.0,Wooden,3.0,1,1.0,1,50.0,0,6.0,1.0,1,1.0,1.0,0.0,0.0,1.0,0.0,1.0,0.0,0.0,0,14.375,10.0,20.9,66.56375,7.820833333333333,0.0,4.575,1018.8916666666668,119.1125,10.5,1.2083333333333333,2023,12,3,6,337,1,-2.4492935982947064e-16,1.0,0.008461111116666666,0.004975277783333333,0.004820753969047619
House#42,2023-12-04,0.0024058333333333336,0.14435,0.14435,Islamabad,Rented,6.0,6.0,0.0,5.0,1.0,0.0,8.0,8.0,2,Whole,2012.0,1 phase,10.0,Cemented,Cemented,Marble,Painted,Painted,7.0,10*11,1.0,6.0,2.0,Wooden,3.0,1,1.0,1,50.0,0,6.0,1.0,1,1.0,1.0,0.0,0.0,1.0,0.0,1.0,0.0,0.0,0,13.904166666666667,8.9,21.0,66.43041666666666,7.108333333333333,0.0,5.075,1018.2458333333334,139.56666666666666,12.1,1.4166666666666667,2023,12,4,0,338,0,-2.4492935982947064e-16,1.0,0.00538305555,0.006285,0.004879007935714286
House#42,2023-12-05,0.008772777783333333,0.526366667,0.526366667,Islamabad,Rented,6.0,6.0,0.0,5.0,1.0,0.0,8.0,8.0,2,Whole,2012.0,1 phase,10.0,Cemented,Cemented,Marble,Painted,Painted,7.0,10*11,1.0,6.0,2.0,Wooden,3.0,1,1.0,1,50.0,0,6.0,1.0,1,1.0,1.0,0.0,0.0,1.0,0.0,1.0,0.0,0.0,0,12.9375,4.6,20.3,67.145,6.420833333333333,0.0,4.125,1017.9291666666667,140.525,12.1,1.4166666666666667,2023,12,5,1,339,0,-2.4492935982947064e-16,1.0,0.0024058333333333336,0.002542777783333333,0.0043248412690476195
House#42,2023-12-06,0.005331388883333333,0.319883333,0.319883333,Islamabad,Rented,6.0,6.0,0.0,5.0,1.0,0.0,8.0,8.0,2,Whole,2012.0,1 phase,10.0,Cemented,Cemented,Marble,Painted,Painted,7.0,10*11,1.0,6.0,2.0,Wooden,3.0,1,1.0,1,50.0,0,6.0,1.0,1,1.0,1.0,0.0,0.0,1.0,0.0,1.0,0.0,0.0,0,12.641666666666666,5.1,20.6,67.99916666666667,6.25,0.0,4.420833333333333,1018.3041666666667,139.475,12.0,1.4166666666666667,2023,12,6,2,340,0,-2.4492935982947064e-16,1.0,0.008772777783333333,0.0028463888833333336,0.00521484126904762
House#42,2023-12-07,0.008164722216666667,0.489883333,0.489883333,Islamabad,Rented,6.0,6.0,0.0,5.0,1.0,0.0,8.0,8.0,2,Whole,2012.0,1 phase,10.0,Cemented,Cemented,Marble,Painted,Painted,7.0,10*11,1.0,6.0,2.0,Wooden,3.0,1,1.0,1,50.0,0,6.0,1.0,1,1.0,1.0,0.0,0.0,1.0,0.0,1.0,0.0,0.0,0,13.375,8.0,21.6,62.38833333333333,5.479166666666667,0.0,4.9125,1017.3583333333332,138.26250000000002,11.8,1.4166666666666667,2023,12,7,3,341,0,-2.4492935982947064e-16,1.0,0.005331388883333333,0.0029425000000000002,0.005569841269047618
House#42,2023-12-08,0.0059861111166666665,0.359166667,0.359166667,Islamabad,Rented,6.0,6.0,0.0,5.0,1.0,0.0,8.0,8.0,2,Whole,2012.0,1 phase,10.0,Cemented,Cemented,Marble,Painted,Painted,7.0,10*11,1.0,6.0,2.0,Wooden,3.0,1,1.0,1,50.0,0,6.0,1.0,1,1.0,1.0,0.0,0.0,1.0,0.0,1.0,0.0,0.0,0,12.487499999999999,5.2,20.3,60.88291666666667,4.5375000000000005,0.0,3.5583333333333336,1016.3000000000001,131.90833333333333,11.6,1.3333333333333333,2023,12,8,4,342,0,-2.4492935982947064e-16,1.0,0.008164722216666667,0.005692222216666667,0.0063158730142857155
House#42,2023-12-09,0.00156805555,0.094083333,0.094083333,Islamabad,Rented,6.0,6.0,0.0,5.0,1.0,0.0,8.0,8.0,2,Whole,2012.0,1 phase,10.0,Cemented,Cemented,Marble,Painted,Painted,7.0,10*11,1.0,6.0,2.0,Wooden,3.0,1,1.0,1,50.0,0,6.0,1.0,1,1.0,1.0,0.0,0.0,1.0,0.0,1.0,0.0,0.0,0,12.454166666666666,7.6,19.8,64.35583333333334,5.358333333333333,0.0,4.75,1017.725,134.87916666666666,11.6,1.375,2023,12,9,5,343,1,-2.4492935982947064e-16,1.0,0.0059861111166666665,0.008461111116666666,0.006357857142857143
House#42,2023-12-10,0.0019972222166666667,0.119833333,0.119833333,Islamabad,Rented,6.0,6.0,0.0,5.0,1.0,0.0,8.0,8.0,2,Whole,2012.0,1 phase,10.0,Cemented,Cemented,Marble,Painted,Painted,7.0,10*11,1.0,6.0,2.0,Wooden,3.0,1,1.0,1,50.0,0,6.0,1.0,1,1.0,1.0,0.0,0.0,1.0,0.0,1.0,0.0,0.0,0,12.033333333333333,6.6,19.0,62.03666666666667,4.320833333333334,0.0,6.391666666666667,1015.4041666666667,135.94166666666666,11.9,1.375,2023,12,10,6,344,1,-2.4492935982947064e-16,1.0,0.00156805555,0.00538305555,0.005373134919047618
House#42,2023-12-11,0.0010741666666666666,0.06445,0.06445,Islamabad,Rented,6.0,6.0,0.0,5.0,1.0,0.0,8.0,8.0,2,Whole,2012.0,1 phase,10.0,Cemented,Cemented,Marble,Painted,Painted,7.0,10*11,1.0,6.0,2.0,Wooden,3.0,1,1.0,1,50.0,0,6.0,1.0,1,1.0,1.0,0.0,0.0,1.0,0.0,1.0,0.0,0.0,0,11.612499999999999,6.9,18.7,63.64625,4.391666666666667,0.0,4.8125,1015.625,132.14583333333334,11.5,1.3333333333333333,2023,12,11,0,345,0,-2.4492935982947064e-16,1.0,0.0019972222166666667,0.0024058333333333336,0.004889444442857142
House#42,2023-12-12,0.00598055555,0.358833333,0.358833333,Islamabad,Rented,6.0,6.0,0.0,5.0,1.0,0.0,8.0,8.0,2,Whole,2012.0,1 phase,10.0,Cemented,Cemented,Marble,Painted,Painted,7.0,10*11,1.0,6.0,2.0,Wooden,3.0,1,1.0,1,50.0,0,6.0,1.0,1,1.0,1.0,0.0,0.0,1.0,0.0,1.0,0.0,0.0,0,11.779166666666667,7.1,18.2,69.12833333333333,5.866666666666667,0.0,2.9916666666666667,1015.9291666666667,128.65,11.1,1.3333333333333333,2023,12,12,1,346,0,-2.4492935982947064e-16,1.0,0.0010741666666666666,0.008772777783333333,0.004699206347619048
House#42,2023-12-13,0.0020802777833333333,0.124816667,0.124816667,Islamabad,Rented,6.0,6.0,0.0,5.0,1.0,0.0,8.0,8.0,2,Whole,2012.0,1 phase,10.0,Cemented,Cemented,Marble,Painted,Painted,7.0,10*11,1.0,6.0,2.0,Wooden,3.0,1,1.0,1,50.0,0,6.0,1.0,1,1.0,1.0,0.0,0.0,1.0,0.0,1.0,0.0,0.0,0,11.404166666666667,6.6,18.4,69.105,5.358333333333333,0.0,4.766666666666667,1018.2458333333334,129.22083333333333,11.1,1.2916666666666667,2023,12,13,2,347,0,-2.4492935982947064e-16,1.0,0.00598055555,0.005331388883333333,0.004300317457142857
House#42,2023-12-14,0.0055925,0.33555,0.33555,Islamabad,Rented,6.0,6.0,0.0,5.0,1.0,0.0,8.0,8.0,2,Whole,2012.0,1 phase,10.0,Cemented,Cemented,Marble,Painted,Painted,7.0,10*11,1.0,6.0,2.0,Wooden,3.0,1,1.0,1,50.0,0,6.0,1.0,1,1.0,1.0,0.0,0.0,1.0,0.0,1.0,0.0,0.0,0,10.820833333333333,5.9,18.5,66.46208333333333,4.166666666666667,0.0,5.079166666666667,1018.4416666666666,123.425,10.6,1.2083333333333333,2023,12,14,3,348,0,-2.4492935982947064e-16,1.0,0.0020802777833333333,0.008164722216666667,0.003835873014285714
House#42,2023-12-15,0.0033916666666666665,0.2035,0.2035,Islamabad,Rented,6.0,6.0,0.0,5.0,1.0,0.0,8.0,8.0,2,Whole,2012.0,1 phase,10.0,Cemented,Cemented,Marble,Painted,Painted,7.0,10*11,1.0,6.0,2.0,Wooden,3.0,1,1.0,1,50.0,0,6.0,1.0,1,1.0,1.0,0.0,0.0,1.0,0.0,1.0,0.0,0.0,0,10.779166666666667,5.6,18.8,65.84916666666668,4.008333333333334,0.0,4.179166666666666,1019.3958333333334,129.0,11.1,1.3333333333333333,2023,12,15,4,349,0,-2.4492935982947064e-16,1.0,0.0055925,0.0059861111166666665,0.0034684126976190473
House#42,2023-12-16,0.0026936111166666666,0.161616667,0.161616667,Islamabad,Rented,6.0,6.0,0.0,5.0,1.0,0.0,8.0,8.0,2,Whole,2012.0,1 phase,10.0,Cemented,Cemented,Marble,Painted,Painted,7.0,10*11,1.0,6.0,2.0,Wooden,3.0,1,1.0,1,50.0,0,6.0,1.0,1,1.0,1.0,0.0,0.0,1.0,0.0,1.0,0.0,0.0,0,10.654166666666667,6.7,15.6,69.50333333333333,4.9750000000000005,0.056,3.2916666666666665,1018.4125,94.73333333333333,8.1,0.9583333333333334,2023,12,16,5,350,1,-2.4492935982947064e-16,1.0,0.0033916666666666665,0.00156805555,0.003097777776190476
House#42,2023-12-17,0.0036619444500000002,0.219716667,0.219716667,Islamabad,Rented,6.0,6.0,0.0,5.0,1.0,0.0,8.0,8.0,2,Whole,2012.0,1 phase,10.0,Cemented,Cemented,Marble,Painted,Painted,7.0,10*11,1.0,6.0,2.0,Wooden,3.0,1,1.0,1,50.0,0,6.0,1.0,1,1.0,1.0,0.0,0.0,1.0,0.0,1.0,0.0,0.0,0,11.004166666666668,6.9,18.0,71.11,5.574999999999999,0.0,6.966666666666666,1020.2333333333332,126.50833333333333,11.0,1.25,2023,12,17,6,351,1,-2.4492935982947064e-16,1.0,0.0026936111166666666,0.0019972222166666667,0.003258571428571428
House#42,2023-12-18,0.00756,0.4536,0.4536,Islamabad,Rented,6.0,6.0,0.0,5.0,1.0,0.0,8.0,8.0,2,Whole,2012.0,1 phase,10.0,Cemented,Cemented,Marble,Painted,Painted,7.0,10*11,1.0,6.0,2.0,Wooden,3.0,1,1.0,1,50.0,0,6.0,1.0,1,1.0,1.0,0.0,0.0,1.0,0.0,1.0,0.0,0.0,0,11.229166666666666,2.4,19.7,66.57708333333333,4.458333333333333,0.0,7.316666666666666,1021.3708333333334,133.23333333333332,11.4,1.3333333333333333,2023,12,18,0,352,0,-2.4492935982947064e-16,1.0,0.0036619444500000002,0.0010741666666666666,0.00349638889047619
House#42,2023-12-19,0.00320055555,0.192033333,0.192033333,Islamabad,Rented,6.0,6.0,0.0,5.0,1.0,0.0,8.0,8.0,2,Whole,2012.0,1 phase,10.0,Cemented,Cemented,Marble,Painted,Painted,7.0,10*11,1.0,6.0,2.0,Wooden,3.0,1,1.0,1,50.0,0,6.0,1.0,1,1.0,1.0,0.0,0.0,1.0,0.0,1.0,0.0,0.0,0,11.258333333333333,5.0,20.5,61.213750000000005,3.091666666666667,0.0,6.154166666666668,1020.7916666666666,136.25833333333333,11.6,1.4166666666666667,2023,12,19,1,353,0,-2.4492935982947064e-16,1.0,0.00756,0.00598055555,0.004422936509523809
House#42,2023-12-20,0.005321111116666667,0.319266667,0.319266667,Islamabad,Rented,6.0,6.0,0.0,5.0,1.0,0.0,8.0,8.0,2,Whole,2012.0,1 phase,10.0,Cemented,Cemented,Marble,Painted,Painted,7.0,10*11,1.0,6.0,2.0,Wooden,3.0,1,1.0,1,50.0,0,6.0,1.0,1,1.0,1.0,0.0,0.0,1.0,0.0,1.0,0.0,0.0,0,11.6875,3.6,20.3,58.68666666666667,3.225,0.0,5.4375,1019.3125,123.41250000000001,10.6,1.2083333333333333,2023,12,20,2,354,0,-2.4492935982947064e-16,1.0,0.00320055555,0.0020802777833333333,0.004025793652380952
House#42,2023-12-21,0.005578055550000001,0.334683333,0.334683333,Islamabad,Rented,6.0,6.0,0.0,5.0,1.0,0.0,8.0,8.0,2,Whole,2012.0,1 phase,10.0,Cemented,Cemented,Marble,Painted,Painted,7.0,10*11,1.0,6.0,2.0,Wooden,3.0,1,1.0,1,50.0,0,6.0,1.0,1,1.0,1.0,0.0,0.0,1.0,0.0,1.0,0.0,0.0,0,11.737499999999999,6.1,19.9,60.69416666666667,3.6208333333333336,0.0,4.8,1018.3208333333333,132.86249999999998,11.3,1.375,2023,12,21,3,355,0,-2.4492935982947064e-16,1.0,0.005321111116666667,0.0055925,0.004488769842857143
House#42,2023-12-22,0.006509166666666667,0.39055,0.39055,Islamabad,Rented,6.0,6.0,0.0,5.0,1.0,0.0,8.0,8.0,2,Whole,2012.0,1 phase,10.0,Cemented,Cemented,Marble,Painted,Painted,7.0,10*11,1.0,6.0,2.0,Wooden,3.0,1,1.0,1,50.0,0,6.0,1.0,1,1.0,1.0,0.0,0.0,1.0,0.0,1.0,0.0,0.0,0,11.4625,6.5,17.6,66.05416666666666,4.883333333333334,0.0,4.891666666666667,1018.0666666666666,97.25,8.3,0.9583333333333334,2023,12,22,4,356,0,-2.4492935982947064e-16,1.0,0.005578055550000001,0.0033916666666666665,0.00448670635
House#42,2023-12-23,0.0020972222166666665,0.125833333,0.125833333,Islamabad,Rented,6.0,6.0,0.0,5.0,1.0,0.0,8.0,8.0,2,Whole,2012.0,1 phase,10.0,Cemented,Cemented,Marble,Painted,Painted,7.0,10*11,1.0,6.0,2.0,Wooden,3.0,1,1.0,1,50.0,0,6.0,1.0,1,1.0,1.0,0.0,0.0,1.0,0.0,1.0,0.0,0.0,0,14.895833333333334,5.6,22.6,59.105,6.6125,0.883,7.179166666666667,1021.1,127.58749999999999,11.1,1.25,2023,12,23,5,357,1,-2.4492935982947064e-16,1.0,0.006509166666666667,0.0026936111166666666,0.004932063492857143
House#42,2023-12-24,0.0024475,0.14685,0.14685,Islamabad,Rented,6.0,6.0,0.0,5.0,1.0,0.0,8.0,8.0,2,Whole,2012.0,1 phase,10.0,Cemented,Cemented,Marble,Painted,Painted,7.0,10*11,1.0,6.0,2.0,Wooden,3.0,1,1.0,1,50.0,0,6.0,1.0,1,1.0,1.0,0.0,0.0,1.0,0.0,1.0,0.0,0.0,0,12.5375,8.3,18.8,71.00541666666666,7.1499999999999995,0.0,5.454166666666667,1022.6291666666666,74.5375,6.4,0.7916666666666666,2023,12,24,6,358,1,-2.4492935982947064e-16,1.0,0.0020972222166666665,0.0036619444500000002,0.0048468650785714286
House#42,2023-12-25,0.005270277783333333,0.316216667,0.316216667,Islamabad,Rented,6.0,6.0,0.0,5.0,1.0,0.0,8.0,8.0,2,Whole,2012.0,1 phase,10.0,Cemented,Cemented,Marble,Painted,Painted,7.0,10*11,1.0,6.0,2.0,Wooden,3.0,1,1.0,1,50.0,0,6.0,1.0,1,1.0,1.0,0.0,0.0,1.0,0.0,1.0,0.0,0.0,0,12.758333333333333,7.1,20.3,64.86625,5.866666666666667,0.0,5.566666666666666,1019.375,140.7875,12.0,1.4583333333333333,2023,12,25,0,359,0,-2.4492935982947064e-16,1.0,0.0024475,0.00756,0.004673373014285714
House#42,2023-12-26,0.004045277783333333,0.242716667,0.242716667,Islamabad,Rented,6.0,6.0,0.0,5.0,1.0,0.0,8.0,8.0,2,Whole,2012.0,1 phase,10.0,Cemented,Cemented,Marble,Painted,Painted,7.0,10*11,1.0,6.0,2.0,Wooden,3.0,1,1.0,1,50.0,0,6.0,1.0,1,1.0,1.0,0.0,0.0,1.0,0.0,1.0,0.0,0.0,0,12.733333333333334,6.7,19.6,66.98333333333333,6.3374999999999995,0.0,4.275,1019.3125,139.075,12.0,1.4166666666666667,2023,12,26,1,360,0,-2.4492935982947064e-16,1.0,0.005270277783333333,0.00320055555,0.004346269840476191
House#42,2023-12-27,0.00601444445,0.360866667,0.360866667,Islamabad,Rented,6.0,6.0,0.0,5.0,1.0,0.0,8.0,8.0,2,Whole,2012.0,1 phase,10.0,Cemented,Cemented,Marble,Painted,Painted,7.0,10*11,1.0,6.0,2.0,Wooden,3.0,1,1.0,1,50.0,0,6.0,1.0,1,1.0,1.0,0.0,0.0,1.0,0.0,1.0,0.0,0.0,0,12.658333333333333,7.8,21.5,66.93708333333333,6.033333333333334,0.0,5.704166666666667,1021.6083333333332,129.3375,11.2,1.25,2023,12,27,2,361,0,-2.4492935982947064e-16,1.0,0.004045277783333333,0.005321111116666667,0.004466944445238095
House#42,2023-12-28,0.006415833333333333,0.38495,0.38495,Islamabad,Rented,6.0,6.0,0.0,5.0,1.0,0.0,8.0,8.0,2,Whole,2012.0,1 phase,10.0,Cemented,Cemented,Marble,Painted,Painted,7.0,10*11,1.0,6.0,2.0,Wooden,3.0,1,1.0,1,50.0,0,6.0,1.0,1,1.0,1.0,0.0,0.0,1.0,0.0,1.0,0.0,0.0,0,12.341666666666667,7.6,20.3,64.56750000000001,5.304166666666666,0.0,5.983333333333333,1018.6125000000001,138.0,12.0,1.4166666666666667,2023,12,28,3,362,0,-2.4492935982947064e-16,1.0,0.00601444445,0.005578055550000001,0.004565992064285714
House#42,2023-12-29,0.00233444445,0.140066667,0.140066667,Islamabad,Rented,6.0,6.0,0.0,5.0,1.0,0.0,8.0,8.0,2,Whole,2012.0,1 phase,10.0,Cemented,Cemented,Marble,Painted,Painted,7.0,10*11,1.0,6.0,2.0,Wooden,3.0,1,1.0,1,50.0,0,6.0,1.0,1,1.0,1.0,0.0,0.0,1.0,0.0,1.0,0.0,0.0,0,11.625,6.8,19.3,69.82958333333333,5.966666666666666,0.0,3.5041666666666664,1020.4250000000001,130.49166666666667,11.4,1.3333333333333333,2023,12,29,4,363,0,-2.4492935982947064e-16,1.0,0.006415833333333333,0.006509166666666667,0.004685674604761905
House#42,2023-12-30,0.005645,0.3387,0.3387,Islamabad,Rented,6.0,6.0,0.0,5.0,1.0,0.0,8.0,8.0,2,Whole,2012.0,1 phase,10.0,Cemented,Cemented,Marble,Painted,Painted,7.0,10*11,1.0,6.0,2.0,Wooden,3.0,1,1.0,1,50.0,0,6.0,1.0,1,1.0,1.0,0.0,0.0,1.0,0.0,1.0,0.0,0.0,0,11.791666666666666,8.6,18.9,72.22041666666667,6.5625,0.0,3.704166666666667,1019.3291666666668,96.77083333333333,8.4,0.9583333333333334,2023,12,30,5,364,1,-2.4492935982947064e-16,1.0,0.00233444445,0.0020972222166666665,0.004089285716666667
House#42,2023-12-31,0.010022222216666666,0.601333333,0.601333333,Islamabad,Rented,6.0,6.0,0.0,5.0,1.0,0.0,8.0,8.0,2,Whole,2012.0,1 phase,10.0,Cemented,Cemented,Marble,Painted,Painted,7.0,10*11,1.0,6.0,2.0,Wooden,3.0,1,1.0,1,50.0,0,6.0,1.0,1,1.0,1.0,0.0,0.0,1.0,0.0,1.0,0.0,0.0,0,11.266666666666666,6.6,18.2,73.35333333333334,6.283333333333334,0.0,3.033333333333333,1018.9583333333334,125.22500000000001,10.8,1.2916666666666667,2023,12,31,6,365,1,-2.4492935982947064e-16,1.0,0.005645,0.0024475,0.004596111114285714
House#42,2024-01-01,0.007130833333333334,0.42785,0.42785,Islamabad,Rented,6.0,6.0,0.0,5.0,1.0,0.0,8.0,8.0,2,Whole,2012.0,1 phase,10.0,Cemented,Cemented,Marble,Painted,Painted,7.0,10*11,1.0,6.0,2.0,Wooden,3.0,1,1.0,1,50.0,0,6.0,1.0,1,1.0,1.0,0.0,0.0,1.0,0.0,1.0,0.0,0.0,0,10.604166666666666,6.5,17.6,73.19625,5.629166666666666,0.0,4.379166666666666,1018.8291666666668,143.63750000000002,12.5,1.5,2024,1,1,0,1,0,0.49999999999999994,0.8660254037844387,0.010022222216666666,0.005270277783333333,0.005678214288095238
House#42,2024-01-02,0.005481388883333333,0.328883333,0.328883333,Islamabad,Rented,6.0,6.0,0.0,5.0,1.0,0.0,8.0,8.0,2,Whole,2012.0,1 phase,10.0,Cemented,Cemented,Marble,Painted,Painted,7.0,10*11,1.0,6.0,2.0,Wooden,3.0,1,1.0,1,50.0,0,6.0,1.0,1,1.0,1.0,0.0,0.0,1.0,0.0,1.0,0.0,0.0,0,9.316666666666666,5.2,15.2,77.34208333333333,5.2875000000000005,0.0,4.55,1018.2791666666667,145.60416666666666,12.6,1.5,2024,1,2,1,2,0,0.49999999999999994,0.8660254037844387,0.007130833333333334,0.004045277783333333,0.005944007938095239
House#42,2024-01-03,0.005833888883333333,0.350033333,0.350033333,Islamabad,Rented,6.0,6.0,0.0,5.0,1.0,0.0,8.0,8.0,2,Whole,2012.0,1 phase,10.0,Cemented,Cemented,Marble,Painted,Painted,7.0,10*11,1.0,6.0,2.0,Wooden,3.0,1,1.0,1,50.0,0,6.0,1.0,1,1.0,1.0,0.0,0.0,1.0,0.0,1.0,0.0,0.0,0,8.9,5.1,15.2,80.07333333333334,5.4375,0.0,4.058333333333334,1018.9333333333334,134.6625,11.7,1.375,2024,1,3,2,3,0,0.49999999999999994,0.8660254037844387,0.005481388883333333,0.00601444445,0.0061491666666666665
House#42,2024-01-04,0.005965833333333333,0.35795,0.35795,Islamabad,Rented,6.0,6.0,0.0,5.0,1.0,0.0,8.0,8.0,2,Whole,2012.0,1 phase,10.0,Cemented,Cemented,Marble,Painted,Painted,7.0,10*11,1.0,6.0,2.0,Wooden,3.0,1,1.0,1,50.0,0,6.0,1.0,1,1.0,1.0,0.0,0.0,1.0,0.0,1.0,0.0,0.0,0,9.275,3.0,14.6,76.93166666666666,5.183333333333334,0.0,3.4416666666666664,1018.775,133.9375,11.5,1.3333333333333333,2024,1,4,3,4,0,0.49999999999999994,0.8660254037844387,0.005833888883333333,0.006415833333333333,0.006123373014285715
House#42,2024-01-05,0.00298194445,0.178916667,0.178916667,Islamabad,Rented,6.0,6.0,0.0,5.0,1.0,0.0,8.0,8.0,2,Whole,2012.0,1 phase,10.0,Cemented,Cemented,Marble,Painted,Painted,7.0,10*11,1.0,6.0,2.0,Wooden,3.0,1,1.0,1,50.0,0,6.0,1.0,1,1.0,1.0,0.0,0.0,1.0,0.0,1.0,0.0,0.0,0,9.583333333333334,5.6,16.0,74.58916666666667,4.8875,0.0,2.6333333333333333,1018.6166666666667,129.41666666666666,11.2,1.3333333333333333,2024,1,5,4,5,0,0.49999999999999994,0.8660254037844387,0.005965833333333333,0.00233444445,0.0060590873
House#42,2024-01-06,0.0029491666666666668,0.17695,0.17695,Islamabad,Rented,6.0,6.0,0.0,5.0,1.0,0.0,8.0,8.0,2,Whole,2012.0,1 phase,10.0,Cemented,Cemented,Marble,Painted,Painted,7.0,10*11,1.0,6.0,2.0,Wooden,3.0,1,1.0,1,50.0,0,6.0,1.0,1,1.0,1.0,0.0,0.0,1.0,0.0,1.0,0.0,0.0,0,9.054166666666667,3.6,16.2,73.9775,4.241666666666666,0.0,3.454166666666667,1020.2416666666667,130.69166666666666,11.299999999999999,1.3333333333333333,2024,1,6,5,6,1,0.49999999999999994,0.8660254037844387,0.00298194445,0.005645,0.0061515873
House#42,2024-01-07,0.005801111116666666,0.348066667,0.348066667,Islamabad,Rented,6.0,6.0,0.0,5.0,1.0,0.0,8.0,8.0,2,Whole,2012.0,1 phase,10.0,Cemented,Cemented,Marble,Painted,Painted,7.0,10*11,1.0,6.0,2.0,Wooden,3.0,1,1.0,1,50.0,0,6.0,1.0,1,1.0,1.0,0.0,0.0,1.0,0.0,1.0,0.0,0.0,0,8.9375,4.7,16.2,69.67208333333333,3.1791666666666667,0.0,3.0500000000000003,1020.8166666666666,125.25416666666666,10.9,1.25,2024,1,7,6,7,1,0.49999999999999994,0.8660254037844387,0.0029491666666666668,0.010022222216666666,0.005766468252380952
House#42,2024-01-08,0.007201388883333334,0.432083333,0.432083333,Islamabad,Rented,6.0,6.0,0.0,5.0,1.0,0.0,8.0,8.0,2,Whole,2012.0,1 phase,10.0,Cemented,Cemented,Marble,Painted,Painted,7.0,10*11,1.0,6.0,2.0,Wooden,3.0,1,1.0,1,50.0,0,6.0,1.0,1,1.0,1.0,0.0,0.0,1.0,0.0,1.0,0.0,0.0,0,9.125,4.3,17.1,70.01291666666667,3.3625000000000003,0.1,3.6750000000000003,1020.475,131.225,11.299999999999999,1.2916666666666667,2024,1,8,0,8,0,0.49999999999999994,0.8660254037844387,0.005801111116666666,0.007130833333333334,0.005163452380952381
House#42,2024-01-09,0.005763055550000001,0.345783333,0.345783333,Islamabad,Rented,6.0,6.0,0.0,5.0,1.0,0.0,8.0,8.0,2,Whole,2012.0,1 phase,10.0,Cemented,Cemented,Marble,Painted,Painted,7.0,10*11,1.0,6.0,2.0,Wooden,3.0,1,1.0,1,50.0,0,6.0,1.0,1,1.0,1.0,0.0,0.0,1.0,0.0,1.0,0.0,0.0,0,9.141666666666667,1.8,17.4,72.16791666666667,3.954166666666667,0.0,4.2375,1020.8249999999999,134.26250000000002,11.6,1.375,2024,1,9,1,9,0,0.49999999999999994,0.8660254037844387,0.007201388883333334,0.005481388883333333,0.0051735317452380955
House#42,2024-01-10,0.005559722216666666,0.333583333,0.333583333,Islamabad,Rented,6.0,6.0,0.0,5.0,1.0,0.0,8.0,8.0,2,Whole,2012.0,1 phase,10.0,Cemented,Cemented,Marble,Painted,Painted,7.0,10*11,1.0,6.0,2.0,Wooden,3.0,1,1.0,1,50.0,0,6.0,1.0,1,1.0,1.0,0.0,0.0,1.0,0.0,1.0,0.0,0.0,0,9.458333333333334,4.2,16.7,68.72666666666667,3.158333333333333,0.0,5.3625,1019.4291666666667,151.1125,13.1,1.5,2024,1,10,2,10,0,0.49999999999999994,0.8660254037844387,0.005763055550000001,0.005833888883333333,0.00521376984047619
House#42,2024-01-11,0.0068980555500000006,0.413883333,0.413883333,Islamabad,Rented,6.0,6.0,0.0,5.0,1.0,0.0,8.0,8.0,2,Whole,2012.0,1 phase,10.0,Cemented,Cemented,Marble,Painted,Painted,7.0,10*11,1.0,6.0,2.0,Wooden,3.0,1,1.0,1,50.0,0,6.0,1.0,1,1.0,1.0,0.0,0.0,1.0,0.0,1.0,0.0,0.0,0,9.341666666666667,4.4,17.1,66.145,2.7708333333333335,0.0,3.9791666666666665,1018.9583333333334,152.86666666666665,13.200000000000001,1.5416666666666667,2024,1,11,3,11,0,0.49999999999999994,0.8660254037844387,0.005559722216666666,0.005965833333333333,0.005174603173809524
House#42,2024-01-12,0.005839166666666667,0.35035,0.35035,Islamabad,Rented,6.0,6.0,0.0,5.0,1.0,0.0,8.0,8.0,2,Whole,2012.0,1 phase,10.0,Cemented,Cemented,Marble,Painted,Painted,7.0,10*11,1.0,6.0,2.0,Wooden,3.0,1,1.0,1,50.0,0,6.0,1.0,1,1.0,1.0,0.0,0.0,1.0,0.0,1.0,0.0,0.0,0,9.9,4.2,17.1,68.72291666666666,3.9250000000000003,0.0,4.6625000000000005,1017.725,101.32083333333333,8.7,0.9583333333333334,2024,1,12,4,12,0,0.49999999999999994,0.8660254037844387,0.0068980555500000006,0.00298194445,0.005307777776190477
House#42,2024-01-13,0.0052519444500000005,0.315116667,0.315116667,Islamabad,Rented,6.0,6.0,0.0,5.0,1.0,0.0,8.0,8.0,2,Whole,2012.0,1 phase,10.0,Cemented,Cemented,Marble,Painted,Painted,7.0,10*11,1.0,6.0,2.0,Wooden,3.0,1,1.0,1,50.0,0,6.0,1.0,1,1.0,1.0,0.0,0.0,1.0,0.0,1.0,0.0,0.0,0,10.695833333333333,6.3,18.3,68.36208333333333,4.708333333333333,0.0,4.179166666666666,1017.3000000000001,135.58333333333334,11.7,1.375,2024,1,13,5,13,1,0.49999999999999994,0.8660254037844387,0.005839166666666667,0.0029491666666666668,0.005715952378571429
House#42,2024-01-14,0.006765277783333333,0.405916667,0.405916667,Islamabad,Rented,6.0,6.0,0.0,5.0,1.0,0.0,8.0,8.0,2,Whole,2012.0,1 phase,10.0,Cemented,Cemented,Marble,Painted,Painted,7.0,10*11,1.0,6.0,2.0,Wooden,3.0,1,1.0,1,50.0,0,6.0,1.0,1,1.0,1.0,0.0,0.0,1.0,0.0,1.0,0.0,0.0,0,10.004166666666666,4.3,17.6,74.10041666666667,5.208333333333333,0.0,4.891666666666667,1017.9583333333334,136.35833333333332,11.9,1.375,2024,1,14,6,14,1,0.49999999999999994,0.8660254037844387,0.0052519444500000005,0.005801111116666666,0.006044920633333333
House#42,2024-01-15,0.0029005555500000004,0.174033333,0.174033333,Islamabad,Rented,6.0,6.0,0.0,5.0,1.0,0.0,8.0,8.0,2,Whole,2012.0,1 phase,10.0,Cemented,Cemented,Marble,Painted,Painted,7.0,10*11,1.0,6.0,2.0,Wooden,3.0,1,1.0,1,50.0,0,6.0,1.0,1,1.0,1.0,0.0,0.0,1.0,0.0,1.0,0.0,0.0,0,10.354166666666666,4.3,18.0,68.53708333333333,3.9583333333333335,0.0,5.1000000000000005,1016.2125,136.94166666666666,11.8,1.4166666666666667,2024,1,15,0,15,0,0.49999999999999994,0.8660254037844387,0.006765277783333333,0.007201388883333334,0.006182658728571429
House#42,2024-01-16,0.0027516666666666666,0.1651,0.1651,Islamabad,Rented,6.0,6.0,0.0,5.0,1.0,0.0,8.0,8.0,2,Whole,2012.0,1 phase,10.0,Cemented,Cemented,Marble,Painted,Painted,7.0,10*11,1.0,6.0,2.0,Wooden,3.0,1,1.0,1,50.0,0,6.0,1.0,1,1.0,1.0,0.0,0.0,1.0,0.0,1.0,0.0,0.0,0,9.554166666666667,2.5,15.3,68.76875,3.454166666666667,0.0,4.4875,1015.0791666666668,133.59166666666667,11.5,1.3333333333333333,2024,1,16,1,16,0,0.49999999999999994,0.8660254037844387,0.0029005555500000004,0.005763055550000001,0.005568253966666666
House#42,2024-01-17,0.005731666666666666,0.3439,0.3439,Islamabad,Rented,6.0,6.0,0.0,5.0,1.0,0.0,8.0,8.0,2,Whole,2012.0,1 phase,10.0,Cemented,Cemented,Marble,Painted,Painted,7.0,10*11,1.0,6.0,2.0,Wooden,3.0,1,1.0,1,50.0,0,6.0,1.0,1,1.0,1.0,0.0,0.0,1.0,0.0,1.0,0.0,0.0,0,10.691666666666668,4.6,18.3,65.56791666666668,3.8833333333333333,0.0,4.783333333333333,1015.9,142.65416666666667,12.200000000000001,1.4166666666666667,2024,1,17,2,17,0,0.49999999999999994,0.8660254037844387,0.0027516666666666666,0.005559722216666666,0.0051380555547619056
House#42,2024-01-18,0.002303333333333333,0.1382,0.1382,Islamabad,Rented,6.0,6.0,0.0,5.0,1.0,0.0,8.0,8.0,2,Whole,2012.0,1 phase,10.0,Cemented,Cemented,Marble,Painted,Painted,7.0,10*11,1.0,6.0,2.0,Wooden,3.0,1,1.0,1,50.0,0,6.0,1.0,1,1.0,1.0,0.0,0.0,1.0,0.0,1.0,0.0,0.0,0,10.6875,5.8,17.6,65.24458333333332,3.891666666666667,0.0,4.145833333333333,1017.4541666666668,136.40833333333333,11.8,1.375,2024,1,18,3,18,0,0.49999999999999994,0.8660254037844387,0.005731666666666666,0.0068980555500000006,0.005162619047619048
House#42,2024-01-19,0.03790277778333333,2.274166667,2.274166667,Islamabad,Rented,6.0,6.0,0.0,5.0,1.0,0.0,8.0,8.0,2,Whole,2012.0,1 phase,10.0,Cemented,Cemented,Marble,Painted,Painted,7.0,10*11,1.0,6.0,2.0,Wooden,3.0,1,1.0,1,50.0,0,6.0,1.0,1,1.0,1.0,0.0,0.0,1.0,0.0,1.0,0.0,0.0,0,10.216666666666667,5.1,18.0,65.49916666666667,3.4166666666666665,0.0,4.670833333333333,1017.9916666666667,139.92083333333335,12.2,1.4166666666666667,2024,1,19,4,19,0,0.49999999999999994,0.8660254037844387,0.002303333333333333,0.005839166666666667,0.00450623015952381
House#42,2024-01-20,0.002502222216666667,0.150133333,0.150133333,Islamabad,Rented,6.0,6.0,0.0,5.0,1.0,0.0,8.0,8.0,2,Whole,2012.0,1 phase,10.0,Cemented,Cemented,Marble,Painted,Painted,7.0,10*11,1.0,6.0,2.0,Wooden,3.0,1,1.0,1,50.0,0,6.0,1.0,1,1.0,1.0,0.0,0.0,1.0,0.0,1.0,0.0,0.0,0,8.658333333333333,1.5,13.8,79.02499999999999,4.983333333333333,0.0,4.933333333333334,1019.6125000000001,127.24583333333334,11.100000000000001,1.2916666666666667,2024,1,20,5,20,1,0.49999999999999994,0.8660254037844387,0.03790277778333333,0.0052519444500000005,0.009086746033333332
House#42,2024-01-21,0.0065049999999999995,0.3903,0.3903,Islamabad,Rented,6.0,6.0,0.0,5.0,1.0,0.0,8.0,8.0,2,Whole,2012.0,1 phase,10.0,Cemented,Cemented,Marble,Painted,Painted,7.0,10*11,1.0,6.0,2.0,Wooden,3.0,1,1.0,1,50.0,0,6.0,1.0,1,1.0,1.0,0.0,0.0,1.0,0.0,1.0,0.0,0.0,0,8.304166666666667,4.6,13.7,82.8925,5.354166666666667,0.0,4.8,1019.4291666666667,133.08333333333334,11.6,1.3333333333333333,2024,1,21,6,21,1,0.49999999999999994,0.8660254037844387,0.002502222216666667,0.006765277783333333,0.008693928571428571
House#42,2024-01-22,0.0035802777833333333,0.214816667,0.214816667,Islamabad,Rented,6.0,6.0,0.0,5.0,1.0,0.0,8.0,8.0,2,Whole,2012.0,1 phase,10.0,Cemented,Cemented,Marble,Painted,Painted,7.0,10*11,1.0,6.0,2.0,Wooden,3.0,1,1.0,1,50.0,0,6.0,1.0,1,1.0,1.0,0.0,0.0,1.0,0.0,1.0,0.0,0.0,0,8.2875,4.2,12.9,77.87875,4.325,0.0,4.441666666666666,1019.1958333333333,128.18333333333334,11.1,1.2916666666666667,2024,1,22,0,22,0,0.49999999999999994,0.8660254037844387,0.0065049999999999995,0.0029005555500000004,0.008656746030952381
House#42,2024-01-23,0.042243333333333334,2.5346,2.5346,Islamabad,Rented,6.0,6.0,0.0,5.0,1.0,0.0,8.0,8.0,2,Whole,2012.0,1 phase,10.0,Cemented,Cemented,Marble,Painted,Painted,7.0,10*11,1.0,6.0,2.0,Wooden,3.0,1,1.0,1,50.0,0,6.0,1.0,1,1.0,1.0,0.0,0.0,1.0,0.0,1.0,0.0,0.0,0,7.866666666666667,4.1,13.4,81.69083333333333,4.7124999999999995,0.0,5.5125,1019.9125,125.14999999999999,10.9,1.2083333333333333,2024,1,23,1,23,0,0.49999999999999994,0.8660254037844387,0.0035802777833333333,0.0027516666666666666,0.008753849207142856
House#42,2024-01-24,0.04392138888333333,2.635283333,2.635283333,Islamabad,Rented,6.0,6.0,0.0,5.0,1.0,0.0,8.0,8.0,2,Whole,2012.0,1 phase,10.0,Cemented,Cemented,Marble,Painted,Painted,7.0,10*11,1.0,6.0,2.0,Wooden,3.0,1,1.0,1,50.0,0,6.0,1.0,1,1.0,1.0,0.0,0.0,1.0,0.0,1.0,0.0,0.0,0,7.833333333333333,2.8,14.0,79.02499999999999,4.116666666666666,0.0,4.1625000000000005,1019.5041666666666,139.82500000000002,12.1,1.375,2024,1,24,2,24,0,0.49999999999999994,0.8660254037844387,0.042243333333333334,0.005731666666666666,0.014395515873809522
House#42,2024-01-25,0.018947777783333335,1.136866667,1.136866667,Islamabad,Rented,6.0,6.0,0.0,5.0,1.0,0.0,8.0,8.0,2,Whole,2012.0,1 phase,10.0,Cemented,Cemented,Marble,Painted,Painted,7.0,10*11,1.0,6.0,2.0,Wooden,3.0,1,1.0,1,50.0,0,6.0,1.0,1,1.0,1.0,0.0,0.0,1.0,0.0,1.0,0.0,0.0,0,8.8125,2.3,15.0,74.38708333333334,4.183333333333334,0.0,3.6208333333333336,1021.0333333333333,91.20416666666667,7.8,0.875,2024,1,25,3,25,0,0.49999999999999994,0.8660254037844387,0.04392138888333333,0.002303333333333333,0.019851190476190474
House#42,2024-01-26,0.0050213888833333335,0.301283333,0.301283333,Islamabad,Rented,6.0,6.0,0.0,5.0,1.0,0.0,8.0,8.0,2,Whole,2012.0,1 phase,10.0,Cemented,Cemented,Marble,Painted,Painted,7.0,10*11,1.0,6.0,2.0,Wooden,3.0,1,1.0,1,50.0,0,6.0,1.0,1,1.0,1.0,0.0,0.0,1.0,0.0,1.0,0.0,0.0,0,11.429166666666667,5.9,17.7,63.12708333333333,4.1499999999999995,1.2,5.7875000000000005,1022.7541666666666,115.95,10.1,1.1666666666666667,2024,1,26,4,26,0,0.49999999999999994,0.8660254037844387,0.018947777783333335,0.03790277778333333,0.022228968254761904
House#42,2024-01-27,0.02916111111666667,1.749666667,1.749666667,Islamabad,Rented,6.0,6.0,0.0,5.0,1.0,0.0,8.0,8.0,2,Whole,2012.0,1 phase,10.0,Cemented,Cemented,Marble,Painted,Painted,7.0,10*11,1.0,6.0,2.0,Wooden,3.0,1,1.0,1,50.0,0,6.0,1.0,1,1.0,1.0,0.0,0.0,1.0,0.0,1.0,0.0,0.0,0,11.920833333333334,6.4,18.5,64.10125000000001,4.770833333333333,0.3,7.795833333333333,1020.5958333333333,125.87916666666666,10.9,1.25,2024,1,27,5,27,1,0.49999999999999994,0.8660254037844387,0.0050213888833333335,0.002502222216666667,0.017531626983333333
House#42,2024-01-28,0.006917499999999999,0.41505,0.41505,Islamabad,Rented,6.0,6.0,0.0,5.0,1.0,0.0,8.0,8.0,2,Whole,2012.0,1 phase,10.0,Cemented,Cemented,Marble,Painted,Painted,7.0,10*11,1.0,6.0,2.0,Wooden,3.0,1,1.0,1,50.0,0,6.0,1.0,1,1.0,1.0,0.0,0.0,1.0,0.0,1.0,0.0,0.0,0,13.358333333333334,5.2,18.8,60.18833333333333,5.529166666666666,0.015,7.1499999999999995,1017.6374999999999,96.04583333333333,8.3,0.875,2024,1,28,6,28,1,0.49999999999999994,0.8660254037844387,0.02916111111666667,0.0065049999999999995,0.021340039683333336
House#42,2024-01-29,0.006689166666666666,0.40135,0.40135,Islamabad,Rented,6.0,6.0,0.0,5.0,1.0,0.0,8.0,8.0,2,Whole,2012.0,1 phase,10.0,Cemented,Cemented,Marble,Painted,Painted,7.0,10*11,1.0,6.0,2.0,Wooden,3.0,1,1.0,1,50.0,0,6.0,1.0,1,1.0,1.0,0.0,0.0,1.0,0.0,1.0,0.0,0.0,0,12.887500000000001,3.0,17.7,70.40625,7.341666666666666,0.625,6.754166666666666,1019.9125,125.99583333333332,10.9,1.2916666666666667,2024,1,29,0,29,0,0.49999999999999994,0.8660254037844387,0.006917499999999999,0.0035802777833333333,0.021398968254761907
House#42,2024-01-30,0.002028611116666667,0.121716667,0.121716667,Islamabad,Rented,6.0,6.0,0.0,5.0,1.0,0.0,8.0,8.0,2,Whole,2012.0,1 phase,10.0,Cemented,Cemented,Marble,Painted,Painted,7.0,10*11,1.0,6.0,2.0,Wooden,3.0,1,1.0,1,50.0,0,6.0,1.0,1,1.0,1.0,0.0,0.0,1.0,0.0,1.0,0.0,0.0,0,11.9375,8.7,16.5,76.53750000000001,7.741666666666667,1.153,5.045833333333333,1018.0833333333334,95.44583333333334,8.2,0.9583333333333334,2024,1,30,1,30,0,0.49999999999999994,0.8660254037844387,0.006689166666666666,0.042243333333333334,0.02184309523809524
House#42,2024-01-31,0.005345,0.3207,0.3207,Islamabad,Rented,6.0,6.0,0.0,5.0,1.0,0.0,8.0,8.0,2,Whole,2012.0,1 phase,10.0,Cemented,Cemented,Marble,Painted,Painted,7.0,10*11,1.0,6.0,2.0,Wooden,3.0,1,1.0,1,50.0,0,6.0,1.0,1,1.0,1.0,0.0,0.0,1.0,0.0,1.0,0.0,0.0,0,10.908333333333333,2.5,13.8,85.60458333333334,8.5625,20.374,7.154166666666666,1015.8208333333333,29.766666666666666,2.6,0.25,2024,1,31,2,31,0,0.49999999999999994,0.8660254037844387,0.002028611116666667,0.04392138888333333,0.01609813492142857
House#42,2024-02-01,0.005979722216666666,0.358783333,0.358783333,Islamabad,Rented,6.0,6.0,0.0,5.0,1.0,0.0,8.0,8.0,2,Whole,2012.0,1 phase,10.0,Cemented,Cemented,Marble,Painted,Painted,7.0,10*11,1.0,6.0,2.0,Wooden,3.0,1,1.0,1,50.0,0,6.0,1.0,1,1.0,1.0,0.0,0.0,1.0,0.0,1.0,0.0,0.0,0,9.991666666666667,2.1,15.2,71.53416666666666,4.6000000000000005,21.427999999999997,7.091666666666666,1016.6,142.4,12.4,1.4166666666666667,2024,2,1,3,32,0,0.8660254037844386,0.5000000000000001,0.005345,0.018947777783333335,0.010587222223809523
House#42,2024-02-02,0.00220944445,0.132566667,0.132566667,Islamabad,Rented,6.0,6.0,0.0,5.0,1.0,0.0,8.0,8.0,2,Whole,2012.0,1 phase,10.0,Cemented,Cemented,Marble,Painted,Painted,7.0,10*11,1.0,6.0,2.0,Wooden,3.0,1,1.0,1,50.0,0,6.0,1.0,1,1.0,1.0,0.0,0.0,1.0,0.0,1.0,0.0,0.0,0,10.270833333333334,4.4,15.5,62.52708333333334,2.65,0.0,9.054166666666667,1022.4708333333333,177.96666666666667,15.4,1.75,2024,2,2,4,33,0,0.8660254037844386,0.5000000000000001,0.005979722216666666,0.0050213888833333335,0.008734642857142857
House#42,2024-02-17,0.010570277783333333,0.634216667,0.634216667,Islamabad,Rented,6.0,6.0,0.0,5.0,1.0,0.0,8.0,8.0,2,Whole,2012.0,1 phase,10.0,Cemented,Cemented,Marble,Painted,Painted,7.0,10*11,1.0,6.0,2.0,Wooden,3.0,1,1.0,1,50.0,0,6.0,1.0,1,1.0,1.0,0.0,0.0,1.0,0.0,1.0,0.0,0.0,0,16.083333333333332,9.4,22.9,55.3525,6.391666666666667,0.0,4.045833333333333,1015.2833333333333,177.32083333333333,15.4,1.7916666666666667,2024,2,17,5,48,1,0.8660254037844386,0.5000000000000001,0.00220944445,0.02916111111666667,0.00833293650952381
House#42,2024-02-18,0.005860000000000001,0.3516,0.3516,Islamabad,Rented,6.0,6.0,0.0,5.0,1.0,0.0,8.0,8.0,2,Whole,2012.0,1 phase,10.0,Cemented,Cemented,Marble,Painted,Painted,7.0,10*11,1.0,6.0,2.0,Wooden,3.0,1,1.0,1,50.0,0,6.0,1.0,1,1.0,1.0,0.0,0.0,1.0,0.0,1.0,0.0,0.0,0,13.9,11.4,17.1,73.01625,9.091666666666667,3.625,12.2875,1012.6791666666667,50.837500000000006,4.3,0.4583333333333333,2024,2,18,6,49,1,0.8660254037844386,0.5000000000000001,0.010570277783333333,0.006917499999999999,0.005677103176190476
House#42,2024-02-19,0.00496694445,0.298016667,0.298016667,Islamabad,Rented,6.0,6.0,0.0,5.0,1.0,0.0,8.0,8.0,2,Whole,2012.0,1 phase,10.0,Cemented,Cemented,Marble,Painted,Painted,7.0,10*11,1.0,6.0,2.0,Wooden,3.0,1,1.0,1,50.0,0,6.0,1.0,1,1.0,1.0,0.0,0.0,1.0,0.0,1.0,0.0,0.0,0,12.054166666666667,2.4,14.7,80.49291666666666,8.733333333333333,19.687,19.329166666666666,1008.025,37.475,3.3,0.4166666666666667,2024,2,19,0,50,0,0.8660254037844386,0.5000000000000001,0.005860000000000001,0.006689166666666666,0.005526031747619048
House#42,2024-02-20,0.0026375,0.15825,0.15825,Islamabad,Rented,6.0,6.0,0.0,5.0,1.0,0.0,8.0,8.0,2,Whole,2012.0,1 phase,10.0,Cemented,Cemented,Marble,Painted,Painted,7.0,10*11,1.0,6.0,2.0,Wooden,3.0,1,1.0,1,50.0,0,6.0,1.0,1,1.0,1.0,0.0,0.0,1.0,0.0,1.0,0.0,0.0,0,11.075000000000001,5.0,16.3,77.88083333333334,7.116666666666667,11.62,7.533333333333334,1011.1916666666666,153.13750000000002,13.3,1.5,2024,2,20,1,51,0,0.8660254037844386,0.5000000000000001,0.00496694445,0.002028611116666667,0.005280000002380952
House#42,2024-02-21,0.0030013888833333334,0.180083333,0.180083333,Islamabad,Rented,6.0,6.0,0.0,5.0,1.0,0.0,8.0,8.0,2,Whole,2012.0,1 phase,10.0,Cemented,Cemented,Marble,Painted,Painted,7.0,10*11,1.0,6.0,2.0,Wooden,3.0,1,1.0,1,50.0,0,6.0,1.0,1,1.0,1.0,0.0,0.0,1.0,0.0,1.0,0.0,0.0,0,12.216666666666667,6.8,18.1,63.365,4.608333333333333,0.6739999999999999,7.466666666666666,1013.3666666666667,200.54166666666666,17.1,2.0,2024,2,21,2,52,0,0.8660254037844386,0.5000000000000001,0.0026375,0.005345,0.005366984128571429
House#42,2024-02-22,0.003252777783333333,0.195166667,0.195166667,Islamabad,Rented,6.0,6.0,0.0,5.0,1.0,0.0,8.0,8.0,2,Whole,2012.0,1 phase,10.0,Cemented,Cemented,Marble,Painted,Painted,7.0,10*11,1.0,6.0,2.0,Wooden,3.0,1,1.0,1,50.0,0,6.0,1.0,1,1.0,1.0,0.0,0.0,1.0,0.0,1.0,0.0,0.0,0,11.674999999999999,1.5,18.4,60.62833333333333,3.5833333333333335,0.1,8.841666666666667,1015.7583333333333,208.7875,18.2,2.0833333333333335,2024,2,22,3,53,0,0.8660254037844386,0.5000000000000001,0.0030013888833333334,0.005979722216666666,0.0050321825404761895
House#42,2024-02-23,0.0037147222166666665,0.222883333,0.222883333,Islamabad,Rented,6.0,6.0,0.0,5.0,1.0,0.0,8.0,8.0,2,Whole,2012.0,1 phase,10.0,Cemented,Cemented,Marble,Painted,Painted,7.0,10*11,1.0,6.0,2.0,Wooden,3.0,1,1.0,1,50.0,0,6.0,1.0,1,1.0,1.0,0.0,0.0,1.0,0.0,1.0,0.0,0.0,0,11.954166666666666,2.7,18.2,55.92208333333334,2.5541666666666667,0.0,7.45,1017.0333333333333,207.1833333333333,17.900000000000002,2.0,2024,2,23,4,54,0,0.8660254037844386,0.5000000000000001,0.003252777783333333,0.00220944445,0.0046426190499999995
House#42,2024-02-24,0.0069725,0.41835,0.41835,Islamabad,Rented,6.0,6.0,0.0,5.0,1.0,0.0,8.0,8.0,2,Whole,2012.0,1 phase,10.0,Cemented,Cemented,Marble,Painted,Painted,7.0,10*11,1.0,6.0,2.0,Wooden,3.0,1,1.0,1,50.0,0,6.0,1.0,1,1.0,1.0,0.0,0.0,1.0,0.0,1.0,0.0,0.0,0,12.137500000000001,5.9,18.5,57.75375,3.0749999999999997,0.0,5.154166666666667,1017.3458333333333,207.97916666666666,17.9,2.0416666666666665,2024,2,24,5,55,1,0.8660254037844386,0.5000000000000001,0.0037147222166666665,0.010570277783333333,0.004857658730952381
House#42,2024-02-25,0.004922222216666666,0.295333333,0.295333333,Islamabad,Rented,6.0,6.0,0.0,5.0,1.0,0.0,8.0,8.0,2,Whole,2012.0,1 phase,10.0,Cemented,Cemented,Marble,Painted,Painted,7.0,10*11,1.0,6.0,2.0,Wooden,3.0,1,1.0,1,50.0,0,6.0,1.0,1,1.0,1.0,0.0,0.0,1.0,0.0,1.0,0.0,0.0,0,12.583333333333334,7.0,18.3,57.32791666666666,3.35,0.07,6.391666666666667,1020.7624999999999,196.38750000000002,17.0,1.9583333333333333,2024,2,25,6,56,1,0.8660254037844386,0.5000000000000001,0.0069725,0.005860000000000001,0.004343690476190477
House#42,2024-02-26,0.0029613888833333333,0.177683333,0.177683333,Islamabad,Rented,6.0,6.0,0.0,5.0,1.0,0.0,8.0,8.0,2,Whole,2012.0,1 phase,10.0,Cemented,Cemented,Marble,Painted,Painted,7.0,10*11,1.0,6.0,2.0,Wooden,3.0,1,1.0,1,50.0,0,6.0,1.0,1,1.0,1.0,0.0,0.0,1.0,0.0,1.0,0.0,0.0,0,11.924999999999999,6.8,16.0,58.69875,3.704166666666667,0.0,9.129166666666666,1021.4958333333334,95.58333333333333,8.3,0.9166666666666666,2024,2,26,0,57,0,0.8660254037844386,0.5000000000000001,0.004922222216666666,0.00496694445,0.004209722221428572
House#42,2024-02-27,0.0056388888833333334,0.338333333,0.338333333,Islamabad,Rented,6.0,6.0,0.0,5.0,1.0,0.0,8.0,8.0,2,Whole,2012.0,1 phase,10.0,Cemented,Cemented,Marble,Painted,Painted,7.0,10*11,1.0,6.0,2.0,Wooden,3.0,1,1.0,1,50.0,0,6.0,1.0,1,1.0,1.0,0.0,0.0,1.0,0.0,1.0,0.0,0.0,0,13.620833333333332,6.7,19.3,59.062916666666666,5.2749999999999995,0.0,7.533333333333334,1020.3416666666667,211.26666666666665,18.1,2.125,2024,2,27,1,58,0,0.8660254037844386,0.5000000000000001,0.0029613888833333333,0.0026375,0.003923214283333333
House#42,2024-02-28,0.0028008333333333336,0.16805,0.16805,Islamabad,Rented,6.0,6.0,0.0,5.0,1.0,0.0,8.0,8.0,2,Whole,2012.0,1 phase,10.0,Cemented,Cemented,Marble,Painted,Painted,7.0,10*11,1.0,6.0,2.0,Wooden,3.0,1,1.0,1,50.0,0,6.0,1.0,1,1.0,1.0,0.0,0.0,1.0,0.0,1.0,0.0,0.0,0,15.104166666666666,8.2,21.1,59.8375,6.704166666666667,0.0,9.0375,1017.6166666666667,212.09583333333333,18.2,2.1666666666666665,2024,2,28,2,59,0,0.8660254037844386,0.5000000000000001,0.0056388888833333334,0.0030013888833333334,0.004351984123809524
House#42,2024-02-29,0.005758333333333333,0.3455,0.3455,Islamabad,Rented,6.0,6.0,0.0,5.0,1.0,0.0,8.0,8.0,2,Whole,2012.0,1 phase,10.0,Cemented,Cemented,Marble,Painted,Painted,7.0,10*11,1.0,6.0,2.0,Wooden,3.0,1,1.0,1,50.0,0,6.0,1.0,1,1.0,1.0,0.0,0.0,1.0,0.0,1.0,0.0,0.0,0,13.979166666666666,9.3,19.1,65.46541666666667,7.25,0.0,5.204166666666667,1016.1166666666667,107.25,9.3,1.0416666666666667,2024,2,29,3,60,0,0.8660254037844386,0.5000000000000001,0.0028008333333333336,0.003252777783333333,0.0043233333309523805
House#42,2024-03-01,0.005456666666666667,0.3274,0.3274,Islamabad,Rented,6.0,6.0,0.0,5.0,1.0,0.0,8.0,8.0,2,Whole,2012.0,1 phase,10.0,Cemented,Cemented,Marble,Painted,Painted,7.0,10*11,1.0,6.0,2.0,Wooden,3.0,1,1.0,1,50.0,0,6.0,1.0,1,1.0,1.0,0.0,0.0,1.0,0.0,1.0,0.0,0.0,0,12.916666666666666,10.9,14.9,82.10333333333334,9.879166666666666,20.924,11.066666666666668,1015.3208333333333,30.325,2.5,0.3333333333333333,2024,3,1,4,61,0,1.0,6.123233995736766e-17,0.005758333333333333,0.0037147222166666665,0.004681269838095238
House#42,2024-03-02,0.01340444445,0.804266667,0.804266667,Islamabad,Rented,6.0,6.0,0.0,5.0,1.0,0.0,8.0,8.0,2,Whole,2012.0,1 phase,10.0,Cemented,Cemented,Marble,Painted,Painted,7.0,10*11,1.0,6.0,2.0,Wooden,3.0,1,1.0,1,50.0,0,6.0,1.0,1,1.0,1.0,0.0,0.0,1.0,0.0,1.0,0.0,0.0,0,13.133333333333333,9.7,15.5,89.48416666666667,11.429166666666667,35.743,18.704166666666666,1005.7916666666666,58.44166666666666,5.0,0.625,2024,3,2,5,62,1,1.0,6.123233995736766e-17,0.005456666666666667,0.0069725,0.004930119045238095
House#42,2024-03-03,0.00912194445,0.547316667,0.547316667,Islamabad,Rented,6.0,6.0,0.0,5.0,1.0,0.0,8.0,8.0,2,Whole,2012.0,1 phase,10.0,Cemented,Cemented,Marble,Painted,Painted,7.0,10*11,1.0,6.0,2.0,Wooden,3.0,1,1.0,1,50.0,0,6.0,1.0,1,1.0,1.0,0.0,0.0,1.0,0.0,1.0,0.0,0.0,0,10.629166666666666,1.9,15.4,79.13875,6.829166666666667,4.713,13.366666666666667,1011.6458333333334,179.19583333333333,15.6,1.7916666666666667,2024,3,3,6,63,1,1.0,6.123233995736766e-17,0.01340444445,0.004922222216666666,0.0058489682523809525
House#42,2024-03-04,0.006653055549999999,0.399183333,0.399183333,Islamabad,Rented,6.0,6.0,0.0,5.0,1.0,0.0,8.0,8.0,2,Whole,2012.0,1 phase,10.0,Cemented,Cemented,Marble,Painted,Painted,7.0,10*11,1.0,6.0,2.0,Wooden,3.0,1,1.0,1,50.0,0,6.0,1.0,1,1.0,1.0,0.0,0.0,1.0,0.0,1.0,0.0,0.0,0,11.016666666666666,5.1,16.8,65.35041666666667,4.095833333333333,0.1,8.3375,1018.975,223.36249999999998,19.3,2.25,2024,3,4,0,64,0,1.0,6.123233995736766e-17,0.00912194445,0.0029613888833333333,0.006448928571428572
House#42,2024-03-05,0.006277222216666667,0.376633333,0.376633333,Islamabad,Rented,6.0,6.0,0.0,5.0,1.0,0.0,8.0,8.0,2,Whole,2012.0,1 phase,10.0,Cemented,Cemented,Marble,Painted,Painted,7.0,10*11,1.0,6.0,2.0,Wooden,3.0,1,1.0,1,50.0,0,6.0,1.0,1,1.0,1.0,0.0,0.0,1.0,0.0,1.0,0.0,0.0,0,12.466666666666667,6.3,19.4,62.415416666666665,4.758333333333334,0.0,7.2250000000000005,1018.65,231.5625,20.099999999999998,2.375,2024,3,5,1,65,0,1.0,6.123233995736766e-17,0.006653055549999999,0.0056388888833333334,0.0069763095238095235
House#42,2024-03-06,0.008853333333333333,0.5312,0.5312,Islamabad,Rented,6.0,6.0,0.0,5.0,1.0,0.0,8.0,8.0,2,Whole,2012.0,1 phase,10.0,Cemented,Cemented,Marble,Painted,Painted,7.0,10*11,1.0,6.0,2.0,Wooden,3.0,1,1.0,1,50.0,0,6.0,1.0,1,1.0,1.0,0.0,0.0,1.0,0.0,1.0,0.0,0.0,0,13.35,6.0,19.9,63.55041666666667,5.875,0.0,4.395833333333333,1015.4499999999999,222.5041666666667,19.4,2.2083333333333335,2024,3,6,2,66,0,1.0,6.123233995736766e-17,0.006277222216666667,0.0028008333333333336,0.0070675
House#42,2024-03-07,0.006406666666666667,0.3844,0.3844,Islamabad,Rented,6.0,6.0,0.0,5.0,1.0,0.0,8.0,8.0,2,Whole,2012.0,1 phase,10.0,Cemented,Cemented,Marble,Painted,Painted,7.0,10*11,1.0,6.0,2.0,Wooden,3.0,1,1.0,1,50.0,0,6.0,1.0,1,1.0,1.0,0.0,0.0,1.0,0.0,1.0,0.0,0.0,0,14.529166666666667,6.7,19.8,61.90833333333333,6.695833333333333,0.045,5.991666666666667,1016.5916666666667,164.62916666666666,14.3,1.6666666666666667,2024,3,7,3,67,0,1.0,6.123233995736766e-17,0.008853333333333333,0.005758333333333333,0.007932142857142856
House#42,2024-03-08,0.008593888883333334,0.515633333,0.515633333,Islamabad,Rented,6.0,6.0,0.0,5.0,1.0,0.0,8.0,8.0,2,Whole,2012.0,1 phase,10.0,Cemented,Cemented,Marble,Painted,Painted,7.0,10*11,1.0,6.0,2.0,Wooden,3.0,1,1.0,1,50.0,0,6.0,1.0,1,1.0,1.0,0.0,0.0,1.0,0.0,1.0,0.0,0.0,0,14.958333333333334,8.3,21.8,59.78041666666667,6.445833333333334,0.0,7.520833333333333,1017.3041666666667,233.5583333333333,20.0,2.375,2024,3,8,4,68,0,1.0,6.123233995736766e-17,0.006406666666666667,0.005456666666666667,0.008024761904761904
House#42,2024-03-09,0.006518888883333334,0.391133333,0.391133333,Islamabad,Rented,6.0,6.0,0.0,5.0,1.0,0.0,8.0,8.0,2,Whole,2012.0,1 phase,10.0,Cemented,Cemented,Marble,Painted,Painted,7.0,10*11,1.0,6.0,2.0,Wooden,3.0,1,1.0,1,50.0,0,6.0,1.0,1,1.0,1.0,0.0,0.0,1.0,0.0,1.0,0.0,0.0,0,16.579166666666666,9.2,23.3,55.754999999999995,6.845833333333334,0.0,10.029166666666667,1016.7166666666667,246.21666666666667,21.3,2.4583333333333335,2024,3,9,5,69,1,1.0,6.123233995736766e-17,0.008593888883333334,0.01340444445,0.008472936507142858
House#42,2024-03-10,0.0061725,0.37035,0.37035,Islamabad,Rented,6.0,6.0,0.0,5.0,1.0,0.0,8.0,8.0,2,Whole,2012.0,1 phase,10.0,Cemented,Cemented,Marble,Painted,Painted,7.0,10*11,1.0,6.0,2.0,Wooden,3.0,1,1.0,1,50.0,0,6.0,1.0,1,1.0,1.0,0.0,0.0,1.0,0.0,1.0,0.0,0.0,0,15.9,10.8,21.9,60.52291666666667,7.741666666666667,0.0,5.795833333333333,1015.7833333333333,147.10416666666666,12.7,1.4166666666666667,2024,3,10,6,70,1,1.0,6.123233995736766e-17,0.006518888883333334,0.00912194445,0.007489285711904762
House#42,2024-03-11,0.008661111116666667,0.519666667,0.519666667,Islamabad,Rented,6.0,6.0,0.0,5.0,1.0,0.0,8.0,8.0,2,Whole,2012.0,1 phase,10.0,Cemented,Cemented,Marble,Painted,Painted,7.0,10*11,1.0,6.0,2.0,Wooden,3.0,1,1.0,1,50.0,0,6.0,1.0,1,1.0,1.0,0.0,0.0,1.0,0.0,1.0,0.0,0.0,0,17.133333333333333,10.3,22.4,58.364583333333336,8.470833333333333,0.2,6.816666666666666,1017.725,161.60833333333332,13.9,1.625,2024,3,11,0,71,0,1.0,6.123233995736766e-17,0.0061725,0.006653055549999999,0.0070679365047619045
House#42,2024-03-12,0.00580805555,0.348483333,0.348483333,Islamabad,Rented,6.0,6.0,0.0,5.0,1.0,0.0,8.0,8.0,2,Whole,2012.0,1 phase,10.0,Cemented,Cemented,Marble,Painted,Painted,7.0,10*11,1.0,6.0,2.0,Wooden,3.0,1,1.0,1,50.0,0,6.0,1.0,1,1.0,1.0,0.0,0.0,1.0,0.0,1.0,0.0,0.0,0,18.804166666666667,12.6,25.0,54.49208333333333,8.6625,0.0,6.645833333333333,1016.1125000000001,234.775,20.3,2.375,2024,3,12,1,72,0,1.0,6.123233995736766e-17,0.008661111116666667,0.006277222216666667,0.007354801585714286
House#42,2024-03-13,0.009404722216666666,0.564283333,0.564283333,Islamabad,Rented,6.0,6.0,0.0,5.0,1.0,0.0,8.0,8.0,2,Whole,2012.0,1 phase,10.0,Cemented,Cemented,Marble,Painted,Painted,7.0,10*11,1.0,6.0,2.0,Wooden,3.0,1,1.0,1,50.0,0,6.0,1.0,1,1.0,1.0,0.0,0.0,1.0,0.0,1.0,0.0,0.0,0,14.691666666666668,4.5,18.8,76.89958333333333,10.512500000000001,80.057,8.512500000000001,1012.6750000000001,85.07916666666667,7.2,0.8333333333333334,2024,3,13,2,73,0,1.0,6.123233995736766e-17,0.00580805555,0.008853333333333333,0.007287777776190476
House#42,2024-03-14,0.009468611116666666,0.568116667,0.568116667,Islamabad,Rented,6.0,6.0,0.0,5.0,1.0,0.0,8.0,8.0,2,Whole,2012.0,1 phase,10.0,Cemented,Cemented,Marble,Painted,Painted,7.0,10*11,1.0,6.0,2.0,Wooden,3.0,1,1.0,1,50.0,0,6.0,1.0,1,1.0,1.0,0.0,0.0,1.0,0.0,1.0,0.0,0.0,0,15.625,9.5,21.3,68.87208333333334,9.416666666666666,12.511,6.679166666666667,1019.1374999999999,235.51666666666665,20.400000000000002,2.3333333333333335,2024,3,14,3,74,0,1.0,6.123233995736766e-17,0.009404722216666666,0.006406666666666667,0.007366547616666668
House#42,2024-03-15,0.00423944445,0.254366667,0.254366667,Islamabad,Rented,6.0,6.0,0.0,5.0,1.0,0.0,8.0,8.0,2,Whole,2012.0,1 phase,10.0,Cemented,Cemented,Marble,Painted,Painted,7.0,10*11,1.0,6.0,2.0,Wooden,3.0,1,1.0,1,50.0,0,6.0,1.0,1,1.0,1.0,0.0,0.0,1.0,0.0,1.0,0.0,0.0,0,16.099999999999998,5.5,22.8,61.99875,8.016666666666667,0.0,9.2125,1015.9333333333334,262.17083333333335,22.6,2.625,2024,3,15,4,75,0,1.0,6.123233995736766e-17,0.009468611116666666,0.008593888883333334,0.007803968252380953
House#42,2024-03-16,0.0079425,0.47655,0.47655,Islamabad,Rented,6.0,6.0,0.0,5.0,1.0,0.0,8.0,8.0,2,Whole,2012.0,1 phase,10.0,Cemented,Cemented,Marble,Painted,Painted,7.0,10*11,1.0,6.0,2.0,Wooden,3.0,1,1.0,1,50.0,0,6.0,1.0,1,1.0,1.0,0.0,0.0,1.0,0.0,1.0,0.0,0.0,0,17.9375,10.6,25.0,57.600833333333334,8.387500000000001,0.0,5.670833333333333,1017.0083333333333,251.3708333333333,21.7,2.5,2024,3,16,5,76,1,1.0,6.123233995736766e-17,0.00423944445,0.006518888883333334,0.007181904761904762
House#42,2024-03-17,0.004379722216666667,0.262783333,0.262783333,Islamabad,Rented,6.0,6.0,0.0,5.0,1.0,0.0,8.0,8.0,2,Whole,2012.0,1 phase,10.0,Cemented,Cemented,Marble,Painted,Painted,7.0,10*11,1.0,6.0,2.0,Wooden,3.0,1,1.0,1,50.0,0,6.0,1.0,1,1.0,1.0,0.0,0.0,1.0,0.0,1.0,0.0,0.0,0,18.533333333333335,11.4,25.7,55.9625,8.670833333333333,0.0,7.5,1016.8083333333334,225.08333333333334,19.4,2.2916666666666665,2024,3,17,6,77,1,1.0,6.123233995736766e-17,0.0079425,0.0061725,0.0073852777785714295
House#42,2024-03-18,0.006190277783333333,0.371416667,0.371416667,Islamabad,Rented,6.0,6.0,0.0,5.0,1.0,0.0,8.0,8.0,2,Whole,2012.0,1 phase,10.0,Cemented,Cemented,Marble,Painted,Painted,7.0,10*11,1.0,6.0,2.0,Wooden,3.0,1,1.0,1,50.0,0,6.0,1.0,1,1.0,1.0,0.0,0.0,1.0,0.0,1.0,0.0,0.0,0,19.087500000000002,6.8,26.3,51.564166666666665,7.7625,0.0,6.220833333333334,1013.8583333333332,260.92083333333335,22.5,2.5833333333333335,2024,3,18,0,78,0,1.0,6.123233995736766e-17,0.004379722216666667,0.008661111116666667,0.0071291666666666665
House#42,2024-03-19,0.0023186111166666667,0.139116667,0.139116667,Islamabad,Rented,6.0,6.0,0.0,5.0,1.0,0.0,8.0,8.0,2,Whole,2012.0,1 phase,10.0,Cemented,Cemented,Marble,Painted,Painted,7.0,10*11,1.0,6.0,2.0,Wooden,3.0,1,1.0,1,50.0,0,6.0,1.0,1,1.0,1.0,0.0,0.0,1.0,0.0,1.0,0.0,0.0,0,19.7,7.1,27.4,50.569583333333334,8.141666666666667,0.0,7.229166666666667,1014.0375,261.29583333333335,22.6,2.5416666666666665,2024,3,19,1,79,0,1.0,6.123233995736766e-17,0.006190277783333333,0.00580805555,0.0067761904761904765
House#42,2024-03-20,0.00779694445,0.467816667,0.467816667,Islamabad,Rented,6.0,6.0,0.0,5.0,1.0,0.0,8.0,8.0,2,Whole,2012.0,1 phase,10.0,Cemented,Cemented,Marble,Painted,Painted,7.0,10*11,1.0,6.0,2.0,Wooden,3.0,1,1.0,1,50.0,0,6.0,1.0,1,1.0,1.0,0.0,0.0,1.0,0.0,1.0,0.0,0.0,0,20.933333333333334,13.3,28.1,50.56125,9.137500000000001,0.0,6.520833333333333,1014.1791666666667,256.96250000000003,22.2,2.5,2024,3,20,2,80,0,1.0,6.123233995736766e-17,0.0023186111166666667,0.009404722216666666,0.006277698414285714
House#42,2024-03-21,0.005191111116666666,0.311466667,0.311466667,Islamabad,Rented,6.0,6.0,0.0,5.0,1.0,0.0,8.0,8.0,2,Whole,2012.0,1 phase,10.0,Cemented,Cemented,Marble,Painted,Painted,7.0,10*11,1.0,6.0,2.0,Wooden,3.0,1,1.0,1,50.0,0,6.0,1.0,1,1.0,1.0,0.0,0.0,1.0,0.0,1.0,0.0,0.0,0,20.383333333333333,17.3,24.2,56.444583333333334,11.183333333333332,0.0,7.791666666666667,1012.8375,98.44166666666666,8.4,0.9583333333333334,2024,3,21,3,81,0,1.0,6.123233995736766e-17,0.00779694445,0.009468611116666666,0.006048015876190476
House#42,2024-03-22,0.008537777783333334,0.512266667,0.512266667,Islamabad,Rented,6.0,6.0,0.0,5.0,1.0,0.0,8.0,8.0,2,Whole,2012.0,1 phase,10.0,Cemented,Cemented,Marble,Painted,Painted,7.0,10*11,1.0,6.0,2.0,Wooden,3.0,1,1.0,1,50.0,0,6.0,1.0,1,1.0,1.0,0.0,0.0,1.0,0.0,1.0,0.0,0.0,0,19.204166666666666,15.1,24.4,68.21958333333333,12.875,6.453,9.7125,1012.7791666666667,176.09166666666667,15.1,1.7916666666666667,2024,3,22,4,82,0,1.0,6.123233995736766e-17,0.005191111116666666,0.00423944445,0.005436944447619047
House#42,2024-03-23,0.01536055555,0.921633333,0.921633333,Islamabad,Rented,6.0,6.0,0.0,5.0,1.0,0.0,8.0,8.0,2,Whole,2012.0,1 phase,10.0,Cemented,Cemented,Marble,Painted,Painted,7.0,10*11,1.0,6.0,2.0,Wooden,3.0,1,1.0,1,50.0,0,6.0,1.0,1,1.0,1.0,0.0,0.0,1.0,0.0,1.0,0.0,0.0,0,19.849999999999998,14.1,25.7,61.153333333333336,11.395833333333334,0.211,8.245833333333334,1010.7458333333334,209.47916666666666,18.1,2.0833333333333335,2024,3,23,5,83,1,1.0,6.123233995736766e-17,0.008537777783333334,0.0079425,0.006050992066666668
House#42,2024-03-24,0.006656111116666667,0.399366667,0.399366667,Islamabad,Rented,6.0,6.0,0.0,5.0,1.0,0.0,8.0,8.0,2,Whole,2012.0,1 phase,10.0,Cemented,Cemented,Marble,Painted,Painted,7.0,10*11,1.0,6.0,2.0,Wooden,3.0,1,1.0,1,50.0,0,6.0,1.0,1,1.0,1.0,0.0,0.0,1.0,0.0,1.0,0.0,0.0,0,21.47083333333333,15.6,26.8,56.69875,11.991666666666667,0.2,7.6499999999999995,1012.4791666666666,260.0208333333333,22.4,2.5416666666666665,2024,3,24,6,84,1,1.0,6.123233995736766e-17,0.01536055555,0.004379722216666667,0.0071107142880952375
House#42,2024-03-25,0.00686694445,0.412016667,0.412016667,Islamabad,Rented,6.0,6.0,0.0,5.0,1.0,0.0,8.0,8.0,2,Whole,2012.0,1 phase,10.0,Cemented,Cemented,Marble,Painted,Painted,7.0,10*11,1.0,6.0,2.0,Wooden,3.0,1,1.0,1,50.0,0,6.0,1.0,1,1.0,1.0,0.0,0.0,1.0,0.0,1.0,0.0,0.0,0,22.025000000000002,15.7,28.7,55.95875,12.020833333333334,0.0,8.704166666666667,1014.0124999999999,270.05,23.4,2.7083333333333335,2024,3,25,0,85,0,1.0,6.123233995736766e-17,0.006656111116666667,0.006190277783333333,0.007435912702380952
House#42,2024-03-26,0.008691666666666665,0.5215,0.5215,Islamabad,Rented,6.0,6.0,0.0,5.0,1.0,0.0,8.0,8.0,2,Whole,2012.0,1 phase,10.0,Cemented,Cemented,Marble,Painted,Painted,7.0,10*11,1.0,6.0,2.0,Wooden,3.0,1,1.0,1,50.0,0,6.0,1.0,1,1.0,1.0,0.0,0.0,1.0,0.0,1.0,0.0,0.0,0,20.991666666666667,16.7,26.6,60.455000000000005,12.495833333333332,0.30000000000000004,6.945833333333333,1012.4708333333333,146.89166666666668,12.7,1.5,2024,3,26,1,86,0,1.0,6.123233995736766e-17,0.00686694445,0.0023186111166666667,0.007532579369047619
House#42,2024-03-27,0.0137425,0.82455,0.82455,Islamabad,Rented,6.0,6.0,0.0,5.0,1.0,0.0,8.0,8.0,2,Whole,2012.0,1 phase,10.0,Cemented,Cemented,Marble,Painted,Painted,7.0,10*11,1.0,6.0,2.0,Wooden,3.0,1,1.0,1,50.0,0,6.0,1.0,1,1.0,1.0,0.0,0.0,1.0,0.0,1.0,0.0,0.0,0,20.412499999999998,16.9,25.0,69.35333333333334,14.304166666666667,2.712,8.9375,1016.8041666666667,124.70833333333333,10.8,1.1666666666666667,2024,3,27,2,87,0,1.0,6.123233995736766e-17,0.008691666666666665,0.00779694445,0.008443015876190476
House#42,2024-03-28,0.00364555555,0.218733333,0.218733333,Islamabad,Rented,6.0,6.0,0.0,5.0,1.0,0.0,8.0,8.0,2,Whole,2012.0,1 phase,10.0,Cemented,Cemented,Marble,Painted,Painted,7.0,10*11,1.0,6.0,2.0,Wooden,3.0,1,1.0,1,50.0,0,6.0,1.0,1,1.0,1.0,0.0,0.0,1.0,0.0,1.0,0.0,0.0,0,21.066666666666666,17.0,25.9,70.92708333333333,15.35,2.5,5.558333333333334,1014.5,200.50833333333333,17.4,2.0,2024,3,28,3,88,0,1.0,6.123233995736766e-17,0.0137425,0.005191111116666666,0.009292380954761903
House#42,2024-03-29,0.004481111116666667,0.268866667,0.268866667,Islamabad,Rented,6.0,6.0,0.0,5.0,1.0,0.0,8.0,8.0,2,Whole,2012.0,1 phase,10.0,Cemented,Cemented,Marble,Painted,Painted,7.0,10*11,1.0,6.0,2.0,Wooden,3.0,1,1.0,1,50.0,0,6.0,1.0,1,1.0,1.0,0.0,0.0,1.0,0.0,1.0,0.0,0.0,0,20.916666666666668,17.3,25.8,68.60916666666667,14.7125,4.7,9.7125,1012.375,239.0666666666667,20.7,2.3333333333333335,2024,3,29,4,89,0,1.0,6.123233995736766e-17,0.00364555555,0.008537777783333334,0.009071587302380951
House#42,2024-03-30,0.008047222216666667,0.482833333,0.482833333,Islamabad,Rented,6.0,6.0,0.0,5.0,1.0,0.0,8.0,8.0,2,Whole,2012.0,1 phase,10.0,Cemented,Cemented,Marble,Painted,Painted,7.0,10*11,1.0,6.0,2.0,Wooden,3.0,1,1.0,1,50.0,0,6.0,1.0,1,1.0,1.0,0.0,0.0,1.0,0.0,1.0,0.0,0.0,0,18.1,15.0,24.0,75.66125,13.583333333333334,33.9,10.004166666666666,1013.7916666666666,169.84166666666667,14.5,1.7083333333333333,2024,3,30,5,90,1,1.0,6.123233995736766e-17,0.004481111116666667,0.01536055555,0.008492063492857142
House#42,2024-03-31,0.0020422222166666666,0.122533333,0.122533333,Islamabad,Rented,6.0,6.0,0.0,5.0,1.0,0.0,8.0,8.0,2,Whole,2012.0,1 phase,10.0,Cemented,Cemented,Marble,Painted,Painted,7.0,10*11,1.0,6.0,2.0,Wooden,3.0,1,1.0,1,50.0,0,6.0,1.0,1,1.0,1.0,0.0,0.0,1.0,0.0,1.0,0.0,0.0,0,17.783333333333335,12.7,23.4,70.73708333333333,12.0,2.1,7.716666666666666,1016.4166666666666,271.77500000000003,23.3,2.7916666666666665,2024,3,31,6,91,1,1.0,6.123233995736766e-17,0.008047222216666667,0.006656111116666667,0.007447301588095238
House#42,2024-04-01,0.0053680555500000005,0.322083333,0.322083333,Islamabad,Rented,6.0,6.0,0.0,5.0,1.0,0.0,8.0,8.0,2,Whole,2012.0,1 phase,10.0,Cemented,Cemented,Marble,Painted,Painted,7.0,10*11,1.0,6.0,2.0,Wooden,3.0,1,1.0,1,50.0,0,6.0,1.0,1,1.0,1.0,0.0,0.0,1.0,0.0,1.0,0.0,0.0,0,19.920833333333334,14.0,26.0,60.62833333333333,11.554166666666667,0.0,8.4625,1010.6791666666667,290.65416666666664,25.0,2.9166666666666665,2024,4,1,0,92,0,0.8660254037844387,-0.4999999999999998,0.0020422222166666666,0.00686694445,0.0067881746023809525
House#42,2024-04-02,0.011273611116666667,0.676416667,0.676416667,Islamabad,Rented,6.0,6.0,0.0,5.0,1.0,0.0,8.0,8.0,2,Whole,2012.0,1 phase,10.0,Cemented,Cemented,Marble,Painted,Painted,7.0,10*11,1.0,6.0,2.0,Wooden,3.0,1,1.0,1,50.0,0,6.0,1.0,1,1.0,1.0,0.0,0.0,1.0,0.0,1.0,0.0,0.0,0,20.779166666666665,14.4,27.8,57.925000000000004,11.620833333333332,0.0,5.533333333333334,1008.6916666666666,286.39166666666665,24.8,2.875,2024,4,2,1,93,0,0.8660254037844387,-0.4999999999999998,0.0053680555500000005,0.008691666666666665,0.006574047616666667
House#42,2024-04-03,0.010724722216666668,0.643483333,0.643483333,Islamabad,Rented,6.0,6.0,0.0,5.0,1.0,0.0,8.0,8.0,2,Whole,2012.0,1 phase,10.0,Cemented,Cemented,Marble,Painted,Painted,7.0,10*11,1.0,6.0,2.0,Wooden,3.0,1,1.0,1,50.0,0,6.0,1.0,1,1.0,1.0,0.0,0.0,1.0,0.0,1.0,0.0,0.0,0,20.087500000000002,10.2,28.4,57.15208333333334,11.1,1.482,10.991666666666667,1010.8333333333334,249.66666666666666,21.5,2.5416666666666665,2024,4,3,2,94,0,0.8660254037844387,-0.4999999999999998,0.011273611116666667,0.0137425,0.0069428968238095246
House#42,2024-04-04,0.004746388883333333,0.284783333,0.284783333,Islamabad,Rented,6.0,6.0,0.0,5.0,1.0,0.0,8.0,8.0,2,Whole,2012.0,1 phase,10.0,Cemented,Cemented,Marble,Painted,Painted,7.0,10*11,1.0,6.0,2.0,Wooden,3.0,1,1.0,1,50.0,0,6.0,1.0,1,1.0,1.0,0.0,0.0,1.0,0.0,1.0,0.0,0.0,0,20.104166666666668,14.7,26.1,53.6525,10.0375,0.883,9.616666666666667,1012.5916666666667,253.9333333333333,21.8,2.5,2024,4,4,3,95,0,0.8660254037844387,-0.4999999999999998,0.010724722216666668,0.00364555555,0.0065117857119047625
House#42,2024-04-05,0.007701388883333333,0.462083333,0.462083333,Islamabad,Rented,6.0,6.0,0.0,5.0,1.0,0.0,8.0,8.0,2,Whole,2012.0,1 phase,10.0,Cemented,Cemented,Marble,Painted,Painted,7.0,10*11,1.0,6.0,2.0,Wooden,3.0,1,1.0,1,50.0,0,6.0,1.0,1,1.0,1.0,0.0,0.0,1.0,0.0,1.0,0.0,0.0,0,20.929166666666667,10.4,28.0,50.70249999999999,9.516666666666667,0.1,8.104166666666666,1010.7833333333333,282.6416666666667,24.2,2.8333333333333335,2024,4,5,4,96,0,0.8660254037844387,-0.4999999999999998,0.004746388883333333,0.004481111116666667,0.006669047616666667
House#42,2024-04-06,0.005665277783333334,0.339916667,0.339916667,Islamabad,Rented,6.0,6.0,0.0,5.0,1.0,0.0,8.0,8.0,2,Whole,2012.0,1 phase,10.0,Cemented,Cemented,Marble,Painted,Painted,7.0,10*11,1.0,6.0,2.0,Wooden,3.0,1,1.0,1,50.0,0,6.0,1.0,1,1.0,1.0,0.0,0.0,1.0,0.0,1.0,0.0,0.0,0,21.8625,11.9,28.5,51.03958333333333,9.879166666666666,0.0,10.708333333333334,1010.1374999999999,291.95,25.1,2.9166666666666665,2024,4,6,5,97,1,0.8660254037844387,-0.4999999999999998,0.007701388883333333,0.008047222216666667,0.007129087297619048
House#42,2024-04-07,0.008137222216666667,0.488233333,0.488233333,Islamabad,Rented,6.0,6.0,0.0,5.0,1.0,0.0,8.0,8.0,2,Whole,2012.0,1 phase,10.0,Cemented,Cemented,Marble,Painted,Painted,7.0,10*11,1.0,6.0,2.0,Wooden,3.0,1,1.0,1,50.0,0,6.0,1.0,1,1.0,1.0,0.0,0.0,1.0,0.0,1.0,0.0,0.0,0,22.287499999999998,10.3,29.3,47.317499999999995,9.341666666666667,0.0,7.333333333333333,1009.1125000000001,295.4291666666667,25.6,2.875,2024,4,7,6,98,1,0.8660254037844387,-0.4999999999999998,0.005665277783333334,0.0020422222166666666,0.006788809521428572
House#42,2024-04-08,0.010878333333333332,0.6527,0.6527,Islamabad,Rented,6.0,6.0,0.0,5.0,1.0,0.0,8.0,8.0,2,Whole,2012.0,1 phase,10.0,Cemented,Cemented,Marble,Painted,Painted,7.0,10*11,1.0,6.0,2.0,Wooden,3.0,1,1.0,1,50.0,0,6.0,1.0,1,1.0,1.0,0.0,0.0,1.0,0.0,1.0,0.0,0.0,0,22.858333333333334,15.7,31.4,48.19708333333333,9.941666666666666,0.0,6.6375,1010.1666666666666,299.76666666666665,25.8,2.9583333333333335,2024,4,8,0,99,0,0.8660254037844387,-0.4999999999999998,0.008137222216666667,0.0053680555500000005,0.007659523807142857
House#42,2024-04-09,0.005181666666666667,0.3109,0.3109,Islamabad,Rented,6.0,6.0,0.0,5.0,1.0,0.0,8.0,8.0,2,Whole,2012.0,1 phase,10.0,Cemented,Cemented,Marble,Painted,Painted,7.0,10*11,1.0,6.0,2.0,Wooden,3.0,1,1.0,1,50.0,0,6.0,1.0,1,1.0,1.0,0.0,0.0,1.0,0.0,1.0,0.0,0.0,0,23.570833333333336,15.4,31.4,46.911249999999995,10.275,0.0,6.908333333333334,1011.1625,274.825,23.7,2.7083333333333335,2024,4,9,1,100,0,0.8660254037844387,-0.4999999999999998,0.010878333333333332,0.011273611116666667,0.008446706347619046
House#42,2024-04-10,0.012266111116666667,0.735966667,0.735966667,Islamabad,Rented,6.0,6.0,0.0,5.0,1.0,0.0,8.0,8.0,2,Whole,2012.0,1 phase,10.0,Cemented,Cemented,Marble,Painted,Painted,7.0,10*11,1.0,6.0,2.0,Wooden,3.0,1,1.0,1,50.0,0,6.0,1.0,1,1.0,1.0,0.0,0.0,1.0,0.0,1.0,0.0,0.0,0,23.104166666666668,17.8,31.2,49.845416666666665,11.362499999999999,2.143,9.554166666666667,1011.9166666666666,252.84166666666667,21.9,2.4583333333333335,2024,4,10,2,101,0,0.8660254037844387,-0.4999999999999998,0.005181666666666667,0.010724722216666668,0.0075764285690476186
House#42,2024-04-11,0.009786388883333334,0.587183333,0.587183333,Islamabad,Rented,6.0,6.0,0.0,5.0,1.0,0.0,8.0,8.0,2,Whole,2012.0,1 phase,10.0,Cemented,Cemented,Marble,Painted,Painted,7.0,10*11,1.0,6.0,2.0,Wooden,3.0,1,1.0,1,50.0,0,6.0,1.0,1,1.0,1.0,0.0,0.0,1.0,0.0,1.0,0.0,0.0,0,23.041666666666668,10.7,28.9,49.34166666666667,11.054166666666667,3.051,8.9375,1014.0500000000001,226.63750000000002,19.6,2.25,2024,4,11,3,102,0,0.8660254037844387,-0.4999999999999998,0.012266111116666667,0.004746388883333333,0.007796626983333332
House#42,2024-04-12,0.005675833333333334,0.34055,0.34055,Islamabad,Rented,6.0,6.0,0.0,5.0,1.0,0.0,8.0,8.0,2,Whole,2012.0,1 phase,10.0,Cemented,Cemented,Marble,Painted,Painted,7.0,10*11,1.0,6.0,2.0,Wooden,3.0,1,1.0,1,50.0,0,6.0,1.0,1,1.0,1.0,0.0,0.0,1.0,0.0,1.0,0.0,0.0,0,23.2,17.3,29.5,54.51208333333333,12.870833333333332,0.094,11.387500000000001,1012.4250000000001,242.32083333333333,20.9,2.3333333333333335,2024,4,12,4,103,0,0.8660254037844387,-0.4999999999999998,0.009786388883333334,0.007701388883333333,0.008516626983333333
House#42,2024-04-13,0.01105555555,0.663333333,0.663333333,Islamabad,Rented,6.0,6.0,0.0,5.0,1.0,0.0,8.0,8.0,2,Whole,2012.0,1 phase,10.0,Cemented,Cemented,Marble,Painted,Painted,7.0,10*11,1.0,6.0,2.0,Wooden,3.0,1,1.0,1,50.0,0,6.0,1.0,1,1.0,1.0,0.0,0.0,1.0,0.0,1.0,0.0,0.0,0,19.020833333333332,16.4,23.0,72.815,13.820833333333333,3.1220000000000003,15.366666666666667,1013.6999999999999,54.56666666666667,4.5,0.5416666666666666,2024,4,13,5,104,1,0.8660254037844387,-0.4999999999999998,0.005675833333333334,0.005665277783333334,0.008227261904761906
House#42,2024-04-14,0.007441666666666667,0.4465,0.4465,Islamabad,Rented,6.0,6.0,0.0,5.0,1.0,0.0,8.0,8.0,2,Whole,2012.0,1 phase,10.0,Cemented,Cemented,Marble,Painted,Painted,7.0,10*11,1.0,6.0,2.0,Wooden,3.0,1,1.0,1,50.0,0,6.0,1.0,1,1.0,1.0,0.0,0.0,1.0,0.0,1.0,0.0,0.0,0,17.658333333333335,11.5,19.9,84.0925,14.904166666666667,2.027,6.766666666666667,1015.6833333333334,116.90833333333335,10.0,1.2083333333333333,2024,4,14,6,105,1,0.8660254037844387,-0.4999999999999998,0.01105555555,0.008137222216666667,0.008997301585714285
House#42,2024-04-15,0.012821111116666667,0.769266667,0.769266667,Islamabad,Rented,6.0,6.0,0.0,5.0,1.0,0.0,8.0,8.0,2,Whole,2012.0,1 phase,10.0,Cemented,Cemented,Marble,Painted,Painted,7.0,10*11,1.0,6.0,2.0,Wooden,3.0,1,1.0,1,50.0,0,6.0,1.0,1,1.0,1.0,0.0,0.0,1.0,0.0,1.0,0.0,0.0,0,17.795833333333334,15.2,20.3,81.93083333333333,14.604166666666666,13.578,9.1625,1014.3958333333334,111.3,9.5,1.0833333333333333,2024,4,15,0,106,0,0.8660254037844387,-0.4999999999999998,0.007441666666666667,0.010878333333333332,0.008897936507142858
House#42,2024-04-16,0.0053425,0.32055,0.32055,Islamabad,Rented,6.0,6.0,0.0,5.0,1.0,0.0,8.0,8.0,2,Whole,2012.0,1 phase,10.0,Cemented,Cemented,Marble,Painted,Painted,7.0,10*11,1.0,6.0,2.0,Wooden,3.0,1,1.0,1,50.0,0,6.0,1.0,1,1.0,1.0,0.0,0.0,1.0,0.0,1.0,0.0,0.0,0,18.591666666666665,8.6,26.0,73.08083333333333,13.2125,16.032,7.708333333333333,1014.4041666666667,300.02916666666664,25.900000000000002,2.9583333333333335,2024,4,16,1,107,0,0.8660254037844387,-0.4999999999999998,0.012821111116666667,0.005181666666666667,0.00917547619047619
House#42,2024-04-17,0.00759055555,0.455433333,0.455433333,Islamabad,Rented,6.0,6.0,0.0,5.0,1.0,0.0,8.0,8.0,2,Whole,2012.0,1 phase,10.0,Cemented,Cemented,Marble,Painted,Painted,7.0,10*11,1.0,6.0,2.0,Wooden,3.0,1,1.0,1,50.0,0,6.0,1.0,1,1.0,1.0,0.0,0.0,1.0,0.0,1.0,0.0,0.0,0,22.03333333333333,11.4,28.2,60.46291666666667,13.329166666666666,0.0,7.1375,1009.7208333333333,272.5416666666667,23.7,2.7083333333333335,2024,4,17,2,108,0,0.8660254037844387,-0.4999999999999998,0.0053425,0.012266111116666667,0.00919845238095238
House#42,2024-04-18,0.009162222216666667,0.549733333,0.549733333,Islamabad,Rented,6.0,6.0,0.0,5.0,1.0,0.0,8.0,8.0,2,Whole,2012.0,1 phase,10.0,Cemented,Cemented,Marble,Painted,Painted,7.0,10*11,1.0,6.0,2.0,Wooden,3.0,1,1.0,1,50.0,0,6.0,1.0,1,1.0,1.0,0.0,0.0,1.0,0.0,1.0,0.0,0.0,0,20.075,11.0,23.9,72.42666666666666,14.783333333333333,7.827,9.379166666666666,1009.2125,139.10416666666666,11.9,1.4583333333333333,2024,4,18,3,109,0,0.8660254037844387,-0.4999999999999998,0.00759055555,0.009786388883333334,0.008530515871428572
House#42,2024-04-19,0.004993333333333333,0.2996,0.2996,Islamabad,Rented,6.0,6.0,0.0,5.0,1.0,0.0,8.0,8.0,2,Whole,2012.0,1 phase,10.0,Cemented,Cemented,Marble,Painted,Painted,7.0,10*11,1.0,6.0,2.0,Wooden,3.0,1,1.0,1,50.0,0,6.0,1.0,1,1.0,1.0,0.0,0.0,1.0,0.0,1.0,0.0,0.0,0,16.995833333333334,10.6,19.7,83.7925,14.208333333333334,25.046,14.745833333333332,1007.7666666666668,128.99166666666667,11.2,1.2916666666666667,2024,4,19,4,110,0,0.8660254037844387,-0.4999999999999998,0.009162222216666667,0.005675833333333334,0.008441349204761904
House#42,2024-04-20,0.0058586111166666665,0.351516667,0.351516667,Islamabad,Rented,6.0,6.0,0.0,5.0,1.0,0.0,8.0,8.0,2,Whole,2012.0,1 phase,10.0,Cemented,Cemented,Marble,Painted,Painted,7.0,10*11,1.0,6.0,2.0,Wooden,3.0,1,1.0,1,50.0,0,6.0,1.0,1,1.0,1.0,0.0,0.0,1.0,0.0,1.0,0.0,0.0,0,18.533333333333335,11.5,24.9,75.7675,13.866666666666667,10.937,9.3375,1008.775,246.17083333333335,21.2,2.4166666666666665,2024,4,20,5,111,1,0.8660254037844387,-0.4999999999999998,0.004993333333333333,0.01105555555,0.008343849204761906
House#42,2024-04-21,0.0056436111166666665,0.338616667,0.338616667,Islamabad,Rented,6.0,6.0,0.0,5.0,1.0,0.0,8.0,8.0,2,Whole,2012.0,1 phase,10.0,Cemented,Cemented,Marble,Painted,Painted,7.0,10*11,1.0,6.0,2.0,Wooden,3.0,1,1.0,1,50.0,0,6.0,1.0,1,1.0,1.0,0.0,0.0,1.0,0.0,1.0,0.0,0.0,0,21.179166666666667,15.2,28.1,64.65875,13.629166666666668,0.416,5.541666666666667,1008.0458333333332,294.8875,25.3,2.9166666666666665,2024,4,21,6,112,1,0.8660254037844387,-0.4999999999999998,0.0058586111166666665,0.007441666666666667,0.0076014285714285715
House#42,2024-04-22,0.007408888883333333,0.444533333,0.444533333,Islamabad,Rented,6.0,6.0,0.0,5.0,1.0,0.0,8.0,8.0,2,Whole,2012.0,1 phase,10.0,Cemented,Cemented,Marble,Painted,Painted,7.0,10*11,1.0,6.0,2.0,Wooden,3.0,1,1.0,1,50.0,0,6.0,1.0,1,1.0,1.0,0.0,0.0,1.0,0.0,1.0,0.0,0.0,0,21.945833333333336,13.3,29.0,58.80416666666667,12.920833333333334,1.131,8.266666666666667,1008.7458333333334,277.5,24.1,2.7083333333333335,2024,4,22,0,113,0,0.8660254037844387,-0.4999999999999998,0.0056436111166666665,0.012821111116666667,0.007344563492857142
House#42,2024-04-23,0.013023055549999999,0.781383333,0.781383333,Islamabad,Rented,6.0,6.0,0.0,5.0,1.0,0.0,8.0,8.0,2,Whole,2012.0,1 phase,10.0,Cemented,Cemented,Marble,Painted,Painted,7.0,10*11,1.0,6.0,2.0,Wooden,3.0,1,1.0,1,50.0,0,6.0,1.0,1,1.0,1.0,0.0,0.0,1.0,0.0,1.0,0.0,0.0,0,22.1875,14.2,28.6,58.637499999999996,12.970833333333333,0.031,7.145833333333333,1008.6166666666667,285.04583333333335,24.7,2.7916666666666665,2024,4,23,1,114,0,0.8660254037844387,-0.4999999999999998,0.007408888883333333,0.0053425,0.006571388888095238
House#42,2024-04-24,0.008145000000000001,0.4887,0.4887,Islamabad,Rented,6.0,6.0,0.0,5.0,1.0,0.0,8.0,8.0,2,Whole,2012.0,1 phase,10.0,Cemented,Cemented,Marble,Painted,Painted,7.0,10*11,1.0,6.0,2.0,Wooden,3.0,1,1.0,1,50.0,0,6.0,1.0,1,1.0,1.0,0.0,0.0,1.0,0.0,1.0,0.0,0.0,0,23.287499999999998,17.7,29.8,56.714999999999996,13.512500000000001,0.2,6.808333333333334,1008.3833333333333,297.02916666666664,25.7,2.875,2024,4,24,2,115,0,0.8660254037844387,-0.4999999999999998,0.013023055549999999,0.00759055555,0.00766861110952381
House#42,2024-04-25,0.00991444445,0.594866667,0.594866667,Islamabad,Rented,6.0,6.0,0.0,5.0,1.0,0.0,8.0,8.0,2,Whole,2012.0,1 phase,10.0,Cemented,Cemented,Marble,Painted,Painted,7.0,10*11,1.0,6.0,2.0,Wooden,3.0,1,1.0,1,50.0,0,6.0,1.0,1,1.0,1.0,0.0,0.0,1.0,0.0,1.0,0.0,0.0,0,24.129166666666666,17.8,30.0,58.632083333333334,14.933333333333332,0.0,8.487499999999999,1008.6750000000001,307.97499999999997,26.5,3.1666666666666665,2024,4,25,3,116,0,0.8660254037844387,-0.4999999999999998,0.008145000000000001,0.009162222216666667,0.007747817459523809
House#42,2024-04-26,0.0129625,0.77775,0.77775,Islamabad,Rented,6.0,6.0,0.0,5.0,1.0,0.0,8.0,8.0,2,Whole,2012.0,1 phase,10.0,Cemented,Cemented,Marble,Painted,Painted,7.0,10*11,1.0,6.0,2.0,Wooden,3.0,1,1.0,1,50.0,0,6.0,1.0,1,1.0,1.0,0.0,0.0,1.0,0.0,1.0,0.0,0.0,0,22.925,19.8,28.7,64.24416666666666,15.554166666666667,0.353,11.704166666666666,1007.7333333333332,206.50833333333333,18.0,2.0833333333333335,2024,4,26,4,117,0,0.8660254037844387,-0.4999999999999998,0.00991444445,0.004993333333333333,0.007855277778571429
House#42,2024-04-27,0.01172805555,0.703683333,0.703683333,Islamabad,Rented,6.0,6.0,0.0,5.0,1.0,0.0,8.0,8.0,2,Whole,2012.0,1 phase,10.0,Cemented,Cemented,Marble,Painted,Painted,7.0,10*11,1.0,6.0,2.0,Wooden,3.0,1,1.0,1,50.0,0,6.0,1.0,1,1.0,1.0,0.0,0.0,1.0,0.0,1.0,0.0,0.0,0,18.770833333333332,16.8,21.6,74.79,14.145833333333334,3.4459999999999997,10.033333333333333,1009.9375,141.82916666666668,12.2,1.375,2024,4,27,5,118,1,0.8660254037844387,-0.4999999999999998,0.0129625,0.0058586111166666665,0.008993730159523811
House#42,2024-04-28,0.0040075,0.24045,0.24045,Islamabad,Rented,6.0,6.0,0.0,5.0,1.0,0.0,8.0,8.0,2,Whole,2012.0,1 phase,10.0,Cemented,Cemented,Marble,Painted,Painted,7.0,10*11,1.0,6.0,2.0,Wooden,3.0,1,1.0,1,50.0,0,6.0,1.0,1,1.0,1.0,0.0,0.0,1.0,0.0,1.0,0.0,0.0,0,18.733333333333334,8.7,23.6,73.84958333333334,13.841666666666667,22.604,11.450000000000001,1010.6208333333334,210.35,18.4,2.125,2024,4,28,6,119,1,0.8660254037844387,-0.4999999999999998,0.01172805555,0.0056436111166666665,0.009832222221428571
House#42,2024-04-29,0.009269444449999999,0.556166667,0.556166667,Islamabad,Rented,6.0,6.0,0.0,5.0,1.0,0.0,8.0,8.0,2,Whole,2012.0,1 phase,10.0,Cemented,Cemented,Marble,Painted,Painted,7.0,10*11,1.0,6.0,2.0,Wooden,3.0,1,1.0,1,50.0,0,6.0,1.0,1,1.0,1.0,0.0,0.0,1.0,0.0,1.0,0.0,0.0,0,16.054166666666667,8.1,21.4,77.26708333333333,12.0,3.735,13.4625,1011.2333333333332,180.1625,15.5,1.8333333333333333,2024,4,29,0,120,0,0.8660254037844387,-0.4999999999999998,0.0040075,0.007408888883333333,0.009598492061904761
House#42,2024-04-30,0.0076124999999999995,0.45675,0.45675,Islamabad,Rented,6.0,6.0,0.0,5.0,1.0,0.0,8.0,8.0,2,Whole,2012.0,1 phase,10.0,Cemented,Cemented,Marble,Painted,Painted,7.0,10*11,1.0,6.0,2.0,Wooden,3.0,1,1.0,1,50.0,0,6.0,1.0,1,1.0,1.0,0.0,0.0,1.0,0.0,1.0,0.0,0.0,0,16.779166666666665,6.8,22.7,67.29875,10.329166666666667,2.7,10.195833333333333,1010.3625000000001,291.2375,25.1,2.9583333333333335,2024,4,30,1,121,0,0.8660254037844387,-0.4999999999999998,0.009269444449999999,0.013023055549999999,0.009864285714285714
House#42,2024-05-01,0.008986944450000001,0.539216667,0.539216667,Islamabad,Rented,6.0,6.0,0.0,5.0,1.0,0.0,8.0,8.0,2,Whole,2012.0,1 phase,10.0,Cemented,Cemented,Marble,Painted,Painted,7.0,10*11,1.0,6.0,2.0,Wooden,3.0,1,1.0,1,50.0,0,6.0,1.0,1,1.0,1.0,0.0,0.0,1.0,0.0,1.0,0.0,0.0,0,19.345833333333335,8.1,25.9,63.12,11.445833333333333,0.0,7.5125,1006.1666666666666,326.5833333333333,28.4,3.25,2024,5,1,2,122,0,0.49999999999999994,-0.8660254037844387,0.0076124999999999995,0.008145000000000001,0.009091349207142857
House#42,2024-05-02,0.00529194445,0.317516667,0.317516667,Islamabad,Rented,6.0,6.0,0.0,5.0,1.0,0.0,8.0,8.0,2,Whole,2012.0,1 phase,10.0,Cemented,Cemented,Marble,Painted,Painted,7.0,10*11,1.0,6.0,2.0,Wooden,3.0,1,1.0,1,50.0,0,6.0,1.0,1,1.0,1.0,0.0,0.0,1.0,0.0,1.0,0.0,0.0,0,21.579166666666666,11.1,29.4,56.06041666666667,11.375,0.0,7.529166666666666,1006.6125000000001,326.19166666666666,28.2,3.25,2024,5,2,3,123,0,0.49999999999999994,-0.8660254037844387,0.008986944450000001,0.00991444445,0.009211626985714287
House#42,2024-05-03,0.009244166666666666,0.55465,0.55465,Islamabad,Rented,6.0,6.0,0.0,5.0,1.0,0.0,8.0,8.0,2,Whole,2012.0,1 phase,10.0,Cemented,Cemented,Marble,Painted,Painted,7.0,10*11,1.0,6.0,2.0,Wooden,3.0,1,1.0,1,50.0,0,6.0,1.0,1,1.0,1.0,0.0,0.0,1.0,0.0,1.0,0.0,0.0,0,21.787499999999998,17.2,27.5,65.20208333333333,14.629166666666668,0.015,7.016666666666667,1007.6083333333332,213.21666666666667,18.4,2.125,2024,5,3,4,124,0,0.49999999999999994,-0.8660254037844387,0.00529194445,0.0129625,0.008551269842857142
House#42,2024-05-04,0.01335444445,0.801266667,0.801266667,Islamabad,Rented,6.0,6.0,0.0,5.0,1.0,0.0,8.0,8.0,2,Whole,2012.0,1 phase,10.0,Cemented,Cemented,Marble,Painted,Painted,7.0,10*11,1.0,6.0,2.0,Wooden,3.0,1,1.0,1,50.0,0,6.0,1.0,1,1.0,1.0,0.0,0.0,1.0,0.0,1.0,0.0,0.0,0,23.820833333333336,19.2,29.8,54.92041666666666,13.6625,0.1,10.354166666666666,1009.8291666666668,296.0708333333333,25.6,3.0,2024,5,4,5,125,1,0.49999999999999994,-0.8660254037844387,0.009244166666666666,0.01172805555,0.008020079366666667
House#42,2024-05-05,0.00951305555,0.570783333,0.570783333,Islamabad,Rented,6.0,6.0,0.0,5.0,1.0,0.0,8.0,8.0,2,Whole,2012.0,1 phase,10.0,Cemented,Cemented,Marble,Painted,Painted,7.0,10*11,1.0,6.0,2.0,Wooden,3.0,1,1.0,1,50.0,0,6.0,1.0,1,1.0,1.0,0.0,0.0,1.0,0.0,1.0,0.0,0.0,0,24.275000000000002,11.5,31.2,55.504999999999995,14.120833333333332,0.0,11.512500000000001,1005.0916666666667,318.2291666666667,27.3,3.25,2024,5,5,6,126,1,0.49999999999999994,-0.8660254037844387,0.01335444445,0.0040075,0.008252420638095238
House#42,2024-05-06,0.008767222216666667,0.526033333,0.526033333,Islamabad,Rented,6.0,6.0,0.0,5.0,1.0,0.0,8.0,8.0,2,Whole,2012.0,1 phase,10.0,Cemented,Cemented,Marble,Painted,Painted,7.0,10*11,1.0,6.0,2.0,Wooden,3.0,1,1.0,1,50.0,0,6.0,1.0,1,1.0,1.0,0.0,0.0,1.0,0.0,1.0,0.0,0.0,0,26.916666666666668,20.0,33.5,52.637499999999996,15.583333333333334,0.0,7.6499999999999995,1004.9791666666666,316.5833333333333,27.400000000000002,3.2083333333333335,2024,5,6,0,127,0,0.49999999999999994,-0.8660254037844387,0.00951305555,0.009269444449999999,0.009038928573809524
House#42,2024-05-07,0.012590277783333333,0.755416667,0.755416667,Islamabad,Rented,6.0,6.0,0.0,5.0,1.0,0.0,8.0,8.0,2,Whole,2012.0,1 phase,10.0,Cemented,Cemented,Marble,Painted,Painted,7.0,10*11,1.0,6.0,2.0,Wooden,3.0,1,1.0,1,50.0,0,6.0,1.0,1,1.0,1.0,0.0,0.0,1.0,0.0,1.0,0.0,0.0,0,27.816666666666666,20.7,35.0,49.41166666666667,15.120833333333332,0.0,7.983333333333333,1006.3583333333332,322.3375,27.9,3.2083333333333335,2024,5,7,1,128,0,0.49999999999999994,-0.8660254037844387,0.008767222216666667,0.0076124999999999995,0.008967182540476192
House#42,2024-05-08,0.012165,0.7299,0.7299,Islamabad,Rented,6.0,6.0,0.0,5.0,1.0,0.0,8.0,8.0,2,Whole,2012.0,1 phase,10.0,Cemented,Cemented,Marble,Painted,Painted,7.0,10*11,1.0,6.0,2.0,Wooden,3.0,1,1.0,1,50.0,0,6.0,1.0,1,1.0,1.0,0.0,0.0,1.0,0.0,1.0,0.0,0.0,0,27.979166666666668,17.9,35.7,49.095416666666665,15.2125,0.0,6.354166666666667,1006.0749999999999,328.8833333333333,28.4,3.25,2024,5,8,2,129,0,0.49999999999999994,-0.8660254037844387,0.012590277783333333,0.008986944450000001,0.009678293652380954
House#42,2024-05-09,0.03253055555,1.951833333,1.951833333,Islamabad,Rented,6.0,6.0,0.0,5.0,1.0,0.0,8.0,8.0,2,Whole,2012.0,1 phase,10.0,Cemented,Cemented,Marble,Painted,Painted,7.0,10*11,1.0,6.0,2.0,Wooden,3.0,1,1.0,1,50.0,0,6.0,1.0,1,1.0,1.0,0.0,0.0,1.0,0.0,1.0,0.0,0.0,0,28.599999999999998,21.3,35.3,49.56666666666666,16.329166666666666,0.0,9.895833333333334,1005.2624999999999,316.62083333333334,27.4,3.1666666666666665,2024,5,9,3,130,0,0.49999999999999994,-0.8660254037844387,0.012165,0.00529194445,0.010132301588095237
House#42,2024-05-10,0.043588888883333336,2.615333333,2.615333333,Islamabad,Rented,6.0,6.0,0.0,5.0,1.0,0.0,8.0,8.0,2,Whole,2012.0,1 phase,10.0,Cemented,Cemented,Marble,Painted,Painted,7.0,10*11,1.0,6.0,2.0,Wooden,3.0,1,1.0,1,50.0,0,6.0,1.0,1,1.0,1.0,0.0,0.0,1.0,0.0,1.0,0.0,0.0,0,26.079166666666666,15.5,30.2,58.52458333333333,16.979166666666668,14.775,10.533333333333333,1008.1125000000001,282.6166666666667,24.3,2.75,2024,5,10,4,131,0,0.49999999999999994,-0.8660254037844387,0.03253055555,0.009244166666666666,0.014023531745238096
House#42,2024-05-11,0.012326666666666668,0.7396,0.7396,Islamabad,Rented,6.0,6.0,0.0,5.0,1.0,0.0,8.0,8.0,2,Whole,2012.0,1 phase,10.0,Cemented,Cemented,Marble,Painted,Painted,7.0,10*11,1.0,6.0,2.0,Wooden,3.0,1,1.0,1,50.0,0,6.0,1.0,1,1.0,1.0,0.0,0.0,1.0,0.0,1.0,0.0,0.0,0,26.695833333333336,20.7,32.7,54.33083333333334,16.083333333333332,0.4,7.75,1009.1166666666667,286.45,24.9,2.8333333333333335,2024,5,11,5,132,1,0.49999999999999994,-0.8660254037844387,0.043588888883333336,0.01335444445,0.018929920633333337
House#42,2024-05-12,0.03645333333333333,2.1872,2.1872,Islamabad,Rented,6.0,6.0,0.0,5.0,1.0,0.0,8.0,8.0,2,Whole,2012.0,1 phase,10.0,Cemented,Cemented,Marble,Painted,Painted,7.0,10*11,1.0,6.0,2.0,Wooden,3.0,1,1.0,1,50.0,0,6.0,1.0,1,1.0,1.0,0.0,0.0,1.0,0.0,1.0,0.0,0.0,0,23.504166666666666,11.5,28.5,60.62291666666667,15.116666666666667,4.441000000000001,10.137500000000001,1010.8083333333334,272.33750000000003,23.6,2.7083333333333335,2024,5,12,6,133,1,0.49999999999999994,-0.8660254037844387,0.012326666666666668,0.00951305555,0.018783095235714285
House#42,2024-05-13,0.008328611116666667,0.499716667,0.499716667,Islamabad,Rented,6.0,6.0,0.0,5.0,1.0,0.0,8.0,8.0,2,Whole,2012.0,1 phase,10.0,Cemented,Cemented,Marble,Painted,Painted,7.0,10*11,1.0,6.0,2.0,Wooden,3.0,1,1.0,1,50.0,0,6.0,1.0,1,1.0,1.0,0.0,0.0,1.0,0.0,1.0,0.0,0.0,0,24.308333333333334,11.0,31.8,51.34583333333333,12.783333333333333,0.0,8.299999999999999,1011.6666666666666,329.44166666666666,28.2,3.2916666666666665,2024,5,13,0,134,0,0.49999999999999994,-0.8660254037844387,0.03645333333333333,0.008767222216666667,0.022631706347619046
House#42,2024-05-14,0.013449444449999999,0.806966667,0.806966667,Islamabad,Rented,6.0,6.0,0.0,5.0,1.0,0.0,8.0,8.0,2,Whole,2012.0,1 phase,10.0,Cemented,Cemented,Marble,Painted,Painted,7.0,10*11,1.0,6.0,2.0,Wooden,3.0,1,1.0,1,50.0,0,6.0,1.0,1,1.0,1.0,0.0,0.0,1.0,0.0,1.0,0.0,0.0,0,26.8625,19.8,34.7,46.150416666666665,13.1625,0.0,6.508333333333333,1010.1125000000001,330.92083333333335,28.5,3.2916666666666665,2024,5,14,1,135,0,0.49999999999999994,-0.8660254037844387,0.008328611116666667,0.012590277783333333,0.022569047619047617
House#42,2024-05-15,0.01387944445,0.832766667,0.832766667,Islamabad,Rented,6.0,6.0,0.0,5.0,1.0,0.0,8.0,8.0,2,Whole,2012.0,1 phase,10.0,Cemented,Cemented,Marble,Painted,Painted,7.0,10*11,1.0,6.0,2.0,Wooden,3.0,1,1.0,1,50.0,0,6.0,1.0,1,1.0,1.0,0.0,0.0,1.0,0.0,1.0,0.0,0.0,0,28.866666666666664,20.7,36.4,44.71,14.5375,0.0,6.375,1008.7958333333332,320.41249999999997,27.6,3.2083333333333335,2024,5,15,2,136,0,0.49999999999999994,-0.8660254037844387,0.013449444449999999,0.012165,0.022691785714285713
House#42,2024-05-16,0.03759166666666667,2.2555,2.2555,Islamabad,Rented,6.0,6.0,0.0,5.0,1.0,0.0,8.0,8.0,2,Whole,2012.0,1 phase,10.0,Cemented,Cemented,Marble,Painted,Painted,7.0,10*11,1.0,6.0,2.0,Wooden,3.0,1,1.0,1,50.0,0,6.0,1.0,1,1.0,1.0,0.0,0.0,1.0,0.0,1.0,0.0,0.0,0,30.316666666666666,23.0,37.7,41.77916666666666,15.029166666666667,1.5,7.5874999999999995,1008.7041666666668,295.3041666666667,25.5,3.0,2024,5,16,3,137,0,0.49999999999999994,-0.8660254037844387,0.01387944445,0.03253055555,0.02293670635
House#42,2024-05-17,0.025536388883333334,1.532183333,1.532183333,Islamabad,Rented,6.0,6.0,0.0,5.0,1.0,0.0,8.0,8.0,2,Whole,2012.0,1 phase,10.0,Cemented,Cemented,Marble,Painted,Painted,7.0,10*11,1.0,6.0,2.0,Wooden,3.0,1,1.0,1,50.0,0,6.0,1.0,1,1.0,1.0,0.0,0.0,1.0,0.0,1.0,0.0,0.0,0,30.900000000000002,24.0,38.2,36.770833333333336,13.641666666666666,0.0,8.862499999999999,1006.225,315.1666666666667,27.2,3.2083333333333335,2024,5,17,4,138,0,0.49999999999999994,-0.8660254037844387,0.03759166666666667,0.043588888883333336,0.023659722223809524
House#42,2024-05-18,0.02550305555,1.530183333,1.530183333,Islamabad,Rented,6.0,6.0,0.0,5.0,1.0,0.0,8.0,8.0,2,Whole,2012.0,1 phase,10.0,Cemented,Cemented,Marble,Painted,Painted,7.0,10*11,1.0,6.0,2.0,Wooden,3.0,1,1.0,1,50.0,0,6.0,1.0,1,1.0,1.0,0.0,0.0,1.0,0.0,1.0,0.0,0.0,0,31.416666666666668,26.4,36.9,35.2725,13.75,0.0,10.816666666666668,1003.8458333333333,296.6041666666667,25.4,2.875,2024,5,18,5,139,1,0.49999999999999994,-0.8660254037844387,0.025536388883333334,0.012326666666666668,0.021080793652380952
House#42,2024-05-19,0.015671111116666667,0.940266667,0.940266667,Islamabad,Rented,6.0,6.0,0.0,5.0,1.0,0.0,8.0,8.0,2,Whole,2012.0,1 phase,10.0,Cemented,Cemented,Marble,Painted,Painted,7.0,10*11,1.0,6.0,2.0,Wooden,3.0,1,1.0,1,50.0,0,6.0,1.0,1,1.0,1.0,0.0,0.0,1.0,0.0,1.0,0.0,0.0,0,30.791666666666668,24.8,37.5,39.35208333333333,14.737499999999999,0.0,7.366666666666667,1001.7583333333333,303.00416666666666,26.0,3.0,2024,5,19,6,140,1,0.49999999999999994,-0.8660254037844387,0.02550305555,0.03645333333333333,0.02296313492142857
House#42,2024-05-20,0.025512777783333333,1.530766667,1.530766667,Islamabad,Rented,6.0,6.0,0.0,5.0,1.0,0.0,8.0,8.0,2,Whole,2012.0,1 phase,10.0,Cemented,Cemented,Marble,Painted,Painted,7.0,10*11,1.0,6.0,2.0,Wooden,3.0,1,1.0,1,50.0,0,6.0,1.0,1,1.0,1.0,0.0,0.0,1.0,0.0,1.0,0.0,0.0,0,31.766666666666666,25.2,39.1,35.355,13.170833333333334,0.0,7.729166666666667,1002.5541666666667,311.2083333333333,26.9,3.1666666666666665,2024,5,20,0,141,0,0.49999999999999994,-0.8660254037844387,0.015671111116666667,0.008328611116666667,0.019994246033333333
House#42,2024-05-21,0.025874166666666667,1.55245,1.55245,Islamabad,Rented,6.0,6.0,0.0,5.0,1.0,0.0,8.0,8.0,2,Whole,2012.0,1 phase,10.0,Cemented,Cemented,Marble,Painted,Painted,7.0,10*11,1.0,6.0,2.0,Wooden,3.0,1,1.0,1,50.0,0,6.0,1.0,1,1.0,1.0,0.0,0.0,1.0,0.0,1.0,0.0,0.0,0,31.520833333333332,17.4,38.4,33.915,12.558333333333332,0.0,9.225,1003.1,324.95,28.0,3.2916666666666665,2024,5,21,1,142,0,0.49999999999999994,-0.8660254037844387,0.025512777783333333,0.013449444449999999,0.022449126985714284
House#42,2024-05-22,0.02685555555,1.611333333,1.611333333,Islamabad,Rented,6.0,6.0,0.0,5.0,1.0,0.0,8.0,8.0,2,Whole,2012.0,1 phase,10.0,Cemented,Cemented,Marble,Painted,Painted,7.0,10*11,1.0,6.0,2.0,Wooden,3.0,1,1.0,1,50.0,0,6.0,1.0,1,1.0,1.0,0.0,0.0,1.0,0.0,1.0,0.0,0.0,0,32.233333333333334,17.4,40.1,31.770833333333332,12.0375,0.0,7.266666666666667,1002.4125,323.26666666666665,27.9,3.2083333333333335,2024,5,22,2,143,0,0.49999999999999994,-0.8660254037844387,0.025874166666666667,0.01387944445,0.024224087302380952
House#42,2024-05-23,0.025205555549999998,1.512333333,1.512333333,Islamabad,Rented,6.0,6.0,0.0,5.0,1.0,0.0,8.0,8.0,2,Whole,2012.0,1 phase,10.0,Cemented,Cemented,Marble,Painted,Painted,7.0,10*11,1.0,6.0,2.0,Wooden,3.0,1,1.0,1,50.0,0,6.0,1.0,1,1.0,1.0,0.0,0.0,1.0,0.0,1.0,0.0,0.0,0,32.49166666666667,24.4,39.6,32.43416666666666,13.166666666666666,0.0,9.141666666666667,1001.6333333333333,311.27916666666664,26.9,3.125,2024,5,23,3,144,0,0.49999999999999994,-0.8660254037844387,0.02685555555,0.03759166666666667,0.02607781745952381
House#42,2024-05-24,0.07917,4.7502,4.7502,Islamabad,Rented,6.0,6.0,0.0,5.0,1.0,0.0,8.0,8.0,2,Whole,2012.0,1 phase,10.0,Cemented,Cemented,Marble,Painted,Painted,7.0,10*11,1.0,6.0,2.0,Wooden,3.0,1,1.0,1,50.0,0,6.0,1.0,1,1.0,1.0,0.0,0.0,1.0,0.0,1.0,0.0,0.0,0,31.291666666666668,23.1,39.2,34.34458333333333,13.129166666666668,2.649,8.083333333333334,1002.4666666666667,297.3333333333333,25.7,3.0,2024,5,24,4,145,0,0.49999999999999994,-0.8660254037844387,0.025205555549999998,0.025536388883333334,0.024308373014285713
House#42,2024-05-25,0.03899805555,2.339883333,2.339883333,Islamabad,Rented,6.0,6.0,0.0,5.0,1.0,0.0,8.0,8.0,2,Whole,2012.0,1 phase,10.0,Cemented,Cemented,Marble,Painted,Painted,7.0,10*11,1.0,6.0,2.0,Wooden,3.0,1,1.0,1,50.0,0,6.0,1.0,1,1.0,1.0,0.0,0.0,1.0,0.0,1.0,0.0,0.0,0,31.5,25.3,37.6,32.604166666666664,12.258333333333333,0.141,12.612499999999999,1001.6541666666667,331.87083333333334,28.8,3.3333333333333335,2024,5,25,5,146,1,0.49999999999999994,-0.8660254037844387,0.07917,0.02550305555,0.03197031745952381
House#42,2024-05-26,0.04333861111666667,2.600316667,2.600316667,Islamabad,Rented,6.0,6.0,0.0,5.0,1.0,0.0,8.0,8.0,2,Whole,2012.0,1 phase,10.0,Cemented,Cemented,Marble,Painted,Painted,7.0,10*11,1.0,6.0,2.0,Wooden,3.0,1,1.0,1,50.0,0,6.0,1.0,1,1.0,1.0,0.0,0.0,1.0,0.0,1.0,0.0,0.0,0,32.550000000000004,22.6,39.9,29.348333333333333,10.987499999999999,0.0,11.174999999999999,998.9458333333333,338.15000000000003,29.1,3.375,2024,5,26,6,147,1,0.49999999999999994,-0.8660254037844387,0.03899805555,0.015671111116666667,0.033898174602380954
House#42,2024-05-27,0.021369722216666668,1.282183333,1.282183333,Islamabad,Rented,6.0,6.0,0.0,5.0,1.0,0.0,8.0,8.0,2,Whole,2012.0,1 phase,10.0,Cemented,Cemented,Marble,Painted,Painted,7.0,10*11,1.0,6.0,2.0,Wooden,3.0,1,1.0,1,50.0,0,6.0,1.0,1,1.0,1.0,0.0,0.0,1.0,0.0,1.0,0.0,0.0,0,32.52916666666667,20.7,40.8,25.804166666666664,8.533333333333333,0.0,10.695833333333333,996.1208333333334,341.42083333333335,29.599999999999998,3.4583333333333335,2024,5,27,0,148,0,0.49999999999999994,-0.8660254037844387,0.04333861111666667,0.025512777783333333,0.03785067460238095
House#42,2024-05-28,0.02023861111666667,1.214316667,1.214316667,Islamabad,Rented,6.0,6.0,0.0,5.0,1.0,0.0,8.0,8.0,2,Whole,2012.0,1 phase,10.0,Cemented,Cemented,Marble,Painted,Painted,7.0,10*11,1.0,6.0,2.0,Wooden,3.0,1,1.0,1,50.0,0,6.0,1.0,1,1.0,1.0,0.0,0.0,1.0,0.0,1.0,0.0,0.0,0,33.40833333333333,25.4,40.6,20.423750000000002,6.041666666666667,0.0,13.125,994.0749999999999,342.2166666666667,29.599999999999998,3.375,2024,5,28,1,149,0,0.49999999999999994,-0.8660254037844387,0.021369722216666668,0.025874166666666667,0.03725880952142857
House#42,2024-05-29,0.047575,2.8545,2.8545,Islamabad,Rented,6.0,6.0,0.0,5.0,1.0,0.0,8.0,8.0,2,Whole,2012.0,1 phase,10.0,Cemented,Cemented,Marble,Painted,Painted,7.0,10*11,1.0,6.0,2.0,Wooden,3.0,1,1.0,1,50.0,0,6.0,1.0,1,1.0,1.0,0.0,0.0,1.0,0.0,1.0,0.0,0.0,0,32.30833333333333,24.2,39.3,23.899583333333336,8.316666666666666,0.0,9.674999999999999,995.7083333333334,330.0,28.7,3.25,2024,5,29,2,150,0,0.49999999999999994,-0.8660254037844387,0.02023861111666667,0.02685555555,0.03645373015714286
House#42,2024-05-30,0.02299388888333333,1.379633333,1.379633333,Islamabad,Rented,6.0,6.0,0.0,5.0,1.0,0.0,8.0,8.0,2,Whole,2012.0,1 phase,10.0,Cemented,Cemented,Marble,Painted,Painted,7.0,10*11,1.0,6.0,2.0,Wooden,3.0,1,1.0,1,50.0,0,6.0,1.0,1,1.0,1.0,0.0,0.0,1.0,0.0,1.0,0.0,0.0,0,32.55416666666667,26.0,39.5,24.65833333333333,8.6,0.0,9.470833333333333,998.9666666666667,335.175,29.0,3.375,2024,5,30,3,151,0,0.49999999999999994,-0.8660254037844387,0.047575,0.025205555549999998,0.03941365079285714
House#42,2024-05-31,0.028661388883333336,1.719683333,1.719683333,Islamabad,Rented,6.0,6.0,0.0,5.0,1.0,0.0,8.0,8.0,2,Whole,2012.0,1 phase,10.0,Cemented,Cemented,Marble,Painted,Painted,7.0,10*11,1.0,6.0,2.0,Wooden,3.0,1,1.0,1,50.0,0,6.0,1.0,1,1.0,1.0,0.0,0.0,1.0,0.0,1.0,0.0,0.0,0,31.420833333333334,18.9,40.4,24.03333333333333,7.295833333333333,0.0,8.4625,1000.6208333333334,315.8958333333333,27.2,3.125,2024,5,31,4,152,0,0.49999999999999994,-0.8660254037844387,0.02299388888333333,0.07917,0.03909769841190476
House#42,2024-06-01,0.026299166666666665,1.57795,1.57795,Islamabad,Rented,6.0,6.0,0.0,5.0,1.0,0.0,8.0,8.0,2,Whole,2012.0,1 phase,10.0,Cemented,Cemented,Marble,Painted,Painted,7.0,10*11,1.0,6.0,2.0,Wooden,3.0,1,1.0,1,50.0,0,6.0,1.0,1,1.0,1.0,0.0,0.0,1.0,0.0,1.0,0.0,0.0,0,33.15833333333333,20.4,40.0,22.2375,7.404166666666666,0.07,12.133333333333333,1001.6416666666668,323.4916666666667,28.0,3.2916666666666665,2024,6,1,5,153,1,1.2246467991473532e-16,-1.0,0.028661388883333336,0.03899805555,0.03188218253809524
House#42,2024-06-02,0.04911916666666667,2.94715,2.94715,Islamabad,Rented,6.0,6.0,0.0,5.0,1.0,0.0,8.0,8.0,2,Whole,2012.0,1 phase,10.0,Cemented,Cemented,Marble,Painted,Painted,7.0,10*11,1.0,6.0,2.0,Wooden,3.0,1,1.0,1,50.0,0,6.0,1.0,1,1.0,1.0,0.0,0.0,1.0,0.0,1.0,0.0,0.0,0,32.88333333333333,25.7,40.2,24.870833333333334,9.450000000000001,0.0,9.375,1002.4125,317.67083333333335,27.5,3.2083333333333335,2024,6,2,6,154,1,1.2246467991473532e-16,-1.0,0.026299166666666665,0.04333861111666667,0.030068055554761906
House#42,2024-06-03,0.05824277778333333,3.494566667,3.494566667,Islamabad,Rented,6.0,6.0,0.0,5.0,1.0,0.0,8.0,8.0,2,Whole,2012.0,1 phase,10.0,Cemented,Cemented,Marble,Painted,Painted,7.0,10*11,1.0,6.0,2.0,Wooden,3.0,1,1.0,1,50.0,0,6.0,1.0,1,1.0,1.0,0.0,0.0,1.0,0.0,1.0,0.0,0.0,0,32.88333333333333,25.1,40.9,27.34375,10.658333333333333,0.3,10.9,1001.1,300.64166666666665,26.0,3.0416666666666665,2024,6,3,0,155,0,1.2246467991473532e-16,-1.0,0.04911916666666667,0.021369722216666668,0.030893849204761903
House#42,2024-06-04,0.05233972221666667,3.140383333,3.140383333,Islamabad,Rented,6.0,6.0,0.0,5.0,1.0,0.0,8.0,8.0,2,Whole,2012.0,1 phase,10.0,Cemented,Cemented,Marble,Painted,Painted,7.0,10*11,1.0,6.0,2.0,Wooden,3.0,1,1.0,1,50.0,0,6.0,1.0,1,1.0,1.0,0.0,0.0,1.0,0.0,1.0,0.0,0.0,0,31.041666666666668,23.0,39.0,33.196666666666665,11.9125,0.3,7.5625,1001.3625000000001,290.84166666666664,25.099999999999998,2.9583333333333335,2024,6,4,1,156,0,1.2246467991473532e-16,-1.0,0.05824277778333333,0.02023861111666667,0.03616142857142857
House#42,2024-06-05,0.037100555550000004,2.226033333,2.226033333,Islamabad,Rented,6.0,6.0,0.0,5.0,1.0,0.0,8.0,8.0,2,Whole,2012.0,1 phase,10.0,Cemented,Cemented,Marble,Painted,Painted,7.0,10*11,1.0,6.0,2.0,Wooden,3.0,1,1.0,1,50.0,0,6.0,1.0,1,1.0,1.0,0.0,0.0,1.0,0.0,1.0,0.0,0.0,0,28.816666666666666,21.3,34.1,40.575833333333335,13.495833333333332,5.55,17.741666666666667,1003.75,194.30416666666667,16.7,1.9583333333333333,2024,6,5,2,157,0,1.2246467991473532e-16,-1.0,0.05233972221666667,0.047575,0.04074730158571428
House#42,2024-06-06,0.011785277783333332,0.707116667,0.707116667,Islamabad,Rented,6.0,6.0,0.0,5.0,1.0,0.0,8.0,8.0,2,Whole,2012.0,1 phase,10.0,Cemented,Cemented,Marble,Painted,Painted,7.0,10*11,1.0,6.0,2.0,Wooden,3.0,1,1.0,1,50.0,0,6.0,1.0,1,1.0,1.0,0.0,0.0,1.0,0.0,1.0,0.0,0.0,0,26.40416666666667,16.4,32.9,48.65,13.950000000000001,6.880999999999999,8.325000000000001,1007.5875,308.0416666666667,26.599999999999998,3.0416666666666665,2024,6,6,3,158,0,1.2246467991473532e-16,-1.0,0.037100555550000004,0.02299388888333333,0.03925095237857144
House#42,2024-06-07,0.016098333333333333,0.9659,0.9659,Islamabad,Rented,6.0,6.0,0.0,5.0,1.0,0.0,8.0,8.0,2,Whole,2012.0,1 phase,10.0,Cemented,Cemented,Marble,Painted,Painted,7.0,10*11,1.0,6.0,2.0,Wooden,3.0,1,1.0,1,50.0,0,6.0,1.0,1,1.0,1.0,0.0,0.0,1.0,0.0,1.0,0.0,0.0,0,26.7625,21.4,32.3,45.774166666666666,13.270833333333334,0.0,8.891666666666667,1005.2833333333333,255.59583333333333,21.9,2.5416666666666665,2024,6,7,4,159,0,1.2246467991473532e-16,-1.0,0.011785277783333332,0.028661388883333336,0.03764972222142857
House#42,2024-06-08,0.012460833333333334,0.74765,0.74765,Islamabad,Rented,6.0,6.0,0.0,5.0,1.0,0.0,8.0,8.0,2,Whole,2012.0,1 phase,10.0,Cemented,Cemented,Marble,Painted,Painted,7.0,10*11,1.0,6.0,2.0,Wooden,3.0,1,1.0,1,50.0,0,6.0,1.0,1,1.0,1.0,0.0,0.0,1.0,0.0,1.0,0.0,0.0,0,28.708333333333332,23.2,34.7,37.462916666666665,11.887500000000001,0.101,10.066666666666666,1003.5124999999999,327.15,28.1,3.2916666666666665,2024,6,8,5,160,1,1.2246467991473532e-16,-1.0,0.016098333333333333,0.026299166666666665,0.035855000000000005
House#42,2024-06-09,0.04027833333333333,2.4167,2.4167,Islamabad,Rented,6.0,6.0,0.0,5.0,1.0,0.0,8.0,8.0,2,Whole,2012.0,1 phase,10.0,Cemented,Cemented,Marble,Painted,Painted,7.0,10*11,1.0,6.0,2.0,Wooden,3.0,1,1.0,1,50.0,0,6.0,1.0,1,1.0,1.0,0.0,0.0,1.0,0.0,1.0,0.0,0.0,0,29.791666666666668,22.1,37.0,33.28916666666667,10.604166666666666,0.0,10.258333333333333,1002.5291666666667,335.125,28.9,3.375,2024,6,9,6,161,1,1.2246467991473532e-16,-1.0,0.012460833333333334,0.04911916666666667,0.03387809523809524
House#42,2024-06-10,0.02863555555,1.718133333,1.718133333,Islamabad,Rented,6.0,6.0,0.0,5.0,1.0,0.0,8.0,8.0,2,Whole,2012.0,1 phase,10.0,Cemented,Cemented,Marble,Painted,Painted,7.0,10*11,1.0,6.0,2.0,Wooden,3.0,1,1.0,1,50.0,0,6.0,1.0,1,1.0,1.0,0.0,0.0,1.0,0.0,1.0,0.0,0.0,0,31.1875,21.8,38.7,28.53708333333333,9.679166666666665,0.441,9.25,1001.8000000000001,322.74583333333334,28.0,3.1666666666666665,2024,6,10,0,162,0,1.2246467991473532e-16,-1.0,0.04027833333333333,0.05824277778333333,0.03261511904761905
House#42,2024-06-11,0.04382444445,2.629466667,2.629466667,Islamabad,Rented,6.0,6.0,0.0,5.0,1.0,0.0,8.0,8.0,2,Whole,2012.0,1 phase,10.0,Cemented,Cemented,Marble,Painted,Painted,7.0,10*11,1.0,6.0,2.0,Wooden,3.0,1,1.0,1,50.0,0,6.0,1.0,1,1.0,1.0,0.0,0.0,1.0,0.0,1.0,0.0,0.0,0,32.112500000000004,23.5,39.7,29.856250000000003,10.554166666666667,0.0,8.904166666666667,1000.9333333333334,329.12916666666666,28.5,3.2916666666666665,2024,6,11,1,163,0,1.2246467991473532e-16,-1.0,0.02863555555,0.05233972221666667,0.02838551587142857
House#42,2024-06-12,0.015126111116666667,0.907566667,0.907566667,Islamabad,Rented,6.0,6.0,0.0,5.0,1.0,0.0,8.0,8.0,2,Whole,2012.0,1 phase,10.0,Cemented,Cemented,Marble,Painted,Painted,7.0,10*11,1.0,6.0,2.0,Wooden,3.0,1,1.0,1,50.0,0,6.0,1.0,1,1.0,1.0,0.0,0.0,1.0,0.0,1.0,0.0,0.0,0,33.833333333333336,24.8,40.8,27.250833333333333,10.870833333333332,0.0,9.295833333333333,1000.3666666666667,314.2375,27.2,3.125,2024,6,12,2,164,0,1.2246467991473532e-16,-1.0,0.04382444445,0.037100555550000004,0.02716904761904762
House#42,2024-06-13,0.00073805555,0.044283333,0.044283333,Islamabad,Rented,6.0,6.0,0.0,5.0,1.0,0.0,8.0,8.0,2,Whole,2012.0,1 phase,10.0,Cemented,Cemented,Marble,Painted,Painted,7.0,10*11,1.0,6.0,2.0,Wooden,3.0,1,1.0,1,50.0,0,6.0,1.0,1,1.0,1.0,0.0,0.0,1.0,0.0,1.0,0.0,0.0,0,34.045833333333334,26.6,40.6,27.37,11.779166666666667,0.035,9.4,999.1291666666666,309.5541666666667,26.9,3.0833333333333335,2024,6,13,3,165,0,1.2246467991473532e-16,-1.0,0.015126111116666667,0.011785277783333332,0.024029841271428574
House#42,2024-06-14,0.03350944445,2.010566667,2.010566667,Islamabad,Rented,6.0,6.0,0.0,5.0,1.0,0.0,8.0,8.0,2,Whole,2012.0,1 phase,10.0,Cemented,Cemented,Marble,Painted,Painted,7.0,10*11,1.0,6.0,2.0,Wooden,3.0,1,1.0,1,50.0,0,6.0,1.0,1,1.0,1.0,0.0,0.0,1.0,0.0,1.0,0.0,0.0,0,33.145833333333336,25.8,39.1,31.421666666666667,13.15,1.766,11.0375,999.3208333333333,311.21666666666664,26.9,3.125,2024,6,14,4,166,0,1.2246467991473532e-16,-1.0,0.00073805555,0.016098333333333333,0.02245166666666667
House#42,2024-06-15,0.011393611116666667,0.683616667,0.683616667,Islamabad,Rented,6.0,6.0,0.0,5.0,1.0,0.0,8.0,8.0,2,Whole,2012.0,1 phase,10.0,Cemented,Cemented,Marble,Painted,Painted,7.0,10*11,1.0,6.0,2.0,Wooden,3.0,1,1.0,1,50.0,0,6.0,1.0,1,1.0,1.0,0.0,0.0,1.0,0.0,1.0,0.0,0.0,0,34.208333333333336,26.4,40.5,29.82375,13.120833333333332,0.0,9.420833333333333,998.9791666666666,318.9916666666667,27.5,3.2083333333333335,2024,6,15,5,167,1,1.2246467991473532e-16,-1.0,0.03350944445,0.012460833333333334,0.024938968254761905
House#42,2024-06-16,0.031325277783333334,1.879516667,1.879516667,Islamabad,Rented,6.0,6.0,0.0,5.0,1.0,0.0,8.0,8.0,2,Whole,2012.0,1 phase,10.0,Cemented,Cemented,Marble,Painted,Painted,7.0,10*11,1.0,6.0,2.0,Wooden,3.0,1,1.0,1,50.0,0,6.0,1.0,1,1.0,1.0,0.0,0.0,1.0,0.0,1.0,0.0,0.0,0,34.737500000000004,26.6,41.9,28.37875,12.645833333333334,0.0,8.854166666666666,998.8416666666667,320.7,27.9,3.2083333333333335,2024,6,16,6,168,1,1.2246467991473532e-16,-1.0,0.011393611116666667,0.04027833333333333,0.024786507938095236
House#42,2024-06-17,0.04277055555,2.566233333,2.566233333,Islamabad,Rented,6.0,6.0,0.0,5.0,1.0,0.0,8.0,8.0,2,Whole,2012.0,1 phase,10.0,Cemented,Cemented,Marble,Painted,Painted,7.0,10*11,1.0,6.0,2.0,Wooden,3.0,1,1.0,1,50.0,0,6.0,1.0,1,1.0,1.0,0.0,0.0,1.0,0.0,1.0,0.0,0.0,0,35.083333333333336,24.9,42.3,28.909166666666668,13.450000000000001,0.1,9.045833333333333,998.6416666666668,306.8583333333333,26.5,3.0833333333333335,2024,6,17,0,169,0,1.2246467991473532e-16,-1.0,0.031325277783333334,0.02863555555,0.02350750000238095
House#42,2024-06-18,0.04466722221666666,2.680033333,2.680033333,Islamabad,Rented,6.0,6.0,0.0,5.0,1.0,0.0,8.0,8.0,2,Whole,2012.0,1 phase,10.0,Cemented,Cemented,Marble,Painted,Painted,7.0,10*11,1.0,6.0,2.0,Wooden,3.0,1,1.0,1,50.0,0,6.0,1.0,1,1.0,1.0,0.0,0.0,1.0,0.0,1.0,0.0,0.0,0,33.487500000000004,25.7,40.6,33.500416666666666,14.125,8.774999999999999,12.279166666666667,997.2333333333332,268.7,23.3,2.6666666666666665,2024,6,18,1,170,0,1.2246467991473532e-16,-1.0,0.04277055555,0.04382444445,0.025526785716666667
House#42,2024-06-19,0.04032194445,2.419316667,2.419316667,Islamabad,Rented,6.0,6.0,0.0,5.0,1.0,0.0,8.0,8.0,2,Whole,2012.0,1 phase,10.0,Cemented,Cemented,Marble,Painted,Painted,7.0,10*11,1.0,6.0,2.0,Wooden,3.0,1,1.0,1,50.0,0,6.0,1.0,1,1.0,1.0,0.0,0.0,1.0,0.0,1.0,0.0,0.0,0,33.61666666666667,26.3,40.3,31.70583333333333,13.608333333333334,0.0,9.4,994.1458333333334,322.9875,28.0,3.2083333333333335,2024,6,19,2,171,0,1.2246467991473532e-16,-1.0,0.04466722221666666,0.015126111116666667,0.02564718254047619
House#42,2024-06-20,0.027216666666666667,1.633,1.633,Islamabad,Rented,6.0,6.0,0.0,5.0,1.0,0.0,8.0,8.0,2,Whole,2012.0,1 phase,10.0,Cemented,Cemented,Marble,Painted,Painted,7.0,10*11,1.0,6.0,2.0,Wooden,3.0,1,1.0,1,50.0,0,6.0,1.0,1,1.0,1.0,0.0,0.0,1.0,0.0,1.0,0.0,0.0,0,29.97083333333333,19.3,38.4,40.3525,14.262500000000001,0.363,12.5375,997.1166666666667,281.8041666666667,24.4,2.8333333333333335,2024,6,20,3,172,0,1.2246467991473532e-16,-1.0,0.04032194445,0.00073805555,0.02924658730238095
House#42,2024-06-21,0.011880277783333334,0.712816667,0.712816667,Islamabad,Rented,6.0,6.0,0.0,5.0,1.0,0.0,8.0,8.0,2,Whole,2012.0,1 phase,10.0,Cemented,Cemented,Marble,Painted,Painted,7.0,10*11,1.0,6.0,2.0,Wooden,3.0,1,1.0,1,50.0,0,6.0,1.0,1,1.0,1.0,0.0,0.0,1.0,0.0,1.0,0.0,0.0,0,28.554166666666664,24.2,33.4,51.99208333333333,17.254166666666666,3.6470000000000002,9.529166666666667,1000.6958333333333,281.75,24.0,2.8333333333333335,2024,6,21,4,173,0,1.2246467991473532e-16,-1.0,0.027216666666666667,0.03350944445,0.033029246033333334
House#42,2024-06-22,0.05854222221666667,3.512533333,3.512533333,Islamabad,Rented,6.0,6.0,0.0,5.0,1.0,0.0,8.0,8.0,2,Whole,2012.0,1 phase,10.0,Cemented,Cemented,Marble,Painted,Painted,7.0,10*11,1.0,6.0,2.0,Wooden,3.0,1,1.0,1,50.0,0,6.0,1.0,1,1.0,1.0,0.0,0.0,1.0,0.0,1.0,0.0,0.0,0,30.90416666666667,24.4,36.9,42.61875,15.5875,1.794,8.275,999.8458333333333,306.43333333333334,26.5,3.0416666666666665,2024,6,22,5,174,1,1.2246467991473532e-16,-1.0,0.011880277783333334,0.011393611116666667,0.029939365080952383
House#42,2024-06-23,0.03671472221666667,2.202883333,2.202883333,Islamabad,Rented,6.0,6.0,0.0,5.0,1.0,0.0,8.0,8.0,2,Whole,2012.0,1 phase,10.0,Cemented,Cemented,Marble,Painted,Painted,7.0,10*11,1.0,6.0,2.0,Wooden,3.0,1,1.0,1,50.0,0,6.0,1.0,1,1.0,1.0,0.0,0.0,1.0,0.0,1.0,0.0,0.0,0,31.9375,26.5,38.1,39.038333333333334,15.666666666666666,0.35800000000000004,8.258333333333333,1000.3833333333333,318.49583333333334,27.5,3.1666666666666665,2024,6,23,6,175,1,1.2246467991473532e-16,-1.0,0.05854222221666667,0.031325277783333334,0.03667488095238095
House#42,2024-06-24,0.06121194445,3.672716667,3.672716667,Islamabad,Rented,6.0,6.0,0.0,5.0,1.0,0.0,8.0,8.0,2,Whole,2012.0,1 phase,10.0,Cemented,Cemented,Marble,Painted,Painted,7.0,10*11,1.0,6.0,2.0,Wooden,3.0,1,1.0,1,50.0,0,6.0,1.0,1,1.0,1.0,0.0,0.0,1.0,0.0,1.0,0.0,0.0,0,33.34583333333333,25.7,39.7,35.7425,15.241666666666667,0.0,7.895833333333333,998.375,314.96666666666664,27.3,3.0833333333333335,2024,6,24,0,176,0,1.2246467991473532e-16,-1.0,0.03671472221666667,0.04277055555,0.03744480158571429
House#42,2024-06-25,0.04826833333333334,2.8961,2.8961,Islamabad,Rented,6.0,6.0,0.0,5.0,1.0,0.0,8.0,8.0,2,Whole,2012.0,1 phase,10.0,Cemented,Cemented,Marble,Painted,Painted,7.0,10*11,1.0,6.0,2.0,Wooden,3.0,1,1.0,1,50.0,0,6.0,1.0,1,1.0,1.0,0.0,0.0,1.0,0.0,1.0,0.0,0.0,0,33.6,25.0,40.0,34.233333333333334,15.166666666666666,0.0,7.575,997.1791666666667,316.6666666666667,27.3,3.1666666666666665,2024,6,25,1,177,0,1.2246467991473532e-16,-1.0,0.06121194445,0.04466722221666666,0.04007928571428571
House#42,2024-06-26,0.045416111116666665,2.724966667,2.724966667,Islamabad,Rented,6.0,6.0,0.0,5.0,1.0,0.0,8.0,8.0,2,Whole,2012.0,1 phase,10.0,Cemented,Cemented,Marble,Painted,Painted,7.0,10*11,1.0,6.0,2.0,Wooden,3.0,1,1.0,1,50.0,0,6.0,1.0,1,1.0,1.0,0.0,0.0,1.0,0.0,1.0,0.0,0.0,0,35.15833333333333,28.9,40.9,31.556250000000002,15.395833333333334,0.0,8.924999999999999,996.6875,303.7,26.2,3.0416666666666665,2024,6,26,2,178,0,1.2246467991473532e-16,-1.0,0.04826833333333334,0.04032194445,0.04059373015952381
House#42,2024-06-27,0.013569722216666667,0.814183333,0.814183333,Islamabad,Rented,6.0,6.0,0.0,5.0,1.0,0.0,8.0,8.0,2,Whole,2012.0,1 phase,10.0,Cemented,Cemented,Marble,Painted,Painted,7.0,10*11,1.0,6.0,2.0,Wooden,3.0,1,1.0,1,50.0,0,6.0,1.0,1,1.0,1.0,0.0,0.0,1.0,0.0,1.0,0.0,0.0,0,32.05,24.9,38.6,49.2775,19.6875,0.45599999999999996,15.066666666666668,1000.4541666666668,293.1166666666667,25.2,2.9166666666666665,2024,6,27,3,179,0,1.2246467991473532e-16,-1.0,0.045416111116666665,0.027216666666666667,0.041321468254761906
House#42,2024-06-28,0.012943888883333334,0.776633333,0.776633333,Islamabad,Rented,6.0,6.0,0.0,5.0,1.0,0.0,8.0,8.0,2,Whole,2012.0,1 phase,10.0,Cemented,Cemented,Marble,Painted,Painted,7.0,10*11,1.0,6.0,2.0,Wooden,3.0,1,1.0,1,50.0,0,6.0,1.0,1,1.0,1.0,0.0,0.0,1.0,0.0,1.0,0.0,0.0,0,32.199999999999996,25.3,37.2,53.699999999999996,21.349999999999998,0.7929999999999999,8.929166666666667,999.7166666666667,267.39166666666665,22.9,2.625,2024,6,28,4,180,0,1.2246467991473532e-16,-1.0,0.013569722216666667,0.011880277783333334,0.03937190476190476
House#42,2024-06-29,0.012224166666666668,0.73345,0.73345,Islamabad,Rented,6.0,6.0,0.0,5.0,1.0,0.0,8.0,8.0,2,Whole,2012.0,1 phase,10.0,Cemented,Cemented,Marble,Painted,Painted,7.0,10*11,1.0,6.0,2.0,Wooden,3.0,1,1.0,1,50.0,0,6.0,1.0,1,1.0,1.0,0.0,0.0,1.0,0.0,1.0,0.0,0.0,0,31.458333333333332,22.8,36.2,57.73875,21.854166666666668,4.63,9.5875,997.8541666666666,262.97083333333336,22.6,2.5416666666666665,2024,6,29,5,181,1,1.2246467991473532e-16,-1.0,0.012943888883333334,0.05854222221666667,0.03952384920476191
House#42,2024-06-30,0.01292,0.7752,0.7752,Islamabad,Rented,6.0,6.0,0.0,5.0,1.0,0.0,8.0,8.0,2,Whole,2012.0,1 phase,10.0,Cemented,Cemented,Marble,Painted,Painted,7.0,10*11,1.0,6.0,2.0,Wooden,3.0,1,1.0,1,50.0,0,6.0,1.0,1,1.0,1.0,0.0,0.0,1.0,0.0,1.0,0.0,0.0,0,32.25833333333333,27.7,37.2,57.97625,22.662499999999998,1.6629999999999998,9.220833333333333,996.6708333333332,268.72083333333336,23.2,2.75,2024,6,30,6,182,1,1.2246467991473532e-16,-1.0,0.012224166666666668,0.03671472221666667,0.032906984126190475
House#42,2024-07-01,0.04181388888333334,2.508833333,2.508833333,Islamabad,Rented,6.0,6.0,0.0,5.0,1.0,0.0,8.0,8.0,2,Whole,2012.0,1 phase,10.0,Cemented,Cemented,Marble,Painted,Painted,7.0,10*11,1.0,6.0,2.0,Wooden,3.0,1,1.0,1,50.0,0,6.0,1.0,1,1.0,1.0,0.0,0.0,1.0,0.0,1.0,0.0,0.0,0,32.46666666666667,27.2,38.4,61.03458333333333,23.72083333333333,1.8130000000000002,11.341666666666667,994.35,239.23749999999998,20.599999999999998,2.4166666666666665,2024,7,1,0,183,0,-0.4999999999999997,-0.8660254037844388,0.01292,0.06121194445,0.029507738095238097
House#42,2024-07-02,0.08181638888333334,4.908983333,4.908983333,Islamabad,Rented,6.0,6.0,0.0,5.0,1.0,0.0,8.0,8.0,2,Whole,2012.0,1 phase,10.0,Cemented,Cemented,Marble,Painted,Painted,7.0,10*11,1.0,6.0,2.0,Wooden,3.0,1,1.0,1,50.0,0,6.0,1.0,1,1.0,1.0,0.0,0.0,1.0,0.0,1.0,0.0,0.0,0,32.02916666666667,26.0,38.4,59.55625,22.8,0.932,7.908333333333334,992.8041666666667,246.48333333333332,21.3,2.4583333333333335,2024,7,2,1,184,0,-0.4999999999999997,-0.8660254037844388,0.04181388888333334,0.04826833333333334,0.026736587300000003
House#42,2024-07-03,0.051651666666666665,3.0991,3.0991,Islamabad,Rented,6.0,6.0,0.0,5.0,1.0,0.0,8.0,8.0,2,Whole,2012.0,1 phase,10.0,Cemented,Cemented,Marble,Painted,Painted,7.0,10*11,1.0,6.0,2.0,Wooden,3.0,1,1.0,1,50.0,0,6.0,1.0,1,1.0,1.0,0.0,0.0,1.0,0.0,1.0,0.0,0.0,0,33.88333333333333,28.2,40.5,55.58708333333333,23.425,0.4,10.133333333333333,994.1750000000001,275.7041666666667,23.7,2.6666666666666665,2024,7,3,2,185,0,-0.4999999999999997,-0.8660254037844388,0.08181638888333334,0.045416111116666665,0.031529166664285714
House#42,2024-07-04,0.04132111111666667,2.479266667,2.479266667,Islamabad,Rented,6.0,6.0,0.0,5.0,1.0,0.0,8.0,8.0,2,Whole,2012.0,1 phase,10.0,Cemented,Cemented,Marble,Painted,Painted,7.0,10*11,1.0,6.0,2.0,Wooden,3.0,1,1.0,1,50.0,0,6.0,1.0,1,1.0,1.0,0.0,0.0,1.0,0.0,1.0,0.0,0.0,0,29.4875,23.8,33.6,73.59166666666667,24.129166666666666,38.935,13.470833333333333,999.5166666666668,208.61666666666667,18.1,2.1666666666666665,2024,7,4,3,186,0,-0.4999999999999997,-0.8660254037844388,0.051651666666666665,0.013569722216666667,0.03241996031428572
House#42,2024-07-05,0.07594583333333334,4.55675,4.55675,Islamabad,Rented,6.0,6.0,0.0,5.0,1.0,0.0,8.0,8.0,2,Whole,2012.0,1 phase,10.0,Cemented,Cemented,Marble,Painted,Painted,7.0,10*11,1.0,6.0,2.0,Wooden,3.0,1,1.0,1,50.0,0,6.0,1.0,1,1.0,1.0,0.0,0.0,1.0,0.0,1.0,0.0,0.0,0,29.0,21.8,33.3,73.45708333333333,23.6375,1.752,13.220833333333333,996.65,161.33333333333334,14.1,1.5416666666666667,2024,7,5,4,187,0,-0.4999999999999997,-0.8660254037844388,0.04132111111666667,0.012943888883333334,0.03638444444285715
House#42,2024-07-06,0.01400055555,0.840033333,0.840033333,Islamabad,Rented,6.0,6.0,0.0,5.0,1.0,0.0,8.0,8.0,2,Whole,2012.0,1 phase,10.0,Cemented,Cemented,Marble,Painted,Painted,7.0,10*11,1.0,6.0,2.0,Wooden,3.0,1,1.0,1,50.0,0,6.0,1.0,1,1.0,1.0,0.0,0.0,1.0,0.0,1.0,0.0,0.0,0,26.65416666666667,17.9,30.7,74.04208333333334,21.458333333333332,40.942,9.695833333333333,995.6708333333332,252.9375,21.8,2.625,2024,7,6,5,188,1,-0.4999999999999997,-0.8660254037844388,0.07594583333333334,0.012224166666666668,0.04538472222142858
House#42,2024-07-07,0.03013944445,1.808366667,1.808366667,Islamabad,Rented,6.0,6.0,0.0,5.0,1.0,0.0,8.0,8.0,2,Whole,2012.0,1 phase,10.0,Cemented,Cemented,Marble,Painted,Painted,7.0,10*11,1.0,6.0,2.0,Wooden,3.0,1,1.0,1,50.0,0,6.0,1.0,1,1.0,1.0,0.0,0.0,1.0,0.0,1.0,0.0,0.0,0,27.804166666666664,23.9,32.4,68.99666666666667,21.34583333333333,2.953,9.5,999.9291666666667,280.0541666666667,24.3,2.7916666666666665,2024,7,7,6,189,1,-0.4999999999999997,-0.8660254037844388,0.01400055555,0.01292,0.04563849206190477
House#42,2024-07-08,0.022897777783333333,1.373866667,1.373866667,Islamabad,Rented,6.0,6.0,0.0,5.0,1.0,0.0,8.0,8.0,2,Whole,2012.0,1 phase,10.0,Cemented,Cemented,Marble,Painted,Painted,7.0,10*11,1.0,6.0,2.0,Wooden,3.0,1,1.0,1,50.0,0,6.0,1.0,1,1.0,1.0,0.0,0.0,1.0,0.0,1.0,0.0,0.0,0,30.683333333333334,24.6,36.4,59.95541666666667,21.458333333333332,0.0,6.520833333333333,1001.8208333333333,306.69166666666666,26.3,3.0416666666666665,2024,7,8,0,190,0,-0.4999999999999997,-0.8660254037844388,0.03013944445,0.04181388888333334,0.04809841269761905
House#42,2024-07-09,0.06644944444999999,3.986966667,3.986966667,Islamabad,Rented,6.0,6.0,0.0,5.0,1.0,0.0,8.0,8.0,2,Whole,2012.0,1 phase,10.0,Cemented,Cemented,Marble,Painted,Painted,7.0,10*11,1.0,6.0,2.0,Wooden,3.0,1,1.0,1,50.0,0,6.0,1.0,1,1.0,1.0,0.0,0.0,1.0,0.0,1.0,0.0,0.0,0,31.241666666666664,25.0,36.4,61.54291666666666,22.71666666666667,2.7,10.137500000000001,1002.5375,288.0083333333333,24.900000000000002,2.7916666666666665,2024,7,9,1,191,0,-0.4999999999999997,-0.8660254037844388,0.022897777783333333,0.08181638888333334,0.045396111111904766
House#42,2024-07-10,0.08066444445,4.839866667,4.839866667,Islamabad,Rented,6.0,6.0,0.0,5.0,1.0,0.0,8.0,8.0,2,Whole,2012.0,1 phase,10.0,Cemented,Cemented,Marble,Painted,Painted,7.0,10*11,1.0,6.0,2.0,Wooden,3.0,1,1.0,1,50.0,0,6.0,1.0,1,1.0,1.0,0.0,0.0,1.0,0.0,1.0,0.0,0.0,0,29.066666666666666,23.3,31.8,70.425,23.020833333333332,17.761,8.833333333333334,1003.0124999999999,254.54999999999998,22.0,2.5,2024,7,10,2,192,0,-0.4999999999999997,-0.8660254037844388,0.06644944444999999,0.051651666666666665,0.043200833335714284
House#42,2024-07-11,0.04729944445,2.837966667,2.837966667,Islamabad,Rented,6.0,6.0,0.0,5.0,1.0,0.0,8.0,8.0,2,Whole,2012.0,1 phase,10.0,Cemented,Cemented,Marble,Painted,Painted,7.0,10*11,1.0,6.0,2.0,Wooden,3.0,1,1.0,1,50.0,0,6.0,1.0,1,1.0,1.0,0.0,0.0,1.0,0.0,1.0,0.0,0.0,0,30.3875,25.4,35.2,66.05083333333333,22.90833333333333,0.366,6.620833333333334,998.5291666666667,276.0,23.8,2.75,2024,7,11,3,193,0,-0.4999999999999997,-0.8660254037844388,0.08066444445,0.04132111111666667,0.04734551587619048
House#42,2024-07-12,0.037684999999999996,2.2611,2.2611,Islamabad,Rented,6.0,6.0,0.0,5.0,1.0,0.0,8.0,8.0,2,Whole,2012.0,1 phase,10.0,Cemented,Cemented,Marble,Painted,Painted,7.0,10*11,1.0,6.0,2.0,Wooden,3.0,1,1.0,1,50.0,0,6.0,1.0,1,1.0,1.0,0.0,0.0,1.0,0.0,1.0,0.0,0.0,0,29.0125,26.1,33.4,65.29375,21.662499999999998,27.494,10.379166666666666,996.1333333333333,236.0,20.3,2.375,2024,7,12,4,194,0,-0.4999999999999997,-0.8660254037844388,0.04729944445,0.07594583333333334,0.04819956349523809
House#42,2024-07-13,0.022005833333333332,1.32035,1.32035,Islamabad,Rented,6.0,6.0,0.0,5.0,1.0,0.0,8.0,8.0,2,Whole,2012.0,1 phase,10.0,Cemented,Cemented,Marble,Painted,Painted,7.0,10*11,1.0,6.0,2.0,Wooden,3.0,1,1.0,1,50.0,0,6.0,1.0,1,1.0,1.0,0.0,0.0,1.0,0.0,1.0,0.0,0.0,0,28.920833333333334,21.5,34.9,63.437083333333334,20.712500000000002,0.5,4.279166666666667,998.3000000000001,295.9458333333333,25.5,2.9166666666666665,2024,7,13,5,195,1,-0.4999999999999997,-0.8660254037844388,0.037684999999999996,0.01400055555,0.04273373016190476
House#42,2024-07-14,0.07109222221666665,4.265533333,4.265533333,Islamabad,Rented,6.0,6.0,0.0,5.0,1.0,0.0,8.0,8.0,2,Whole,2012.0,1 phase,10.0,Cemented,Cemented,Marble,Painted,Painted,7.0,10*11,1.0,6.0,2.0,Wooden,3.0,1,1.0,1,50.0,0,6.0,1.0,1,1.0,1.0,0.0,0.0,1.0,0.0,1.0,0.0,0.0,0,29.983333333333334,21.1,36.3,57.81041666666667,20.224999999999998,0.1,5.8999999999999995,997.7833333333333,252.97916666666666,21.9,2.5833333333333335,2024,7,14,6,196,1,-0.4999999999999997,-0.8660254037844388,0.022005833333333332,0.03013944445,0.043877341273809524
House#42,2024-07-15,0.03868666666666667,2.3212,2.3212,Islamabad,Rented,6.0,6.0,0.0,5.0,1.0,0.0,8.0,8.0,2,Whole,2012.0,1 phase,10.0,Cemented,Cemented,Marble,Painted,Painted,7.0,10*11,1.0,6.0,2.0,Wooden,3.0,1,1.0,1,50.0,0,6.0,1.0,1,1.0,1.0,0.0,0.0,1.0,0.0,1.0,0.0,0.0,0,31.6125,24.4,37.5,48.27666666666667,18.537499999999998,0.0,6.245833333333334,1000.5416666666666,309.45,26.7,3.0416666666666665,2024,7,15,0,197,0,-0.4999999999999997,-0.8660254037844388,0.07109222221666665,0.022897777783333333,0.04972773809761904
House#42,2024-07-16,0.049277499999999995,2.95665,2.95665,Islamabad,Rented,6.0,6.0,0.0,5.0,1.0,0.0,8.0,8.0,2,Whole,2012.0,1 phase,10.0,Cemented,Cemented,Marble,Painted,Painted,7.0,10*11,1.0,6.0,2.0,Wooden,3.0,1,1.0,1,50.0,0,6.0,1.0,1,1.0,1.0,0.0,0.0,1.0,0.0,1.0,0.0,0.0,0,32.8125,27.5,38.7,47.01708333333334,19.445833333333333,0.0,8.1625,1001.025,283.2333333333333,24.599999999999998,2.8333333333333335,2024,7,16,1,198,0,-0.4999999999999997,-0.8660254037844388,0.03868666666666667,0.06644944444999999,0.051983293652380955
House#42,2024-07-17,0.028145,1.6887,1.6887,Islamabad,Rented,6.0,6.0,0.0,5.0,1.0,0.0,8.0,8.0,2,Whole,2012.0,1 phase,10.0,Cemented,Cemented,Marble,Painted,Painted,7.0,10*11,1.0,6.0,2.0,Wooden,3.0,1,1.0,1,50.0,0,6.0,1.0,1,1.0,1.0,0.0,0.0,1.0,0.0,1.0,0.0,0.0,0,33.112500000000004,27.6,38.8,48.48291666666666,20.554166666666667,0.015,9.583333333333334,999.9708333333333,262.5083333333333,22.6,2.5833333333333335,2024,7,17,2,199,0,-0.4999999999999997,-0.8660254037844388,0.049277499999999995,0.08066444445,0.04953015873095238
House#42,2024-07-18,0.02566972221666667,1.540183333,1.540183333,Islamabad,Rented,6.0,6.0,0.0,5.0,1.0,0.0,8.0,8.0,2,Whole,2012.0,1 phase,10.0,Cemented,Cemented,Marble,Painted,Painted,7.0,10*11,1.0,6.0,2.0,Wooden,3.0,1,1.0,1,50.0,0,6.0,1.0,1,1.0,1.0,0.0,0.0,1.0,0.0,1.0,0.0,0.0,0,29.879166666666666,25.5,34.4,64.68625,22.241666666666664,18.542,8.695833333333333,999.4916666666667,278.28749999999997,24.1,2.8333333333333335,2024,7,18,3,200,0,-0.4999999999999997,-0.8660254037844388,0.028145,0.04729944445,0.042027380952380955
House#42,2024-07-19,0.04625777778333333,2.775466667,2.775466667,Islamabad,Rented,6.0,6.0,0.0,5.0,1.0,0.0,8.0,8.0,2,Whole,2012.0,1 phase,10.0,Cemented,Cemented,Marble,Painted,Painted,7.0,10*11,1.0,6.0,2.0,Wooden,3.0,1,1.0,1,50.0,0,6.0,1.0,1,1.0,1.0,0.0,0.0,1.0,0.0,1.0,0.0,0.0,0,30.933333333333334,26.5,34.8,61.71,22.4375,0.016,9.304166666666667,997.8541666666666,268.9916666666667,23.3,2.75,2024,7,19,4,201,0,-0.4999999999999997,-0.8660254037844388,0.02566972221666667,0.037684999999999996,0.03893742063333333
House#42,2024-07-20,0.04476416666666667,2.68585,2.68585,Islamabad,Rented,6.0,6.0,0.0,5.0,1.0,0.0,8.0,8.0,2,Whole,2012.0,1 phase,10.0,Cemented,Cemented,Marble,Painted,Painted,7.0,10*11,1.0,6.0,2.0,Wooden,3.0,1,1.0,1,50.0,0,6.0,1.0,1,1.0,1.0,0.0,0.0,1.0,0.0,1.0,0.0,0.0,0,32.0625,23.1,38.4,60.025,22.879166666666666,0.1,6.6499999999999995,998.4875000000001,290.59583333333336,25.0,2.875,2024,7,20,5,202,1,-0.4999999999999997,-0.8660254037844388,0.04625777778333333,0.022005833333333332,0.04016210317380952
House#42,2024-07-21,0.08068111111666668,4.840866667,4.840866667,Islamabad,Rented,6.0,6.0,0.0,5.0,1.0,0.0,8.0,8.0,2,Whole,2012.0,1 phase,10.0,Cemented,Cemented,Marble,Painted,Painted,7.0,10*11,1.0,6.0,2.0,Wooden,3.0,1,1.0,1,50.0,0,6.0,1.0,1,1.0,1.0,0.0,0.0,1.0,0.0,1.0,0.0,0.0,0,32.49583333333333,24.4,38.9,57.48083333333333,22.495833333333334,0.2,7.9750000000000005,997.8708333333334,272.925,23.6,2.75,2024,7,21,6,203,1,-0.4999999999999997,-0.8660254037844388,0.04476416666666667,0.07109222221666665,0.04341329365
House#42,2024-07-22,0.04418138888333333,2.650883333,2.650883333,Islamabad,Rented,6.0,6.0,0.0,5.0,1.0,0.0,8.0,8.0,2,Whole,2012.0,1 phase,10.0,Cemented,Cemented,Marble,Painted,Painted,7.0,10*11,1.0,6.0,2.0,Wooden,3.0,1,1.0,1,50.0,0,6.0,1.0,1,1.0,1.0,0.0,0.0,1.0,0.0,1.0,0.0,0.0,0,31.979166666666668,25.4,37.4,61.80791666666667,23.425,15.221,10.104166666666666,998.0958333333333,286.09999999999997,24.8,2.875,2024,7,22,0,204,0,-0.4999999999999997,-0.8660254037844388,0.08068111111666668,0.03868666666666667,0.04478313492142857
House#42,2024-07-23,0.075105,4.5063,4.5063,Islamabad,Rented,6.0,6.0,0.0,5.0,1.0,0.0,8.0,8.0,2,Whole,2012.0,1 phase,10.0,Cemented,Cemented,Marble,Painted,Painted,7.0,10*11,1.0,6.0,2.0,Wooden,3.0,1,1.0,1,50.0,0,6.0,1.0,1,1.0,1.0,0.0,0.0,1.0,0.0,1.0,0.0,0.0,0,28.858333333333334,23.3,33.2,71.34375,23.070833333333336,14.769,9.583333333333334,998.1958333333333,151.03333333333333,13.0,1.4583333333333333,2024,7,23,1,205,0,-0.4999999999999997,-0.8660254037844388,0.04418138888333333,0.049277499999999995,0.04556809523809524
House#42,2024-07-24,0.014987222216666667,0.899233333,0.899233333,Islamabad,Rented,6.0,6.0,0.0,5.0,1.0,0.0,8.0,8.0,2,Whole,2012.0,1 phase,10.0,Cemented,Cemented,Marble,Painted,Painted,7.0,10*11,1.0,6.0,2.0,Wooden,3.0,1,1.0,1,50.0,0,6.0,1.0,1,1.0,1.0,0.0,0.0,1.0,0.0,1.0,0.0,0.0,0,30.204166666666666,24.4,35.6,68.495,23.46666666666667,22.957,4.816666666666666,994.4333333333334,264.8125,22.8,2.7083333333333335,2024,7,24,2,206,0,-0.4999999999999997,-0.8660254037844388,0.075105,0.028145,0.0492577380952381
House#42,2024-07-25,0.06485500000000001,3.8913,3.8913,Islamabad,Rented,6.0,6.0,0.0,5.0,1.0,0.0,8.0,8.0,2,Whole,2012.0,1 phase,10.0,Cemented,Cemented,Marble,Painted,Painted,7.0,10*11,1.0,6.0,2.0,Wooden,3.0,1,1.0,1,50.0,0,6.0,1.0,1,1.0,1.0,0.0,0.0,1.0,0.0,1.0,0.0,0.0,0,32.020833333333336,26.1,38.1,62.03916666666667,23.445833333333336,0.318,10.479166666666666,993.0625,283.5083333333333,24.5,2.8333333333333335,2024,7,25,3,207,0,-0.4999999999999997,-0.8660254037844388,0.014987222216666667,0.02566972221666667,0.04737805555476191
House#42,2024-07-26,0.039188888883333335,2.351333333,2.351333333,Islamabad,Rented,6.0,6.0,0.0,5.0,1.0,0.0,8.0,8.0,2,Whole,2012.0,1 phase,10.0,Cemented,Cemented,Marble,Painted,Painted,7.0,10*11,1.0,6.0,2.0,Wooden,3.0,1,1.0,1,50.0,0,6.0,1.0,1,1.0,1.0,0.0,0.0,1.0,0.0,1.0,0.0,0.0,0,30.683333333333334,24.5,36.7,69.37208333333334,24.066666666666666,53.82,7.154166666666666,994.7583333333333,241.0,20.8,2.4166666666666665,2024,7,26,4,208,0,-0.4999999999999997,-0.8660254037844388,0.06485500000000001,0.04625777778333333,0.05297595238095238
House#42,2024-07-27,0.04200805555,2.520483333,2.520483333,Islamabad,Rented,6.0,6.0,0.0,5.0,1.0,0.0,8.0,8.0,2,Whole,2012.0,1 phase,10.0,Cemented,Cemented,Marble,Painted,Painted,7.0,10*11,1.0,6.0,2.0,Wooden,3.0,1,1.0,1,50.0,0,6.0,1.0,1,1.0,1.0,0.0,0.0,1.0,0.0,1.0,0.0,0.0,0,31.816666666666666,24.4,37.1,65.39874999999999,24.3625,1.264,10.575000000000001,996.8083333333334,232.2125,20.0,2.2916666666666665,2024,7,27,5,209,1,-0.4999999999999997,-0.8660254037844388,0.039188888883333335,0.04476416666666667,0.051966111109523816
House#42,2024-07-28,0.01528555555,0.917133333,0.917133333,Islamabad,Rented,6.0,6.0,0.0,5.0,1.0,0.0,8.0,8.0,2,Whole,2012.0,1 phase,10.0,Cemented,Cemented,Marble,Painted,Painted,7.0,10*11,1.0,6.0,2.0,Wooden,3.0,1,1.0,1,50.0,0,6.0,1.0,1,1.0,1.0,0.0,0.0,1.0,0.0,1.0,0.0,0.0,0,29.254166666666666,26.5,31.9,79.0775,25.179166666666664,26.36,9.137500000000001,999.0791666666668,117.04166666666667,10.200000000000001,1.1666666666666667,2024,7,28,6,210,1,-0.4999999999999997,-0.8660254037844388,0.04200805555,0.08068111111666668,0.05157238095
House#42,2024-07-29,0.012463333333333333,0.7478,0.7478,Islamabad,Rented,6.0,6.0,0.0,5.0,1.0,0.0,8.0,8.0,2,Whole,2012.0,1 phase,10.0,Cemented,Cemented,Marble,Painted,Painted,7.0,10*11,1.0,6.0,2.0,Wooden,3.0,1,1.0,1,50.0,0,6.0,1.0,1,1.0,1.0,0.0,0.0,1.0,0.0,1.0,0.0,0.0,0,28.770833333333332,26.0,31.3,81.085,25.108333333333334,74.848,6.554166666666667,999.5541666666667,69.775,6.0,0.7083333333333334,2024,7,29,0,211,0,-0.4999999999999997,-0.8660254037844388,0.01528555555,0.04418138888333333,0.04223015872619048
House#42,2024-07-30,0.02705555555,1.623333333,1.623333333,Islamabad,Rented,6.0,6.0,0.0,5.0,1.0,0.0,8.0,8.0,2,Whole,2012.0,1 phase,10.0,Cemented,Cemented,Marble,Painted,Painted,7.0,10*11,1.0,6.0,2.0,Wooden,3.0,1,1.0,1,50.0,0,6.0,1.0,1,1.0,1.0,0.0,0.0,1.0,0.0,1.0,0.0,0.0,0,28.537499999999998,19.4,33.2,80.04541666666667,24.541666666666668,20.233,6.645833333333333,1000.9625,165.43333333333334,14.4,1.5416666666666667,2024,7,30,1,212,0,-0.4999999999999997,-0.8660254037844388,0.012463333333333333,0.075105,0.03769900793333334
House#42,2024-07-31,0.01659916666666667,0.99595,0.99595,Islamabad,Rented,6.0,6.0,0.0,5.0,1.0,0.0,8.0,8.0,2,Whole,2012.0,1 phase,10.0,Cemented,Cemented,Marble,Painted,Painted,7.0,10*11,1.0,6.0,2.0,Wooden,3.0,1,1.0,1,50.0,0,6.0,1.0,1,1.0,1.0,0.0,0.0,1.0,0.0,1.0,0.0,0.0,0,31.704166666666666,20.7,37.4,66.93958333333333,24.25,4.903,5.1375,998.3916666666668,297.27500000000003,25.6,3.0,2024,7,31,2,213,0,-0.4999999999999997,-0.8660254037844388,0.02705555555,0.014987222216666667,0.03083480158333333
House#42,2024-08-01,0.06014361111666667,3.608616667,3.608616667,Islamabad,Rented,6.0,6.0,0.0,5.0,1.0,0.0,8.0,8.0,2,Whole,2012.0,1 phase,10.0,Cemented,Cemented,Marble,Painted,Painted,7.0,10*11,1.0,6.0,2.0,Wooden,3.0,1,1.0,1,50.0,0,6.0,1.0,1,1.0,1.0,0.0,0.0,1.0,0.0,1.0,0.0,0.0,0,27.933333333333334,20.0,32.2,80.02208333333333,24.129166666666666,30.088,12.795833333333334,999.1458333333334,93.47500000000001,8.3,0.9166666666666666,2024,8,1,3,214,0,-0.8660254037844385,-0.5000000000000004,0.01659916666666667,0.06485500000000001,0.031065079361904762
House#42,2024-08-02,0.015062500000000001,0.90375,0.90375,Islamabad,Rented,6.0,6.0,0.0,5.0,1.0,0.0,8.0,8.0,2,Whole,2012.0,1 phase,10.0,Cemented,Cemented,Marble,Painted,Painted,7.0,10*11,1.0,6.0,2.0,Wooden,3.0,1,1.0,1,50.0,0,6.0,1.0,1,1.0,1.0,0.0,0.0,1.0,0.0,1.0,0.0,0.0,0,30.662499999999998,25.2,36.5,64.61958333333334,22.662499999999998,0.291,7.058333333333334,998.3666666666667,282.90000000000003,24.4,2.8333333333333335,2024,8,2,4,215,0,-0.8660254037844385,-0.5000000000000004,0.06014361111666667,0.039188888883333335,0.03039202380714286
House#42,2024-08-03,0.02894555555,1.736733333,1.736733333,Islamabad,Rented,6.0,6.0,0.0,5.0,1.0,0.0,8.0,8.0,2,Whole,2012.0,1 phase,10.0,Cemented,Cemented,Marble,Painted,Painted,7.0,10*11,1.0,6.0,2.0,Wooden,3.0,1,1.0,1,50.0,0,6.0,1.0,1,1.0,1.0,0.0,0.0,1.0,0.0,1.0,0.0,0.0,0,30.229166666666668,27.1,35.2,67.135,23.329166666666666,1.034,9.025,1000.1374999999999,237.06666666666663,20.4,2.3333333333333335,2024,8,3,5,216,1,-0.8660254037844385,-0.5000000000000004,0.015062500000000001,0.04200805555,0.026945396823809527
House#42,2024-08-04,0.04130138888333333,2.478083333,2.478083333,Islamabad,Rented,6.0,6.0,0.0,5.0,1.0,0.0,8.0,8.0,2,Whole,2012.0,1 phase,10.0,Cemented,Cemented,Marble,Painted,Painted,7.0,10*11,1.0,6.0,2.0,Wooden,3.0,1,1.0,1,50.0,0,6.0,1.0,1,1.0,1.0,0.0,0.0,1.0,0.0,1.0,0.0,0.0,0,28.541666666666668,21.3,31.5,72.82916666666667,23.1125,12.661000000000001,8.466666666666667,1002.6875,154.12083333333334,13.3,1.5,2024,8,4,6,217,1,-0.8660254037844385,-0.5000000000000004,0.02894555555,0.01528555555,0.0250793253952381
House#42,2024-08-05,0.024792222216666666,1.487533333,1.487533333,Islamabad,Rented,6.0,6.0,0.0,5.0,1.0,0.0,8.0,8.0,2,Whole,2012.0,1 phase,10.0,Cemented,Cemented,Marble,Painted,Painted,7.0,10*11,1.0,6.0,2.0,Wooden,3.0,1,1.0,1,50.0,0,6.0,1.0,1,1.0,1.0,0.0,0.0,1.0,0.0,1.0,0.0,0.0,0,29.941666666666666,25.8,34.2,69.48916666666666,23.508333333333336,1.328,7.254166666666666,1001.9041666666667,231.6625,20.1,2.2916666666666665,2024,8,5,0,218,0,-0.8660254037844385,-0.5000000000000004,0.04130138888333333,0.012463333333333333,0.028795873014285715
House#42,2024-08-06,0.035185555550000004,2.111133333,2.111133333,Islamabad,Rented,6.0,6.0,0.0,5.0,1.0,0.0,8.0,8.0,2,Whole,2012.0,1 phase,10.0,Cemented,Cemented,Marble,Painted,Painted,7.0,10*11,1.0,6.0,2.0,Wooden,3.0,1,1.0,1,50.0,0,6.0,1.0,1,1.0,1.0,0.0,0.0,1.0,0.0,1.0,0.0,0.0,0,30.25,20.1,36.1,68.9325,23.641666666666666,1.016,8.054166666666667,999.2541666666666,226.0625,19.6,2.2916666666666665,2024,8,6,1,219,0,-0.8660254037844385,-0.5000000000000004,0.024792222216666666,0.02705555555,0.030557142854761906
House#42,2024-08-07,0.04758611111666667,2.855166667,2.855166667,Islamabad,Rented,6.0,6.0,0.0,5.0,1.0,0.0,8.0,8.0,2,Whole,2012.0,1 phase,10.0,Cemented,Cemented,Marble,Painted,Painted,7.0,10*11,1.0,6.0,2.0,Wooden,3.0,1,1.0,1,50.0,0,6.0,1.0,1,1.0,1.0,0.0,0.0,1.0,0.0,1.0,0.0,0.0,0,29.108333333333334,25.3,33.9,74.12208333333334,23.84583333333333,10.643,8.4375,1000.2416666666667,196.29583333333335,16.900000000000002,1.9583333333333333,2024,8,7,2,220,0,-0.8660254037844385,-0.5000000000000004,0.035185555550000004,0.01659916666666667,0.03171857142619048
House#42,2024-08-08,0.025342222216666665,1.520533333,1.520533333,Islamabad,Rented,6.0,6.0,0.0,5.0,1.0,0.0,8.0,8.0,2,Whole,2012.0,1 phase,10.0,Cemented,Cemented,Marble,Painted,Painted,7.0,10*11,1.0,6.0,2.0,Wooden,3.0,1,1.0,1,50.0,0,6.0,1.0,1,1.0,1.0,0.0,0.0,1.0,0.0,1.0,0.0,0.0,0,28.379166666666666,22.6,32.6,74.75,23.34583333333333,51.721,8.570833333333333,1003.0500000000001,151.30833333333334,13.0,1.5416666666666667,2024,8,8,3,221,0,-0.8660254037844385,-0.5000000000000004,0.04758611111666667,0.06014361111666667,0.036145277776190476
House#42,2024-08-09,0.02545277778333333,1.527166667,1.527166667,Islamabad,Rented,6.0,6.0,0.0,5.0,1.0,0.0,8.0,8.0,2,Whole,2012.0,1 phase,10.0,Cemented,Cemented,Marble,Painted,Painted,7.0,10*11,1.0,6.0,2.0,Wooden,3.0,1,1.0,1,50.0,0,6.0,1.0,1,1.0,1.0,0.0,0.0,1.0,0.0,1.0,0.0,0.0,0,29.5125,22.0,34.5,71.47541666666667,23.587500000000002,0.8,7.058333333333334,1003.5791666666668,249.72083333333333,21.4,2.5,2024,8,9,4,222,0,-0.8660254037844385,-0.5000000000000004,0.025342222216666665,0.015062500000000001,0.03117365079047619
House#42,2024-08-10,0.014961111116666667,0.897666667,0.897666667,Islamabad,Rented,6.0,6.0,0.0,5.0,1.0,0.0,8.0,8.0,2,Whole,2012.0,1 phase,10.0,Cemented,Cemented,Marble,Painted,Painted,7.0,10*11,1.0,6.0,2.0,Wooden,3.0,1,1.0,1,50.0,0,6.0,1.0,1,1.0,1.0,0.0,0.0,1.0,0.0,1.0,0.0,0.0,0,29.1125,20.4,34.1,78.70125,24.849999999999998,66.72399999999999,7.570833333333333,1002.3125,195.27916666666667,16.8,1.9166666666666667,2024,8,10,5,223,1,-0.8660254037844385,-0.5000000000000004,0.02545277778333333,0.02894555555,0.03265797618809523
House#42,2024-08-11,0.013485,0.8091,0.8091,Islamabad,Rented,6.0,6.0,0.0,5.0,1.0,0.0,8.0,8.0,2,Whole,2012.0,1 phase,10.0,Cemented,Cemented,Marble,Painted,Painted,7.0,10*11,1.0,6.0,2.0,Wooden,3.0,1,1.0,1,50.0,0,6.0,1.0,1,1.0,1.0,0.0,0.0,1.0,0.0,1.0,0.0,0.0,0,26.15416666666667,22.0,29.5,84.44166666666666,23.233333333333334,47.139,8.729166666666666,1001.6916666666666,110.31666666666666,9.6,1.0833333333333333,2024,8,11,6,224,1,-0.8660254037844385,-0.5000000000000004,0.014961111116666667,0.04130138888333333,0.030660198411904763
House#42,2024-08-12,0.016735,1.0041,1.0041,Islamabad,Rented,6.0,6.0,0.0,5.0,1.0,0.0,8.0,8.0,2,Whole,2012.0,1 phase,10.0,Cemented,Cemented,Marble,Painted,Painted,7.0,10*11,1.0,6.0,2.0,Wooden,3.0,1,1.0,1,50.0,0,6.0,1.0,1,1.0,1.0,0.0,0.0,1.0,0.0,1.0,0.0,0.0,0,29.445833333333336,25.4,33.3,71.44666666666667,23.412499999999998,0.6000000000000001,6.454166666666667,1003.75,187.7458333333333,16.0,1.9166666666666667,2024,8,12,0,225,0,-0.8660254037844385,-0.5000000000000004,0.013485,0.024792222216666666,0.026686428571428573
House#42,2024-08-13,0.025525277783333335,1.531516667,1.531516667,Islamabad,Rented,6.0,6.0,0.0,5.0,1.0,0.0,8.0,8.0,2,Whole,2012.0,1 phase,10.0,Cemented,Cemented,Marble,Painted,Painted,7.0,10*11,1.0,6.0,2.0,Wooden,3.0,1,1.0,1,50.0,0,6.0,1.0,1,1.0,1.0,0.0,0.0,1.0,0.0,1.0,0.0,0.0,0,29.866666666666664,18.3,36.0,68.65791666666667,22.925,0.0,5.395833333333333,1004.0708333333333,262.34583333333336,22.6,2.625,2024,8,13,1,226,0,-0.8660254037844385,-0.5000000000000004,0.016735,0.035185555550000004,0.025535396826190476
House#42,2024-08-14,0.02888611111666667,1.733166667,1.733166667,Islamabad,Rented,6.0,6.0,0.0,5.0,1.0,0.0,8.0,8.0,2,Whole,2012.0,1 phase,10.0,Cemented,Cemented,Marble,Painted,Painted,7.0,10*11,1.0,6.0,2.0,Wooden,3.0,1,1.0,1,50.0,0,6.0,1.0,1,1.0,1.0,0.0,0.0,1.0,0.0,1.0,0.0,0.0,0,30.658333333333335,23.4,36.0,70.53583333333333,24.416666666666668,11.433,5.754166666666666,1003.6083333333332,240.125,20.7,2.4166666666666665,2024,8,14,2,227,0,-0.8660254037844385,-0.5000000000000004,0.025525277783333335,0.04758611111666667,0.024155357145238095
House#42,2024-08-15,0.009468888883333334,0.568133333,0.568133333,Islamabad,Rented,6.0,6.0,0.0,5.0,1.0,0.0,8.0,8.0,2,Whole,2012.0,1 phase,10.0,Cemented,Cemented,Marble,Painted,Painted,7.0,10*11,1.0,6.0,2.0,Wooden,3.0,1,1.0,1,50.0,0,6.0,1.0,1,1.0,1.0,0.0,0.0,1.0,0.0,1.0,0.0,0.0,0,27.145833333333332,20.8,30.7,81.61041666666667,23.679166666666664,1.1869999999999998,8.6625,1003.6791666666667,111.29166666666667,9.4,1.0833333333333333,2024,8,15,3,228,0,-0.8660254037844385,-0.5000000000000004,0.02888611111666667,0.025342222216666665,0.021483928573809524
House#42,2024-08-16,0.014627222216666668,0.877633333,0.877633333,Islamabad,Rented,6.0,6.0,0.0,5.0,1.0,0.0,8.0,8.0,2,Whole,2012.0,1 phase,10.0,Cemented,Cemented,Marble,Painted,Painted,7.0,10*11,1.0,6.0,2.0,Wooden,3.0,1,1.0,1,50.0,0,6.0,1.0,1,1.0,1.0,0.0,0.0,1.0,0.0,1.0,0.0,0.0,0,28.416666666666668,24.6,32.4,76.64916666666666,23.7375,0.9530000000000001,5.670833333333333,1002.7624999999999,175.01666666666665,15.1,1.75,2024,8,16,4,229,0,-0.8660254037844385,-0.5000000000000004,0.009468888883333334,0.02545277778333333,0.019216309526190477
House#42,2024-08-17,0.014722222216666667,0.883333333,0.883333333,Islamabad,Rented,6.0,6.0,0.0,5.0,1.0,0.0,8.0,8.0,2,Whole,2012.0,1 phase,10.0,Cemented,Cemented,Marble,Painted,Painted,7.0,10*11,1.0,6.0,2.0,Wooden,3.0,1,1.0,1,50.0,0,6.0,1.0,1,1.0,1.0,0.0,0.0,1.0,0.0,1.0,0.0,0.0,0,26.554166666666664,20.2,29.2,83.51,23.462500000000002,35.998,5.8625,1006.0833333333334,87.20416666666667,7.5,0.8333333333333334,2024,8,17,5,230,1,-0.8660254037844385,-0.5000000000000004,0.014627222216666668,0.014961111116666667,0.017669801588095238
House#42,2024-08-18,0.01487194445,0.892316667,0.892316667,Islamabad,Rented,6.0,6.0,0.0,5.0,1.0,0.0,8.0,8.0,2,Whole,2012.0,1 phase,10.0,Cemented,Cemented,Marble,Painted,Painted,7.0,10*11,1.0,6.0,2.0,Wooden,3.0,1,1.0,1,50.0,0,6.0,1.0,1,1.0,1.0,0.0,0.0,1.0,0.0,1.0,0.0,0.0,0,28.349999999999998,25.0,33.4,79.91666666666667,24.287499999999998,0.094,4.1875,1005.15,176.08333333333334,15.4,1.75,2024,8,18,6,231,1,-0.8660254037844385,-0.5000000000000004,0.014722222216666667,0.013485,0.01763567460238095
House#42,2024-08-19,0.02529305555,1.517583333,1.517583333,Islamabad,Rented,6.0,6.0,0.0,5.0,1.0,0.0,8.0,8.0,2,Whole,2012.0,1 phase,10.0,Cemented,Cemented,Marble,Painted,Painted,7.0,10*11,1.0,6.0,2.0,Wooden,3.0,1,1.0,1,50.0,0,6.0,1.0,1,1.0,1.0,0.0,0.0,1.0,0.0,1.0,0.0,0.0,0,28.7375,19.2,34.8,74.76625,23.454166666666666,1.6,6.054166666666666,1003.5083333333333,261.8041666666667,22.5,2.625,2024,8,19,0,232,0,-0.8660254037844385,-0.5000000000000004,0.01487194445,0.016735,0.017833809523809526
House#42,2024-08-20,0.03107944445,1.864766667,1.864766667,Islamabad,Rented,6.0,6.0,0.0,5.0,1.0,0.0,8.0,8.0,2,Whole,2012.0,1 phase,10.0,Cemented,Cemented,Marble,Painted,Painted,7.0,10*11,1.0,6.0,2.0,Wooden,3.0,1,1.0,1,50.0,0,6.0,1.0,1,1.0,1.0,0.0,0.0,1.0,0.0,1.0,0.0,0.0,0,27.383333333333336,20.2,31.7,76.57333333333334,22.645833333333332,18.089,5.458333333333333,1003.9291666666667,174.17083333333332,15.1,1.7916666666666667,2024,8,20,1,233,0,-0.8660254037844385,-0.5000000000000004,0.02529305555,0.025525277783333335,0.01905638888809524
House#42,2024-08-21,0.017837777783333335,1.070266667,1.070266667,Islamabad,Rented,6.0,6.0,0.0,5.0,1.0,0.0,8.0,8.0,2,Whole,2012.0,1 phase,10.0,Cemented,Cemented,Marble,Painted,Painted,7.0,10*11,1.0,6.0,2.0,Wooden,3.0,1,1.0,1,50.0,0,6.0,1.0,1,1.0,1.0,0.0,0.0,1.0,0.0,1.0,0.0,0.0,0,26.462500000000002,19.9,31.3,75.87333333333333,21.6125,8.825,5.5,1005.875,243.125,21.0,2.375,2024,8,21,2,234,0,-0.8660254037844385,-0.5000000000000004,0.03107944445,0.02888611111666667,0.01984984126904762
House#42,2024-08-22,0.034314166666666666,2.05885,2.05885,Islamabad,Rented,6.0,6.0,0.0,5.0,1.0,0.0,8.0,8.0,2,Whole,2012.0,1 phase,10.0,Cemented,Cemented,Marble,Painted,Painted,7.0,10*11,1.0,6.0,2.0,Wooden,3.0,1,1.0,1,50.0,0,6.0,1.0,1,1.0,1.0,0.0,0.0,1.0,0.0,1.0,0.0,0.0,0,28.604166666666668,23.3,34.4,69.09708333333333,21.995833333333334,0.031,6.2375,1003.9333333333334,277.2708333333333,24.0,2.7916666666666665,2024,8,22,3,235,0,-0.8660254037844385,-0.5000000000000004,0.017837777783333335,0.009468888883333334,0.018271507935714287
House#42,2024-08-23,0.025243333333333333,1.5146,1.5146,Islamabad,Rented,6.0,6.0,0.0,5.0,1.0,0.0,8.0,8.0,2,Whole,2012.0,1 phase,10.0,Cemented,Cemented,Marble,Painted,Painted,7.0,10*11,1.0,6.0,2.0,Wooden,3.0,1,1.0,1,50.0,0,6.0,1.0,1,1.0,1.0,0.0,0.0,1.0,0.0,1.0,0.0,0.0,0,29.650000000000002,23.6,35.8,65.37958333333333,22.025000000000002,0.0,5.816666666666666,1004.2291666666666,263.0708333333333,22.6,2.6666666666666665,2024,8,23,4,236,0,-0.8660254037844385,-0.5000000000000004,0.034314166666666666,0.014627222216666668,0.021820833333333334
House#42,2024-08-24,0.015364166666666667,0.92185,0.92185,Islamabad,Rented,6.0,6.0,0.0,5.0,1.0,0.0,8.0,8.0,2,Whole,2012.0,1 phase,10.0,Cemented,Cemented,Marble,Painted,Painted,7.0,10*11,1.0,6.0,2.0,Wooden,3.0,1,1.0,1,50.0,0,6.0,1.0,1,1.0,1.0,0.0,0.0,1.0,0.0,1.0,0.0,0.0,0,29.825,24.4,36.3,63.336666666666666,21.7,0.409,7.533333333333334,1004.5416666666666,266.34166666666664,23.1,2.625,2024,8,24,5,237,1,-0.8660254037844385,-0.5000000000000004,0.025243333333333333,0.014722222216666667,0.023337420635714284
House#42,2024-08-25,0.044493333333333336,2.6696,2.6696,Islamabad,Rented,6.0,6.0,0.0,5.0,1.0,0.0,8.0,8.0,2,Whole,2012.0,1 phase,10.0,Cemented,Cemented,Marble,Painted,Painted,7.0,10*11,1.0,6.0,2.0,Wooden,3.0,1,1.0,1,50.0,0,6.0,1.0,1,1.0,1.0,0.0,0.0,1.0,0.0,1.0,0.0,0.0,0,30.004166666666666,20.8,36.1,66.92458333333333,22.833333333333332,0.07,7.329166666666667,1003.1458333333334,244.1916666666667,21.1,2.4583333333333335,2024,8,25,6,238,1,-0.8660254037844385,-0.5000000000000004,0.015364166666666667,0.01487194445,0.023429126985714286
House#42,2024-08-26,0.05845611111666667,3.507366667,3.507366667,Islamabad,Rented,6.0,6.0,0.0,5.0,1.0,0.0,8.0,8.0,2,Whole,2012.0,1 phase,10.0,Cemented,Cemented,Marble,Painted,Painted,7.0,10*11,1.0,6.0,2.0,Wooden,3.0,1,1.0,1,50.0,0,6.0,1.0,1,1.0,1.0,0.0,0.0,1.0,0.0,1.0,0.0,0.0,0,30.233333333333334,23.0,35.4,63.20458333333334,21.900000000000002,0.211,7.941666666666666,1002.7624999999999,264.20416666666665,23.1,2.5833333333333335,2024,8,26,0,239,0,-0.8660254037844385,-0.5000000000000004,0.044493333333333336,0.02529305555,0.02766075396904762
House#42,2024-08-27,0.050793611116666665,3.047616667,3.047616667,Islamabad,Rented,6.0,6.0,0.0,5.0,1.0,0.0,8.0,8.0,2,Whole,2012.0,1 phase,10.0,Cemented,Cemented,Marble,Painted,Painted,7.0,10*11,1.0,6.0,2.0,Wooden,3.0,1,1.0,1,50.0,0,6.0,1.0,1,1.0,1.0,0.0,0.0,1.0,0.0,1.0,0.0,0.0,0,25.675,17.8,28.7,75.99166666666666,20.9875,30.85,8.383333333333333,1007.0625,101.98333333333333,8.8,1.0833333333333333,2024,8,27,1,240,0,-0.8660254037844385,-0.5000000000000004,0.05845611111666667,0.03107944445,0.032398333335714284
House#42,2024-08-28,0.015194722216666668,0.911683333,0.911683333,Islamabad,Rented,6.0,6.0,0.0,5.0,1.0,0.0,8.0,8.0,2,Whole,2012.0,1 phase,10.0,Cemented,Cemented,Marble,Painted,Painted,7.0,10*11,1.0,6.0,2.0,Wooden,3.0,1,1.0,1,50.0,0,6.0,1.0,1,1.0,1.0,0.0,0.0,1.0,0.0,1.0,0.0,0.0,0,25.77916666666667,23.3,28.2,80.17541666666666,22.075,11.002,5.016666666666667,1006.5708333333333,78.0125,6.6,0.7916666666666666,2024,8,28,2,241,0,-0.8660254037844385,-0.5000000000000004,0.050793611116666665,0.017837777783333335,0.03521464285952381
House#42,2024-08-29,0.018523333333333333,1.1114,1.1114,Islamabad,Rented,6.0,6.0,0.0,5.0,1.0,0.0,8.0,8.0,2,Whole,2012.0,1 phase,10.0,Cemented,Cemented,Marble,Painted,Painted,7.0,10*11,1.0,6.0,2.0,Wooden,3.0,1,1.0,1,50.0,0,6.0,1.0,1,1.0,1.0,0.0,0.0,1.0,0.0,1.0,0.0,0.0,0,24.775000000000002,19.4,27.3,82.83916666666666,21.6125,22.726000000000003,6.533333333333334,1005.4291666666667,93.80833333333334,8.1,0.875,2024,8,29,3,242,0,-0.8660254037844385,-0.5000000000000004,0.015194722216666668,0.034314166666666666,0.034837063492857145
House#42,2024-08-30,0.016209722216666667,0.972583333,0.972583333,Islamabad,Rented,6.0,6.0,0.0,5.0,1.0,0.0,8.0,8.0,2,Whole,2012.0,1 phase,10.0,Cemented,Cemented,Marble,Painted,Painted,7.0,10*11,1.0,6.0,2.0,Wooden,3.0,1,1.0,1,50.0,0,6.0,1.0,1,1.0,1.0,0.0,0.0,1.0,0.0,1.0,0.0,0.0,0,23.416666666666668,16.0,27.9,86.80916666666667,20.983333333333334,40.35,8.354166666666666,1008.6333333333333,122.42083333333333,10.5,1.25,2024,8,30,4,243,0,-0.8660254037844385,-0.5000000000000004,0.018523333333333333,0.025243333333333333,0.032581230159523814
House#42,2024-08-31,0.010219166666666666,0.61315,0.61315,Islamabad,Rented,6.0,6.0,0.0,5.0,1.0,0.0,8.0,8.0,2,Whole,2012.0,1 phase,10.0,Cemented,Cemented,Marble,Painted,Painted,7.0,10*11,1.0,6.0,2.0,Wooden,3.0,1,1.0,1,50.0,0,6.0,1.0,1,1.0,1.0,0.0,0.0,1.0,0.0,1.0,0.0,0.0,0,26.679166666666664,20.9,32.4,73.595,21.041666666666668,0.507,7.075,1006.6416666666668,262.03333333333336,22.5,2.625,2024,8,31,5,244,1,-0.8660254037844385,-0.5000000000000004,0.016209722216666667,0.015364166666666667,0.03129071428571429
House#42,2024-09-01,0.011828333333333333,0.7097,0.7097,Islamabad,Rented,6.0,6.0,0.0,5.0,1.0,0.0,8.0,8.0,2,Whole,2012.0,1 phase,10.0,Cemented,Cemented,Marble,Painted,Painted,7.0,10*11,1.0,6.0,2.0,Wooden,3.0,1,1.0,1,50.0,0,6.0,1.0,1,1.0,1.0,0.0,0.0,1.0,0.0,1.0,0.0,0.0,0,29.370833333333334,24.2,34.9,69.76583333333333,22.900000000000002,0.0,4.7875000000000005,1004.6333333333333,265.3125,23.0,2.5833333333333335,2024,9,1,6,245,1,-1.0,-1.8369701987210297e-16,0.010219166666666666,0.044493333333333336,0.030555714285714287
House#42,2024-09-02,0.04318583333333333,2.59115,2.59115,Islamabad,Rented,6.0,6.0,0.0,5.0,1.0,0.0,8.0,8.0,2,Whole,2012.0,1 phase,10.0,Cemented,Cemented,Marble,Painted,Painted,7.0,10*11,1.0,6.0,2.0,Wooden,3.0,1,1.0,1,50.0,0,6.0,1.0,1,1.0,1.0,0.0,0.0,1.0,0.0,1.0,0.0,0.0,0,26.883333333333336,19.5,31.8,80.01625,23.0,2.617,7.995833333333334,1006.0583333333334,209.9333333333333,18.3,2.125,2024,9,2,0,246,0,-1.0,-1.8369701987210297e-16,0.011828333333333333,0.05845611111666667,0.025889285714285715
House#42,2024-09-03,0.012901388883333333,0.774083333,0.774083333,Islamabad,Rented,6.0,6.0,0.0,5.0,1.0,0.0,8.0,8.0,2,Whole,2012.0,1 phase,10.0,Cemented,Cemented,Marble,Painted,Painted,7.0,10*11,1.0,6.0,2.0,Wooden,3.0,1,1.0,1,50.0,0,6.0,1.0,1,1.0,1.0,0.0,0.0,1.0,0.0,1.0,0.0,0.0,0,26.458333333333332,23.2,30.9,79.02125,22.3125,3.942,5.329166666666667,1007.9833333333332,180.16666666666666,15.5,1.75,2024,9,3,1,247,0,-1.0,-1.8369701987210297e-16,0.04318583333333333,0.050793611116666665,0.02370781745952381
House#42,2024-09-04,0.029346666666666667,1.7608,1.7608,Islamabad,Rented,6.0,6.0,0.0,5.0,1.0,0.0,8.0,8.0,2,Whole,2012.0,1 phase,10.0,Cemented,Cemented,Marble,Painted,Painted,7.0,10*11,1.0,6.0,2.0,Wooden,3.0,1,1.0,1,50.0,0,6.0,1.0,1,1.0,1.0,0.0,0.0,1.0,0.0,1.0,0.0,0.0,0,27.679166666666664,18.2,33.0,74.38583333333334,22.425,0.0,5.9875,1004.6999999999999,266.625,23.1,2.6666666666666665,2024,9,4,2,248,0,-1.0,-1.8369701987210297e-16,0.012901388883333333,0.015194722216666668,0.018294642854761903
House#42,2024-09-05,0.02411138888333333,1.446683333,1.446683333,Islamabad,Rented,6.0,6.0,0.0,5.0,1.0,0.0,8.0,8.0,2,Whole,2012.0,1 phase,10.0,Cemented,Cemented,Marble,Painted,Painted,7.0,10*11,1.0,6.0,2.0,Wooden,3.0,1,1.0,1,50.0,0,6.0,1.0,1,1.0,1.0,0.0,0.0,1.0,0.0,1.0,0.0,0.0,0,28.275000000000002,23.4,33.1,74.04541666666667,22.96666666666667,0.4,6.004166666666666,1001.8333333333334,225.73333333333335,19.5,2.2916666666666665,2024,9,5,3,249,0,-1.0,-1.8369701987210297e-16,0.029346666666666667,0.018523333333333333,0.020316349204761906
House#42,2024-09-06,0.025542500000000003,1.53255,1.53255,Islamabad,Rented,6.0,6.0,0.0,5.0,1.0,0.0,8.0,8.0,2,Whole,2012.0,1 phase,10.0,Cemented,Cemented,Marble,Painted,Painted,7.0,10*11,1.0,6.0,2.0,Wooden,3.0,1,1.0,1,50.0,0,6.0,1.0,1,1.0,1.0,0.0,0.0,1.0,0.0,1.0,0.0,0.0,0,27.670833333333334,22.5,32.5,71.27833333333334,21.829166666666666,0.524,8.108333333333333,1003.8333333333334,241.20416666666665,20.7,2.4166666666666665,2024,9,6,4,250,0,-1.0,-1.8369701987210297e-16,0.02411138888333333,0.016209722216666667,0.021114642854761907
House#42,2024-09-07,0.04463416666666666,2.67805,2.67805,Islamabad,Rented,6.0,6.0,0.0,5.0,1.0,0.0,8.0,8.0,2,Whole,2012.0,1 phase,10.0,Cemented,Cemented,Marble,Painted,Painted,7.0,10*11,1.0,6.0,2.0,Wooden,3.0,1,1.0,1,50.0,0,6.0,1.0,1,1.0,1.0,0.0,0.0,1.0,0.0,1.0,0.0,0.0,0,26.679166666666664,19.6,32.4,74.78291666666667,21.508333333333336,49.71,6.195833333333333,1006.0375,248.82083333333333,21.4,2.4583333333333335,2024,9,7,5,251,1,-1.0,-1.8369701987210297e-16,0.025542500000000003,0.010219166666666666,0.022447896823809523
House#42,2024-09-08,0.017382777783333334,1.042966667,1.042966667,Islamabad,Rented,6.0,6.0,0.0,5.0,1.0,0.0,8.0,8.0,2,Whole,2012.0,1 phase,10.0,Cemented,Cemented,Marble,Painted,Painted,7.0,10*11,1.0,6.0,2.0,Wooden,3.0,1,1.0,1,50.0,0,6.0,1.0,1,1.0,1.0,0.0,0.0,1.0,0.0,1.0,0.0,0.0,0,28.337500000000002,23.7,33.5,69.66958333333334,21.900000000000002,0.094,7.4125000000000005,1005.5124999999999,254.02083333333334,21.8,2.5416666666666665,2024,9,8,6,252,1,-1.0,-1.8369701987210297e-16,0.04463416666666666,0.011828333333333333,0.027364325395238094
House#42,2024-09-09,0.058295555549999996,3.497733333,3.497733333,Islamabad,Rented,6.0,6.0,0.0,5.0,1.0,0.0,8.0,8.0,2,Whole,2012.0,1 phase,10.0,Cemented,Cemented,Marble,Painted,Painted,7.0,10*11,1.0,6.0,2.0,Wooden,3.0,1,1.0,1,50.0,0,6.0,1.0,1,1.0,1.0,0.0,0.0,1.0,0.0,1.0,0.0,0.0,0,28.133333333333336,19.7,34.8,70.37,21.791666666666668,0.0,4.945833333333334,1002.8458333333333,260.0541666666667,22.5,2.5833333333333335,2024,9,9,0,253,0,-1.0,-1.8369701987210297e-16,0.017382777783333334,0.04318583333333333,0.02815781745952381
House#42,2024-09-10,0.026216388883333334,1.572983333,1.572983333,Islamabad,Rented,6.0,6.0,0.0,5.0,1.0,0.0,8.0,8.0,2,Whole,2012.0,1 phase,10.0,Cemented,Cemented,Marble,Painted,Painted,7.0,10*11,1.0,6.0,2.0,Wooden,3.0,1,1.0,1,50.0,0,6.0,1.0,1,1.0,1.0,0.0,0.0,1.0,0.0,1.0,0.0,0.0,0,28.212500000000002,24.0,34.1,69.795,21.825,0.0,6.625,1002.2875,249.00833333333333,21.3,2.5416666666666665,2024,9,10,1,254,0,-1.0,-1.8369701987210297e-16,0.058295555549999996,0.012901388883333333,0.0303163492047619
House#42,2024-09-11,0.025661388883333334,1.539683333,1.539683333,Islamabad,Rented,6.0,6.0,0.0,5.0,1.0,0.0,8.0,8.0,2,Whole,2012.0,1 phase,10.0,Cemented,Cemented,Marble,Painted,Painted,7.0,10*11,1.0,6.0,2.0,Wooden,3.0,1,1.0,1,50.0,0,6.0,1.0,1,1.0,1.0,0.0,0.0,1.0,0.0,1.0,0.0,0.0,0,28.616666666666664,21.7,35.0,61.17291666666667,19.641666666666666,0.283,7.758333333333333,1003.0541666666667,254.0375,22.1,2.5833333333333335,2024,9,11,2,255,0,-1.0,-1.8369701987210297e-16,0.026216388883333334,0.029346666666666667,0.03221849206190476
House#42,2024-09-12,0.023215,1.3929,1.3929,Islamabad,Rented,6.0,6.0,0.0,5.0,1.0,0.0,8.0,8.0,2,Whole,2012.0,1 phase,10.0,Cemented,Cemented,Marble,Painted,Painted,7.0,10*11,1.0,6.0,2.0,Wooden,3.0,1,1.0,1,50.0,0,6.0,1.0,1,1.0,1.0,0.0,0.0,1.0,0.0,1.0,0.0,0.0,0,28.695833333333336,19.2,35.6,59.145,19.287499999999998,0.0,7.1875,1000.4833333333332,259.4458333333333,22.3,2.5833333333333335,2024,9,12,3,256,0,-1.0,-1.8369701987210297e-16,0.025661388883333334,0.02411138888333333,0.03169202380714285
House#42,2024-09-13,0.026390833333333332,1.58345,1.58345,Islamabad,Rented,6.0,6.0,0.0,5.0,1.0,0.0,8.0,8.0,2,Whole,2012.0,1 phase,10.0,Cemented,Cemented,Marble,Painted,Painted,7.0,10*11,1.0,6.0,2.0,Wooden,3.0,1,1.0,1,50.0,0,6.0,1.0,1,1.0,1.0,0.0,0.0,1.0,0.0,1.0,0.0,0.0,0,29.879166666666666,23.1,35.2,58.79958333333334,20.558333333333334,4.415,8.583333333333334,1000.1458333333334,233.2541666666667,20.3,2.375,2024,9,13,4,257,0,-1.0,-1.8369701987210297e-16,0.023215,0.025542500000000003,0.031563968252380954
House#42,2024-09-14,0.026960555549999998,1.617633333,1.617633333,Islamabad,Rented,6.0,6.0,0.0,5.0,1.0,0.0,8.0,8.0,2,Whole,2012.0,1 phase,10.0,Cemented,Cemented,Marble,Painted,Painted,7.0,10*11,1.0,6.0,2.0,Wooden,3.0,1,1.0,1,50.0,0,6.0,1.0,1,1.0,1.0,0.0,0.0,1.0,0.0,1.0,0.0,0.0,0,25.754166666666666,19.2,31.0,70.76541666666667,19.775000000000002,8.128,8.245833333333334,1003.2958333333332,216.74166666666667,18.6,2.125,2024,9,14,5,258,1,-1.0,-1.8369701987210297e-16,0.026390833333333332,0.04463416666666666,0.03168515872857143
House#42,2024-09-15,0.017241111116666666,1.034466667,1.034466667,Islamabad,Rented,6.0,6.0,0.0,5.0,1.0,0.0,8.0,8.0,2,Whole,2012.0,1 phase,10.0,Cemented,Cemented,Marble,Painted,Painted,7.0,10*11,1.0,6.0,2.0,Wooden,3.0,1,1.0,1,50.0,0,6.0,1.0,1,1.0,1.0,0.0,0.0,1.0,0.0,1.0,0.0,0.0,0,26.933333333333334,18.0,32.7,67.59666666666666,19.787499999999998,0.0,7.325,1003.7375000000001,251.8083333333333,21.7,2.5416666666666665,2024,9,15,6,259,1,-1.0,-1.8369701987210297e-16,0.026960555549999998,0.017382777783333334,0.029160357140476188
House#42,2024-09-16,0.026752777783333334,1.605166667,1.605166667,Islamabad,Rented,6.0,6.0,0.0,5.0,1.0,0.0,8.0,8.0,2,Whole,2012.0,1 phase,10.0,Cemented,Cemented,Marble,Painted,Painted,7.0,10*11,1.0,6.0,2.0,Wooden,3.0,1,1.0,1,50.0,0,6.0,1.0,1,1.0,1.0,0.0,0.0,1.0,0.0,1.0,0.0,0.0,0,27.22083333333333,20.0,33.6,62.6025,18.820833333333333,0.0,6.875,1005.3041666666667,248.40416666666667,21.5,2.5,2024,9,16,0,260,0,-1.0,-1.8369701987210297e-16,0.017241111116666666,0.058295555549999996,0.029140119045238094
House#42,2024-09-17,0.02801666666666667,1.681,1.681,Islamabad,Rented,6.0,6.0,0.0,5.0,1.0,0.0,8.0,8.0,2,Whole,2012.0,1 phase,10.0,Cemented,Cemented,Marble,Painted,Painted,7.0,10*11,1.0,6.0,2.0,Wooden,3.0,1,1.0,1,50.0,0,6.0,1.0,1,1.0,1.0,0.0,0.0,1.0,0.0,1.0,0.0,0.0,0,27.770833333333332,19.4,34.1,61.345416666666665,19.066666666666666,0.1,6.391666666666667,1006.5375,237.67916666666667,20.6,2.2916666666666665,2024,9,17,1,261,0,-1.0,-1.8369701987210297e-16,0.026752777783333334,0.026216388883333334,0.024634007935714287
House#42,2024-09-18,0.028066111116666667,1.683966667,1.683966667,Islamabad,Rented,6.0,6.0,0.0,5.0,1.0,0.0,8.0,8.0,2,Whole,2012.0,1 phase,10.0,Cemented,Cemented,Marble,Painted,Painted,7.0,10*11,1.0,6.0,2.0,Wooden,3.0,1,1.0,1,50.0,0,6.0,1.0,1,1.0,1.0,0.0,0.0,1.0,0.0,1.0,0.0,0.0,0,28.441666666666666,22.8,35.4,58.31833333333333,18.787499999999998,0.0,6.125,1006.65,244.75,20.900000000000002,2.4166666666666665,2024,9,18,2,262,0,-1.0,-1.8369701987210297e-16,0.02801666666666667,0.025661388883333334,0.024891190476190476
House#42,2024-09-19,0.0239275,1.43565,1.43565,Islamabad,Rented,6.0,6.0,0.0,5.0,1.0,0.0,8.0,8.0,2,Whole,2012.0,1 phase,10.0,Cemented,Cemented,Marble,Painted,Painted,7.0,10*11,1.0,6.0,2.0,Wooden,3.0,1,1.0,1,50.0,0,6.0,1.0,1,1.0,1.0,0.0,0.0,1.0,0.0,1.0,0.0,0.0,0,28.099999999999998,17.7,35.9,55.14458333333334,17.341666666666665,0.0,5.825,1007.5625,239.47916666666666,20.8,2.4166666666666665,2024,9,19,3,263,0,-1.0,-1.8369701987210297e-16,0.028066111116666667,0.023215,0.025234722223809524
House#42,2024-09-20,0.02310166666666667,1.3861,1.3861,Islamabad,Rented,6.0,6.0,0.0,5.0,1.0,0.0,8.0,8.0,2,Whole,2012.0,1 phase,10.0,Cemented,Cemented,Marble,Painted,Painted,7.0,10*11,1.0,6.0,2.0,Wooden,3.0,1,1.0,1,50.0,0,6.0,1.0,1,1.0,1.0,0.0,0.0,1.0,0.0,1.0,0.0,0.0,0,29.150000000000002,20.5,37.1,52.44375,17.6875,0.0,5.679166666666667,1005.6041666666666,231.73333333333335,19.900000000000002,2.375,2024,9,20,4,264,0,-1.0,-1.8369701987210297e-16,0.0239275,0.026390833333333332,0.025336507938095238
House#42,2024-09-21,0.026779166666666666,1.60675,1.60675,Islamabad,Rented,6.0,6.0,0.0,5.0,1.0,0.0,8.0,8.0,2,Whole,2012.0,1 phase,10.0,Cemented,Cemented,Marble,Painted,Painted,7.0,10*11,1.0,6.0,2.0,Wooden,3.0,1,1.0,1,50.0,0,6.0,1.0,1,1.0,1.0,0.0,0.0,1.0,0.0,1.0,0.0,0.0,0,29.995833333333334,24.2,36.7,56.11666666666667,19.7625,0.0,6.6125,1006.5166666666668,236.11666666666667,20.400000000000002,2.3333333333333335,2024,9,21,5,265,1,-1.0,-1.8369701987210297e-16,0.02310166666666667,0.026960555549999998,0.024866626985714284
House#42,2024-09-22,0.025469166666666664,1.52815,1.52815,Islamabad,Rented,6.0,6.0,0.0,5.0,1.0,0.0,8.0,8.0,2,Whole,2012.0,1 phase,10.0,Cemented,Cemented,Marble,Painted,Painted,7.0,10*11,1.0,6.0,2.0,Wooden,3.0,1,1.0,1,50.0,0,6.0,1.0,1,1.0,1.0,0.0,0.0,1.0,0.0,1.0,0.0,0.0,0,30.245833333333334,25.1,36.4,58.42333333333334,20.6875,0.0,6.166666666666667,1006.1208333333334,227.42499999999998,19.6,2.2916666666666665,2024,9,22,6,266,1,-1.0,-1.8369701987210297e-16,0.026779166666666666,0.017241111116666666,0.02484071428809524
House#42,2024-09-23,0.02715388888333333,1.629233333,1.629233333,Islamabad,Rented,6.0,6.0,0.0,5.0,1.0,0.0,8.0,8.0,2,Whole,2012.0,1 phase,10.0,Cemented,Cemented,Marble,Painted,Painted,7.0,10*11,1.0,6.0,2.0,Wooden,3.0,1,1.0,1,50.0,0,6.0,1.0,1,1.0,1.0,0.0,0.0,1.0,0.0,1.0,0.0,0.0,0,30.5125,22.2,36.9,55.77333333333333,20.175,0.0,5.545833333333333,1006.2291666666666,228.40833333333333,19.5,2.3333333333333335,2024,9,23,0,267,0,-1.0,-1.8369701987210297e-16,0.025469166666666664,0.026752777783333334,0.026016150795238096
House#42,2024-09-24,0.026635277783333335,1.598116667,1.598116667,Islamabad,Rented,6.0,6.0,0.0,5.0,1.0,0.0,8.0,8.0,2,Whole,2012.0,1 phase,10.0,Cemented,Cemented,Marble,Painted,Painted,7.0,10*11,1.0,6.0,2.0,Wooden,3.0,1,1.0,1,50.0,0,6.0,1.0,1,1.0,1.0,0.0,0.0,1.0,0.0,1.0,0.0,0.0,0,30.52916666666667,18.8,37.8,54.524166666666666,19.591666666666665,0.0,5.733333333333333,1004.2458333333334,228.725,19.7,2.3333333333333335,2024,9,24,1,268,0,-1.0,-1.8369701987210297e-16,0.02715388888333333,0.02801666666666667,0.02607345238095238
House#42,2024-09-25,0.024661388883333336,1.479683333,1.479683333,Islamabad,Rented,6.0,6.0,0.0,5.0,1.0,0.0,8.0,8.0,2,Whole,2012.0,1 phase,10.0,Cemented,Cemented,Marble,Painted,Painted,7.0,10*11,1.0,6.0,2.0,Wooden,3.0,1,1.0,1,50.0,0,6.0,1.0,1,1.0,1.0,0.0,0.0,1.0,0.0,1.0,0.0,0.0,0,31.25,19.4,37.6,53.77166666666667,20.270833333333332,0.0,5.9875,1004.0500000000001,208.35833333333335,18.0,2.0833333333333335,2024,9,25,2,269,0,-1.0,-1.8369701987210297e-16,0.026635277783333335,0.028066111116666667,0.025876111111904763
House#42,2024-09-26,0.038709722216666666,2.322583333,2.322583333,Islamabad,Rented,6.0,6.0,0.0,5.0,1.0,0.0,8.0,8.0,2,Whole,2012.0,1 phase,10.0,Cemented,Cemented,Marble,Painted,Painted,7.0,10*11,1.0,6.0,2.0,Wooden,3.0,1,1.0,1,50.0,0,6.0,1.0,1,1.0,1.0,0.0,0.0,1.0,0.0,1.0,0.0,0.0,0,28.395833333333332,19.0,34.7,64.90291666666667,21.045833333333334,0.388,8.104166666666666,1004.5875,172.88750000000002,15.0,1.7083333333333333,2024,9,26,3,270,0,-1.0,-1.8369701987210297e-16,0.024661388883333336,0.0239275,0.02538972222142857
House#42,2024-09-27,0.03081527778333333,1.848916667,1.848916667,Islamabad,Rented,6.0,6.0,0.0,5.0,1.0,0.0,8.0,8.0,2,Whole,2012.0,1 phase,10.0,Cemented,Cemented,Marble,Painted,Painted,7.0,10*11,1.0,6.0,2.0,Wooden,3.0,1,1.0,1,50.0,0,6.0,1.0,1,1.0,1.0,0.0,0.0,1.0,0.0,1.0,0.0,0.0,0,24.775000000000002,18.0,29.4,75.50833333333334,19.870833333333334,34.45,9.604166666666666,1005.9166666666666,151.49583333333334,13.1,1.5,2024,9,27,4,271,0,-1.0,-1.8369701987210297e-16,0.038709722216666666,0.02310166666666667,0.027501468252380954
House#42,2024-09-28,0.011856388883333334,0.711383333,0.711383333,Islamabad,Rented,6.0,6.0,0.0,5.0,1.0,0.0,8.0,8.0,2,Whole,2012.0,1 phase,10.0,Cemented,Cemented,Marble,Painted,Painted,7.0,10*11,1.0,6.0,2.0,Wooden,3.0,1,1.0,1,50.0,0,6.0,1.0,1,1.0,1.0,0.0,0.0,1.0,0.0,1.0,0.0,0.0,0,25.025000000000002,17.7,29.6,74.56,19.875,2.0860000000000003,6.7250000000000005,1007.3666666666667,209.38750000000002,18.1,2.0833333333333335,2024,9,28,5,272,1,-1.0,-1.8369701987210297e-16,0.03081527778333333,0.026779166666666666,0.028603412697619044
House#42,2024-09-29,0.01655944445,0.993566667,0.993566667,Islamabad,Rented,6.0,6.0,0.0,5.0,1.0,0.0,8.0,8.0,2,Whole,2012.0,1 phase,10.0,Cemented,Cemented,Marble,Painted,Painted,7.0,10*11,1.0,6.0,2.0,Wooden,3.0,1,1.0,1,50.0,0,6.0,1.0,1,1.0,1.0,0.0,0.0,1.0,0.0,1.0,0.0,0.0,0,25.433333333333334,18.0,30.8,74.40041666666667,20.2625,0.0,5.1625000000000005,1010.3249999999999,218.00833333333333,18.9,2.125,2024,9,29,6,273,1,-1.0,-1.8369701987210297e-16,0.011856388883333334,0.025469166666666664,0.0264715873
House#42,2024-09-30,0.016472499999999998,0.98835,0.98835,Islamabad,Rented,6.0,6.0,0.0,5.0,1.0,0.0,8.0,8.0,2,Whole,2012.0,1 phase,10.0,Cemented,Cemented,Marble,Painted,Painted,7.0,10*11,1.0,6.0,2.0,Wooden,3.0,1,1.0,1,50.0,0,6.0,1.0,1,1.0,1.0,0.0,0.0,1.0,0.0,1.0,0.0,0.0,0,25.84166666666667,19.8,32.0,68.73125,19.224999999999998,0.0,8.120833333333334,1009.0833333333334,230.00833333333333,19.9,2.3333333333333335,2024,9,30,0,274,0,-1.0,-1.8369701987210297e-16,0.01655944445,0.02715388888333333,0.02519876984047619
House#42,2024-10-01,0.029213611116666666,1.752816667,1.752816667,Islamabad,Rented,6.0,6.0,0.0,5.0,1.0,0.0,8.0,8.0,2,Whole,2012.0,1 phase,10.0,Cemented,Cemented,Marble,Painted,Painted,7.0,10*11,1.0,6.0,2.0,Wooden,3.0,1,1.0,1,50.0,0,6.0,1.0,1,1.0,1.0,0.0,0.0,1.0,0.0,1.0,0.0,0.0,0,26.879166666666666,21.3,33.5,55.70666666666667,16.595833333333335,0.0,8.0625,1005.5666666666666,231.57500000000002,20.099999999999998,2.3333333333333335,2024,10,1,1,275,0,-0.8660254037844386,0.5000000000000001,0.016472499999999998,0.026635277783333335,0.02367285714285714
House#42,2024-10-02,0.014790833333333333,0.88745,0.88745,Islamabad,Rented,6.0,6.0,0.0,5.0,1.0,0.0,8.0,8.0,2,Whole,2012.0,1 phase,10.0,Cemented,Cemented,Marble,Painted,Painted,7.0,10*11,1.0,6.0,2.0,Wooden,3.0,1,1.0,1,50.0,0,6.0,1.0,1,1.0,1.0,0.0,0.0,1.0,0.0,1.0,0.0,0.0,0,25.933333333333334,20.9,32.3,48.67541666666667,13.558333333333332,0.0,6.654166666666666,1005.6791666666667,233.625,20.3,2.2916666666666665,2024,10,2,2,276,0,-0.8660254037844386,0.5000000000000001,0.029213611116666666,0.024661388883333336,0.024041190476190473
House#42,2024-10-03,0.015172222216666666,0.910333333,0.910333333,Islamabad,Rented,6.0,6.0,0.0,5.0,1.0,0.0,8.0,8.0,2,Whole,2012.0,1 phase,10.0,Cemented,Cemented,Marble,Painted,Painted,7.0,10*11,1.0,6.0,2.0,Wooden,3.0,1,1.0,1,50.0,0,6.0,1.0,1,1.0,1.0,0.0,0.0,1.0,0.0,1.0,0.0,0.0,0,26.504166666666666,16.0,33.8,50.79916666666667,14.945833333333333,0.0,6.2749999999999995,1004.5124999999999,223.7125,19.4,2.2083333333333335,2024,10,3,3,277,0,-0.8660254037844386,0.5000000000000001,0.014790833333333333,0.038709722216666666,0.022631111111904762
House#42,2024-10-04,0.012205277783333333,0.732316667,0.732316667,Islamabad,Rented,6.0,6.0,0.0,5.0,1.0,0.0,8.0,8.0,2,Whole,2012.0,1 phase,10.0,Cemented,Cemented,Marble,Painted,Painted,7.0,10*11,1.0,6.0,2.0,Wooden,3.0,1,1.0,1,50.0,0,6.0,1.0,1,1.0,1.0,0.0,0.0,1.0,0.0,1.0,0.0,0.0,0,26.820833333333336,21.8,33.7,58.79958333333334,17.633333333333333,1.5,5.295833333333333,1005.475,205.975,17.9,2.0833333333333335,2024,10,4,4,278,0,-0.8660254037844386,0.5000000000000001,0.015172222216666666,0.03081527778333333,0.01926861111190476
House#42,2024-10-05,0.019840833333333332,1.19045,1.19045,Islamabad,Rented,6.0,6.0,0.0,5.0,1.0,0.0,8.0,8.0,2,Whole,2012.0,1 phase,10.0,Cemented,Cemented,Marble,Painted,Painted,7.0,10*11,1.0,6.0,2.0,Wooden,3.0,1,1.0,1,50.0,0,6.0,1.0,1,1.0,1.0,0.0,0.0,1.0,0.0,1.0,0.0,0.0,0,26.070833333333336,12.8,32.0,54.07208333333333,15.033333333333333,6.814,8.829166666666667,1007.7791666666667,206.79166666666666,17.8,2.0833333333333335,2024,10,5,5,279,1,-0.8660254037844386,0.5000000000000001,0.012205277783333333,0.011856388883333334,0.016610039683333334
House#42,2024-10-06,0.014995555550000001,0.899733333,0.899733333,Islamabad,Rented,6.0,6.0,0.0,5.0,1.0,0.0,8.0,8.0,2,Whole,2012.0,1 phase,10.0,Cemented,Cemented,Marble,Painted,Painted,7.0,10*11,1.0,6.0,2.0,Wooden,3.0,1,1.0,1,50.0,0,6.0,1.0,1,1.0,1.0,0.0,0.0,1.0,0.0,1.0,0.0,0.0,0,23.90416666666667,17.9,29.7,59.01083333333333,14.991666666666667,45.082,6.658333333333334,1013.1791666666667,219.4333333333333,18.9,2.125,2024,10,6,6,280,1,-0.8660254037844386,0.5000000000000001,0.019840833333333332,0.01655944445,0.017750674604761905
House#42,2024-10-07,0.013618611116666667,0.817116667,0.817116667,Islamabad,Rented,6.0,6.0,0.0,5.0,1.0,0.0,8.0,8.0,2,Whole,2012.0,1 phase,10.0,Cemented,Cemented,Marble,Painted,Painted,7.0,10*11,1.0,6.0,2.0,Wooden,3.0,1,1.0,1,50.0,0,6.0,1.0,1,1.0,1.0,0.0,0.0,1.0,0.0,1.0,0.0,0.0,0,24.208333333333332,19.2,30.5,61.310833333333335,15.754166666666668,0.0,7.054166666666667,1014.2208333333333,214.65416666666667,18.5,2.125,2024,10,7,0,281,0,-0.8660254037844386,0.5000000000000001,0.014995555550000001,0.016472499999999998,0.017527261904761903
House#42,2024-10-08,0.00987555555,0.592533333,0.592533333,Islamabad,Rented,6.0,6.0,0.0,5.0,1.0,0.0,8.0,8.0,2,Whole,2012.0,1 phase,10.0,Cemented,Cemented,Marble,Painted,Painted,7.0,10*11,1.0,6.0,2.0,Wooden,3.0,1,1.0,1,50.0,0,6.0,1.0,1,1.0,1.0,0.0,0.0,1.0,0.0,1.0,0.0,0.0,0,23.09166666666667,17.0,29.6,63.94,15.620833333333335,1.1,6.879166666666666,1014.9208333333332,176.75833333333333,15.3,1.75,2024,10,8,1,282,0,-0.8660254037844386,0.5000000000000001,0.013618611116666667,0.029213611116666666,0.01711956349285714
House#42,2024-10-09,0.008557222216666667,0.513433333,0.513433333,Islamabad,Rented,6.0,6.0,0.0,5.0,1.0,0.0,8.0,8.0,2,Whole,2012.0,1 phase,10.0,Cemented,Cemented,Marble,Painted,Painted,7.0,10*11,1.0,6.0,2.0,Wooden,3.0,1,1.0,1,50.0,0,6.0,1.0,1,1.0,1.0,0.0,0.0,1.0,0.0,1.0,0.0,0.0,0,22.954166666666666,18.2,29.0,61.03666666666666,14.379166666666668,0.063,8.483333333333333,1012.7083333333334,215.90416666666667,18.6,2.0416666666666665,2024,10,9,2,283,0,-0.8660254037844386,0.5000000000000001,0.00987555555,0.014790833333333333,0.014356984126190476
House#42,2024-10-10,0.009323611116666667,0.559416667,0.559416667,Islamabad,Rented,6.0,6.0,0.0,5.0,1.0,0.0,8.0,8.0,2,Whole,2012.0,1 phase,10.0,Cemented,Cemented,Marble,Painted,Painted,7.0,10*11,1.0,6.0,2.0,Wooden,3.0,1,1.0,1,50.0,0,6.0,1.0,1,1.0,1.0,0.0,0.0,1.0,0.0,1.0,0.0,0.0,0,23.366666666666664,18.2,29.9,56.15,13.391666666666666,0.0,6.408333333333334,1011.4208333333332,218.42499999999998,18.8,2.1666666666666665,2024,10,10,3,284,0,-0.8660254037844386,0.5000000000000001,0.008557222216666667,0.015172222216666666,0.01346646825238095
House#42,2024-10-11,0.009258333333333334,0.5555,0.5555,Islamabad,Rented,6.0,6.0,0.0,5.0,1.0,0.0,8.0,8.0,2,Whole,2012.0,1 phase,10.0,Cemented,Cemented,Marble,Painted,Painted,7.0,10*11,1.0,6.0,2.0,Wooden,3.0,1,1.0,1,50.0,0,6.0,1.0,1,1.0,1.0,0.0,0.0,1.0,0.0,1.0,0.0,0.0,0,23.416666666666668,17.4,31.3,54.013749999999995,12.779166666666667,0.0,6.6375,1010.6291666666666,218.86666666666667,18.900000000000002,2.1666666666666665,2024,10,11,4,285,0,-0.8660254037844386,0.5000000000000001,0.009323611116666667,0.012205277783333333,0.01263095238095238
House#42,2024-10-12,0.00800055555,0.480033333,0.480033333,Islamabad,Rented,6.0,6.0,0.0,5.0,1.0,0.0,8.0,8.0,2,Whole,2012.0,1 phase,10.0,Cemented,Cemented,Marble,Painted,Painted,7.0,10*11,1.0,6.0,2.0,Wooden,3.0,1,1.0,1,50.0,0,6.0,1.0,1,1.0,1.0,0.0,0.0,1.0,0.0,1.0,0.0,0.0,0,24.004166666666666,17.5,31.4,51.97416666666667,12.670833333333334,0.0,5.3625,1010.7541666666666,213.0625,18.5,2.0833333333333335,2024,10,12,5,286,1,-0.8660254037844386,0.5000000000000001,0.009258333333333334,0.019840833333333332,0.012209960316666667
House#42,2024-10-13,0.006243333333333333,0.3746,0.3746,Islamabad,Rented,6.0,6.0,0.0,5.0,1.0,0.0,8.0,8.0,2,Whole,2012.0,1 phase,10.0,Cemented,Cemented,Marble,Painted,Painted,7.0,10*11,1.0,6.0,2.0,Wooden,3.0,1,1.0,1,50.0,0,6.0,1.0,1,1.0,1.0,0.0,0.0,1.0,0.0,1.0,0.0,0.0,0,23.933333333333334,18.0,31.1,43.47291666666666,9.7875,0.0,6.5125,1011.6333333333333,211.95833333333334,18.3,2.1666666666666665,2024,10,13,6,287,1,-0.8660254037844386,0.5000000000000001,0.00800055555,0.014995555550000001,0.010518492061904763
House#42,2024-10-14,0.004271111116666667,0.256266667,0.256266667,Islamabad,Rented,6.0,6.0,0.0,5.0,1.0,0.0,8.0,8.0,2,Whole,2012.0,1 phase,10.0,Cemented,Cemented,Marble,Painted,Painted,7.0,10*11,1.0,6.0,2.0,Wooden,3.0,1,1.0,1,50.0,0,6.0,1.0,1,1.0,1.0,0.0,0.0,1.0,0.0,1.0,0.0,0.0,0,24.129166666666666,18.8,30.9,49.83291666666667,12.458333333333334,0.0,7.0375000000000005,1012.7624999999999,200.5666666666667,17.3,2.0,2024,10,14,0,288,0,-0.8660254037844386,0.5000000000000001,0.006243333333333333,0.013618611116666667,0.009268174602380953
House#42,2024-10-15,0.006022777783333333,0.361366667,0.361366667,Islamabad,Rented,6.0,6.0,0.0,5.0,1.0,0.0,8.0,8.0,2,Whole,2012.0,1 phase,10.0,Cemented,Cemented,Marble,Painted,Painted,7.0,10*11,1.0,6.0,2.0,Wooden,3.0,1,1.0,1,50.0,0,6.0,1.0,1,1.0,1.0,0.0,0.0,1.0,0.0,1.0,0.0,0.0,0,23.883333333333336,15.5,31.5,53.594166666666666,12.983333333333334,0.0,6.6375,1011.3333333333334,202.9416666666667,17.4,2.0,2024,10,15,1,289,0,-0.8660254037844386,0.5000000000000001,0.004271111116666667,0.00987555555,0.00793281745952381
House#42,2024-10-16,0.008005277783333332,0.480316667,0.480316667,Islamabad,Rented,6.0,6.0,0.0,5.0,1.0,0.0,8.0,8.0,2,Whole,2012.0,1 phase,10.0,Cemented,Cemented,Marble,Painted,Painted,7.0,10*11,1.0,6.0,2.0,Wooden,3.0,1,1.0,1,50.0,0,6.0,1.0,1,1.0,1.0,0.0,0.0,1.0,0.0,1.0,0.0,0.0,0,24.4875,18.6,32.1,50.552083333333336,12.8375,0.0,6.1499999999999995,1009.7583333333333,198.725,17.0,1.9166666666666667,2024,10,16,2,290,0,-0.8660254037844386,0.5000000000000001,0.006022777783333333,0.008557222216666667,0.007382420635714286
House#42,2024-10-17,0.012274166666666668,0.73645,0.73645,Islamabad,Rented,6.0,6.0,0.0,5.0,1.0,0.0,8.0,8.0,2,Whole,2012.0,1 phase,10.0,Cemented,Cemented,Marble,Painted,Painted,7.0,10*11,1.0,6.0,2.0,Wooden,3.0,1,1.0,1,50.0,0,6.0,1.0,1,1.0,1.0,0.0,0.0,1.0,0.0,1.0,0.0,0.0,0,24.445833333333336,19.5,31.2,50.88125,13.125,0.0,6.3125,1011.0791666666668,192.57500000000002,16.6,1.875,2024,10,17,3,291,0,-0.8660254037844386,0.5000000000000001,0.008005277783333332,0.009323611116666667,0.007303571430952381
House#42,2024-10-18,0.009559444450000001,0.573566667,0.573566667,Islamabad,Rented,6.0,6.0,0.0,5.0,1.0,0.0,8.0,8.0,2,Whole,2012.0,1 phase,10.0,Cemented,Cemented,Marble,Painted,Painted,7.0,10*11,1.0,6.0,2.0,Wooden,3.0,1,1.0,1,50.0,0,6.0,1.0,1,1.0,1.0,0.0,0.0,1.0,0.0,1.0,0.0,0.0,0,23.974999999999998,19.2,31.7,53.97541666666667,13.525,0.0,6.329166666666667,1011.4208333333332,186.6208333333333,16.1,1.8333333333333333,2024,10,18,4,292,0,-0.8660254037844386,0.5000000000000001,0.012274166666666668,0.009258333333333334,0.007725079366666667
House#42,2024-10-19,0.003997777783333333,0.239866667,0.239866667,Islamabad,Rented,6.0,6.0,0.0,5.0,1.0,0.0,8.0,8.0,2,Whole,2012.0,1 phase,10.0,Cemented,Cemented,Marble,Painted,Painted,7.0,10*11,1.0,6.0,2.0,Wooden,3.0,1,1.0,1,50.0,0,6.0,1.0,1,1.0,1.0,0.0,0.0,1.0,0.0,1.0,0.0,0.0,0,23.304166666666664,16.4,31.4,56.331250000000004,13.320833333333333,0.0,4.516666666666667,1011.6416666666668,190.02916666666667,16.4,1.875,2024,10,19,5,293,1,-0.8660254037844386,0.5000000000000001,0.009559444450000001,0.00800055555,0.007768095240476191
House#42,2024-10-20,0.01132055555,0.679233333,0.679233333,Islamabad,Rented,6.0,6.0,0.0,5.0,1.0,0.0,8.0,8.0,2,Whole,2012.0,1 phase,10.0,Cemented,Cemented,Marble,Painted,Painted,7.0,10*11,1.0,6.0,2.0,Wooden,3.0,1,1.0,1,50.0,0,6.0,1.0,1,1.0,1.0,0.0,0.0,1.0,0.0,1.0,0.0,0.0,0,23.7375,17.2,30.3,59.13041666666667,14.8375,0.0,5.8875,1012.8874999999999,178.79999999999998,15.5,1.7916666666666667,2024,10,20,6,294,1,-0.8660254037844386,0.5000000000000001,0.003997777783333333,0.006243333333333333,0.007196269845238095
House#42,2024-10-21,0.00778194445,0.466916667,0.466916667,Islamabad,Rented,6.0,6.0,0.0,5.0,1.0,0.0,8.0,8.0,2,Whole,2012.0,1 phase,10.0,Cemented,Cemented,Marble,Painted,Painted,7.0,10*11,1.0,6.0,2.0,Wooden,3.0,1,1.0,1,50.0,0,6.0,1.0,1,1.0,1.0,0.0,0.0,1.0,0.0,1.0,0.0,0.0,0,23.400000000000002,13.3,29.0,48.099583333333335,10.620833333333334,0.0,6.8125,1013.4499999999999,184.08333333333334,16.0,1.7916666666666667,2024,10,21,0,295,0,-0.8660254037844386,0.5000000000000001,0.01132055555,0.004271111116666667,0.007921587304761906
House#42,2024-10-22,0.01127444445,0.676466667,0.676466667,Islamabad,Rented,6.0,6.0,0.0,5.0,1.0,0.0,8.0,8.0,2,Whole,2012.0,1 phase,10.0,Cemented,Cemented,Marble,Painted,Painted,7.0,10*11,1.0,6.0,2.0,Wooden,3.0,1,1.0,1,50.0,0,6.0,1.0,1,1.0,1.0,0.0,0.0,1.0,0.0,1.0,0.0,0.0,0,23.454166666666666,17.7,29.6,56.651250000000005,13.9,0.0,6.0375000000000005,1014.6541666666667,166.525,14.4,1.625,2024,10,22,1,296,0,-0.8660254037844386,0.5000000000000001,0.00778194445,0.006022777783333333,0.008423134923809524
House#42,2024-10-23,0.01230444445,0.738266667,0.738266667,Islamabad,Rented,6.0,6.0,0.0,5.0,1.0,0.0,8.0,8.0,2,Whole,2012.0,1 phase,10.0,Cemented,Cemented,Marble,Painted,Painted,7.0,10*11,1.0,6.0,2.0,Wooden,3.0,1,1.0,1,50.0,0,6.0,1.0,1,1.0,1.0,0.0,0.0,1.0,0.0,1.0,0.0,0.0,0,22.72083333333333,18.9,28.4,63.09375,15.049999999999999,0.219,7.241666666666667,1015.1416666666668,160.86666666666667,13.8,1.5833333333333333,2024,10,23,2,297,0,-0.8660254037844386,0.5000000000000001,0.01127444445,0.008005277783333332,0.00917337301904762
House#42,2024-10-24,0.009843888883333334,0.590633333,0.590633333,Islamabad,Rented,6.0,6.0,0.0,5.0,1.0,0.0,8.0,8.0,2,Whole,2012.0,1 phase,10.0,Cemented,Cemented,Marble,Painted,Painted,7.0,10*11,1.0,6.0,2.0,Wooden,3.0,1,1.0,1,50.0,0,6.0,1.0,1,1.0,1.0,0.0,0.0,1.0,0.0,1.0,0.0,0.0,0,22.495833333333334,16.8,30.1,59.58958333333334,13.5,0.0,8.795833333333333,1014.025,184.64166666666668,16.0,1.8333333333333333,2024,10,24,3,298,0,-0.8660254037844386,0.5000000000000001,0.01230444445,0.012274166666666668,0.009787539685714287
House#42,2024-10-25,0.008167222216666667,0.490033333,0.490033333,Islamabad,Rented,6.0,6.0,0.0,5.0,1.0,0.0,8.0,8.0,2,Whole,2012.0,1 phase,10.0,Cemented,Cemented,Marble,Painted,Painted,7.0,10*11,1.0,6.0,2.0,Wooden,3.0,1,1.0,1,50.0,0,6.0,1.0,1,1.0,1.0,0.0,0.0,1.0,0.0,1.0,0.0,0.0,0,22.6875,13.8,30.7,55.548750000000005,12.479166666666666,0.0,7.029166666666666,1012.225,189.0666666666667,16.4,1.9166666666666667,2024,10,25,4,299,0,-0.8660254037844386,0.5000000000000001,0.009843888883333334,0.009559444450000001,0.009440357145238096
House#42,2024-10-26,0.00991805555,0.595083333,0.595083333,Islamabad,Rented,6.0,6.0,0.0,5.0,1.0,0.0,8.0,8.0,2,Whole,2012.0,1 phase,10.0,Cemented,Cemented,Marble,Painted,Painted,7.0,10*11,1.0,6.0,2.0,Wooden,3.0,1,1.0,1,50.0,0,6.0,1.0,1,1.0,1.0,0.0,0.0,1.0,0.0,1.0,0.0,0.0,0,23.308333333333334,12.2,32.1,51.502916666666664,11.795833333333334,0.0,7.320833333333333,1011.0166666666668,183.85416666666666,16.1,1.7916666666666667,2024,10,26,5,300,1,-0.8660254037844386,0.5000000000000001,0.008167222216666667,0.003997777783333333,0.009241468254761905
House#42,2024-10-27,0.008298611116666667,0.497916667,0.497916667,Islamabad,Rented,6.0,6.0,0.0,5.0,1.0,0.0,8.0,8.0,2,Whole,2012.0,1 phase,10.0,Cemented,Cemented,Marble,Painted,Painted,7.0,10*11,1.0,6.0,2.0,Wooden,3.0,1,1.0,1,50.0,0,6.0,1.0,1,1.0,1.0,0.0,0.0,1.0,0.0,1.0,0.0,0.0,0,22.954166666666666,14.0,30.7,51.86166666666667,11.862499999999999,0.0,4.933333333333334,1010.3916666666668,170.125,14.6,1.7083333333333333,2024,10,27,6,301,1,-0.8660254037844386,0.5000000000000001,0.00991805555,0.01132055555,0.010087222221428573
House#42,2024-10-28,0.0075386111166666665,0.452316667,0.452316667,Islamabad,Rented,6.0,6.0,0.0,5.0,1.0,0.0,8.0,8.0,2,Whole,2012.0,1 phase,10.0,Cemented,Cemented,Marble,Painted,Painted,7.0,10*11,1.0,6.0,2.0,Wooden,3.0,1,1.0,1,50.0,0,6.0,1.0,1,1.0,1.0,0.0,0.0,1.0,0.0,1.0,0.0,0.0,0,23.537499999999998,18.2,28.8,46.6525,10.633333333333335,0.0,7.395833333333333,1009.5416666666666,171.79166666666666,14.9,1.7083333333333333,2024,10,28,0,302,0,-0.8660254037844386,0.5000000000000001,0.008298611116666667,0.00778194445,0.009655515873809525
House#42,2024-10-29,0.00988444445,0.593066667,0.593066667,Islamabad,Rented,6.0,6.0,0.0,5.0,1.0,0.0,8.0,8.0,2,Whole,2012.0,1 phase,10.0,Cemented,Cemented,Marble,Painted,Painted,7.0,10*11,1.0,6.0,2.0,Wooden,3.0,1,1.0,1,50.0,0,6.0,1.0,1,1.0,1.0,0.0,0.0,1.0,0.0,1.0,0.0,0.0,0,22.0,19.6,26.9,66.42208333333333,15.125,0.5549999999999999,8.345833333333333,1011.3625000000001,99.92083333333333,8.6,0.9583333333333334,2024,10,29,1,303,0,-0.8660254037844386,0.5000000000000001,0.0075386111166666665,0.01127444445,0.00962075396904762
House#42,2024-10-30,0.010346388883333333,0.620783333,0.620783333,Islamabad,Rented,6.0,6.0,0.0,5.0,1.0,0.0,8.0,8.0,2,Whole,2012.0,1 phase,10.0,Cemented,Cemented,Marble,Painted,Painted,7.0,10*11,1.0,6.0,2.0,Wooden,3.0,1,1.0,1,50.0,0,6.0,1.0,1,1.0,1.0,0.0,0.0,1.0,0.0,1.0,0.0,0.0,0,21.666666666666668,14.1,27.7,65.21416666666667,14.458333333333334,1.438,8.941666666666666,1013.1416666666668,167.11666666666667,14.5,1.625,2024,10,30,2,304,0,-0.8660254037844386,0.5000000000000001,0.00988444445,0.01230444445,0.009422182540476191
